#{"t_start": 1781182046.04244, "env_id": "None"}
r,l,t
51.888345,238,9.17087
-19.970306,300,12.432036
53.249533,155,14.053761
-1.784256,300,17.139904
51.310557,169,19.129948
-12.10756,300,22.324856
-0.930837,300,25.651685
-9.462237,300,28.837461
1.292054,300,32.035797
52.511036,253,34.851048
53.160565,167,36.761801
1.9183,300,39.793857
-1.291025,300,42.971462
-1.172871,300,45.742691
51.736737,262,48.343487
0.843253,300,51.441617
-8.531182,300,54.428071
-10.978648,300,57.445104
-1.632029,300,60.535727
52.054942,240,63.002635
-1.427751,300,66.11256
52.131516,207,67.953018
-6.759168,300,70.764807
-2.828094,300,73.628625
-0.601715,300,76.433545
2.130456,300,79.434331
-3.824163,300,82.793937
53.47475,155,84.8376
-0.996212,300,88.498168
-0.079096,300,92.189573
-1.181715,300,95.382827
-1.26857,300,98.635611
-23.286251,300,101.560273
1.699992,300,104.674211
-0.774134,300,107.730376
1.031962,300,110.71477
-14.834192,300,115.86058
-5.314884,300,118.835755
-14.256559,300,121.710353
-10.075256,300,124.636833
1.857536,300,127.578057
51.564966,229,129.931774
0.718402,300,132.990453
-1.388384,300,135.920374
-1.917816,300,138.815363
-14.507492,300,141.804734
1.059494,300,144.849033
-2.650169,300,147.874324
-10.143338,300,150.867656
53.081244,137,152.359316
-2.154172,300,155.522564
-1.83099,300,158.845642
0.138644,300,161.716615
-1.666569,300,165.014864
-14.87995,300,169.636663
-1.229492,300,174.068134
-0.115199,300,178.130394
-3.656153,300,181.225308
-2.281303,300,184.547139
-3.750521,300,187.773798
52.421524,146,189.303912
-9.767395,300,192.676583
-10.38534,300,195.609862
-0.649844,300,198.501792
51.845112,238,200.903493
1.752831,300,203.86041
-0.327419,300,206.744352
-10.012611,300,209.632224
53.159336,210,211.741063
-10.379081,300,214.744848
-13.329528,300,217.811289
51.988041,191,221.48106
-0.673926,300,224.818574
-1.597736,300,228.303935
-9.432843,300,231.556967
-0.573994,300,234.952822
52.362886,199,237.091964
-13.746286,300,240.587274
-14.634349,300,244.100485
-2.3543,300,247.382114
-15.899766,300,250.586695
-7.154664,300,253.860438
1.848204,300,257.050539
0.228815,300,260.218101
-3.375159,300,263.644964
-8.942041,300,266.85041
-0.507589,300,269.856181
-8.876399,300,272.984795
2.359887,300,276.387109
-16.062085,300,279.532214
-0.952202,300,282.50994
-0.790846,300,285.46962
53.161289,163,287.130569
1.137899,300,290.283661
53.148829,139,291.971854
-0.277625,300,295.333189
51.713838,250,298.210318
-1.927403,300,307.364411
-2.38672,300,310.588494
-2.204814,300,313.722782
52.740534,268,317.564864
0.433034,300,322.144797
2.488525,300,326.36096
-2.55283,300,330.511804
52.91392,290,334.571971
-1.127966,300,338.583291
-0.93163,300,345.067856
-0.649315,300,349.254454
-1.252247,300,353.408559
-0.010075,300,357.660407
52.016864,159,359.719926
-3.787034,300,363.710267
-3.453864,300,367.727388
-1.877364,300,371.787028
-0.894352,300,375.902854
-1.749503,300,379.859575
-0.623539,300,383.849493
-0.937967,300,387.550096
-1.533497,300,390.961409
-0.998418,300,394.120102
53.31134,157,395.985824
-8.699509,300,399.230907
52.200062,164,400.820662
-11.920548,300,403.600741
-4.708147,300,406.392627
1.058093,300,409.286966
53.084417,153,410.668276
-10.748619,300,413.485329
-13.747944,300,416.490721
-11.723205,300,419.348755
2.51129,300,422.140414
3.153208,300,424.982342
1.162646,300,427.778574
-6.5838,300,430.653049
-5.659089,300,433.70064
52.362545,184,435.536987
-15.834263,300,438.42593
-2.761611,300,441.441126
2.418881,300,444.225797
-0.499201,300,447.16
1.663246,300,450.020828
-15.178608,300,452.777029
-2.787419,300,457.406968
53.117745,157,458.820608
53.335415,154,460.195907
1.230958,300,462.96533
-16.0396,300,465.748572
-17.08451,300,468.64198
1.954305,300,471.521537
52.21701,186,473.314817
-0.474215,300,476.246223
53.243935,273,478.782837
53.158565,148,480.164654
-9.539967,300,482.941401
-2.01631,300,485.63687
52.449269,195,487.409248
-6.620673,300,490.349672
-1.680622,300,493.315317
-1.497142,300,496.072924
52.661575,158,497.661116
1.335614,300,500.508519
-1.008877,300,503.538931
-1.071518,300,506.207844
53.049897,178,507.841165
-1.373874,300,510.559883
-1.362309,300,513.4149
-1.185255,300,516.374204
-11.787643,300,519.246891
-2.076055,300,522.183317
-9.662772,300,525.19706
-0.365226,300,528.000725
52.452682,178,529.730572
53.084106,206,531.766807
-4.304791,300,534.73339
-10.633076,300,537.64588
2.961618,300,540.548056
53.242886,183,542.620879
-0.43068,300,545.913839
-2.715033,300,548.838011
1.545527,300,553.352293
1.911545,300,556.284327
-0.830238,300,559.318451
-8.871965,300,562.525855
0.000231,300,565.639116
-3.556721,300,568.363855
-1.050334,300,571.145998
53.411851,180,572.858448
-1.978866,300,575.699357
-2.717691,300,578.454988
-1.243583,300,581.643188
-1.228517,300,584.744472
-2.099954,300,587.655236
53.132895,158,589.147107
-0.393322,300,591.97964
-1.198971,300,594.924353
52.783435,174,596.54749
-8.714392,300,599.512786
-1.219623,300,602.674938
1.063976,300,605.712369
-1.37881,300,608.485141
-1.984262,300,611.399301
-0.214976,300,614.31487
-1.532832,300,617.07325
-4.906362,300,619.936735
-12.948698,300,622.682434
-1.27583,300,625.511187
-1.471016,300,628.292125
-6.38518,300,631.128913
1.091454,300,634.125031
-1.993713,300,637.237249
-1.028017,300,640.154988
-4.349391,300,643.243855
52.355688,175,644.963176
52.083899,198,647.165402
53.187047,260,649.85031
53.614186,181,653.571782
-3.927216,300,656.667598
-1.278536,300,659.771127
-1.672203,300,662.872918
-6.876734,300,665.881579
-1.73812,300,669.245011
2.27935,300,673.045582
-4.185846,300,676.389867
-2.150071,300,679.862968
-5.306631,300,683.464385
-1.592404,300,687.034393
-0.517397,300,690.647385
-12.007752,300,693.754451
-2.229503,300,697.118655
-7.536181,300,700.594898
-1.763002,300,703.833363
53.166996,199,705.661478
52.286458,179,707.433631
-0.964611,300,710.408419
-3.697075,300,713.346884
-17.48282,300,716.355796
-5.308167,300,719.108499
-0.406005,300,721.929067
-20.069686,300,724.846806
-3.90633,300,727.868768
-3.544782,300,731.098037
-1.864296,300,734.017547
0.148995,300,736.744545
-0.973104,300,740.521641
52.357109,218,742.812123
-0.851949,300,893.634662
-5.502078,300,898.082664
53.590125,165,900.575211
-14.181793,300,905.310923
-8.902519,300,910.912831
-2.889325,300,918.600437
-3.785368,300,923.070357
-1.664374,300,926.763173
51.596775,225,929.582737
-3.575761,300,932.998427
50.799936,241,935.559852
52.109092,145,937.070532
-0.844707,300,940.324918
-11.013758,300,943.400571
-2.050204,300,946.542177
-32.856495,300,949.891938
-1.828367,300,953.175125
51.197923,266,956.194836
-15.412213,300,959.556221
-9.737119,300,962.795386
-2.1065,300,966.0415
-5.56333,300,969.470418
-4.149585,300,972.745799
-0.292998,300,976.176242
-1.429412,300,979.554016
-8.061744,300,982.806047
-8.809643,300,986.068458
-2.104763,300,989.368507
-0.789584,300,992.676693
-1.222458,300,995.902473
-4.362806,300,999.034255
1.492601,300,1002.13254
1.043327,300,1005.420246
-13.359618,300,1008.610404
-1.231756,300,1011.887053
-0.842485,300,1015.168648
-2.175594,300,1018.38508
-13.146229,300,1021.476111
-9.09387,300,1024.63105
-1.049887,300,1030.299433
-42.768573,300,1033.464654
-1.146026,300,1036.567388
0.804055,300,1039.82494
-36.101704,300,1043.157845
-0.763809,300,1046.636569
-4.394055,300,1050.452404
-4.876501,300,1053.739028
-10.435302,300,1057.259462
-0.638186,300,1060.718706
-0.62483,300,1064.001366
-0.194361,300,1067.221673
-25.751818,300,1070.414194
-2.26357,300,1073.684326
-0.951179,300,1077.105226
-12.705714,300,1081.616857
-3.02713,300,1127.503443
-22.132737,300,1132.099637
-1.197473,300,1135.899759
-13.485265,300,1139.166564
51.643212,269,1142.012114
52.7768,180,1147.484367
-1.906357,300,1152.122938
-12.991142,300,1155.03445
-5.62156,300,1157.769192
-0.927728,300,1160.464799
-25.113601,300,1163.105406
-0.771849,300,1165.83341
-3.9351,300,1168.517923
52.495406,182,1170.217338
-5.087858,300,1172.896921
-0.879494,300,1175.589541
-1.682129,300,1178.413663
-18.699206,300,1181.334951
-0.375491,300,1184.022364
-22.382405,300,1188.526843
-8.074202,300,1191.440035
-1.462413,300,1194.642859
-17.60058,300,1197.608999
0.519341,300,1200.343327
-0.409916,300,1203.197949
-17.911211,300,1206.078382
0.668625,300,1208.771312
-1.225672,300,1211.506157
-19.530408,300,1214.349912
-18.950114,300,1217.263409
53.280062,160,1218.803699
-13.821276,300,1221.654504
-10.78235,300,1224.384121
-13.988448,300,1227.126418
-5.736852,300,1229.822072
-0.987953,300,1232.633566
-5.058936,300,1235.331093
-6.525025,300,1238.145342
-22.319108,300,1240.956194
-32.178752,300,1243.745132
1.333557,300,1246.568746
-0.210086,300,1249.503603
-5.018039,300,1252.367499
53.511364,135,1253.731066
53.550489,130,1255.345222
-2.709016,300,1258.595506
1.466666,300,1261.532158
-4.723478,300,1264.442647
53.35269,163,1266.096901
-2.037131,300,1269.000459
1.471498,300,1272.001269
1.731259,300,1274.857648
-24.35559,300,1277.689617
-2.373227,300,1280.674649
52.57342,161,1282.282965
-4.532428,300,1286.927162
1.205344,300,1289.68342
-1.25156,300,1292.621593
-1.839823,300,1295.53626
-2.319435,300,1298.379167
51.845353,156,1299.829116
0.934819,300,1302.758524
-4.01108,300,1305.4899
0.210049,300,1308.369151
-6.041654,300,1311.337026
-1.938604,300,1314.029788
-1.618798,300,1316.799222
-1.586938,300,1319.503559
-1.009132,300,1322.292369
-1.174917,300,1325.227486
-4.407877,300,1328.064396
-1.158361,300,1330.882018
-1.95095,300,1333.709655
-3.100574,300,1336.604587
-4.049948,300,1339.686966
-0.926837,300,1342.647567
-13.02191,300,1345.489605
-0.798486,300,1348.454953
-2.040931,300,1351.271882
-1.385743,300,1354.197994
-3.342188,300,1357.0834
1.065965,300,1359.95072
-0.491925,300,1362.773257
52.893666,192,1364.595287
0.362233,300,1367.365619
-3.104734,300,1370.294465
-1.669521,300,1373.202314
-1.083102,300,1376.156411
-2.863614,300,1378.903207
-1.061158,300,1383.68737
-1.894191,300,1386.511375
-1.273468,300,1389.766249
-1.515403,300,1392.949616
-0.59942,300,1396.24398
-2.4822,300,1399.20574
-3.971271,300,1402.040824
-0.665963,300,1404.898811
-0.173532,300,1407.690561
52.840296,136,1408.879997
-2.221763,300,1411.499061
-1.709625,300,1414.409024
-1.901694,300,1417.605096
-8.244861,300,1420.606966
-1.362374,300,1423.595858
0.987692,300,1426.413885
1.592771,300,1429.452391
52.371379,141,1431.009778
-1.090372,300,1434.130592
52.973546,161,1436.219826
52.457542,168,1438.05698
51.265999,166,1439.724851
-0.44637,300,1443.12934
0.116214,300,1446.2065
-1.474941,300,1449.141382
52.919865,158,1450.83098
-6.6712,300,1454.066699
-8.11205,300,1457.309428
-1.573181,300,1460.569835
-11.141084,300,1463.661906
-1.582261,300,1466.83461
52.376735,152,1468.394594
-1.050097,300,1471.65917
1.264269,300,1474.754904
-1.457017,300,1477.843209
-2.181267,300,1481.012539
-1.391522,300,1486.068138
53.110499,164,1487.574759
52.611579,146,1489.071195
-0.779207,300,1492.312869
-1.509449,300,1495.478653
51.751166,147,1497.0582
-1.906608,300,1500.202279
-0.765608,300,1503.460178
-0.48143,300,1506.325492
0.414559,300,1509.000555
-1.470285,300,1512.075456
-1.871293,300,1514.863986
52.475811,152,1516.347176
-4.202062,300,1519.634607
-0.244738,300,1522.782143
-2.50114,300,1525.895546
-2.123673,300,1529.114563
-2.449795,300,1532.326793
52.640052,139,1533.606317
53.205568,142,1534.906649
-0.954861,300,1537.775213
-3.130433,300,1540.498166
-4.847458,300,1543.198203
-2.963515,300,1546.180937
-2.048935,300,1549.065574
-1.307921,300,1551.811876
53.031012,156,1553.339702
53.286026,157,1554.945322
-1.912387,300,1558.322595
-7.375054,300,1562.030596
-0.809453,300,1565.064906
-1.702326,300,1568.164656
-6.722771,300,1571.346216
-0.835482,300,1574.351018
-0.768299,300,1577.595207
-1.440144,300,1580.917852
-0.75819,300,1584.373389
-1.328069,300,1588.043937
-0.474601,300,1593.599175
52.660967,186,1595.498848
-6.689892,300,1598.680121
-2.542144,300,1601.736343
-2.055774,300,1604.764111
0.441903,300,1607.747173
0.961227,300,1610.855948
-0.530295,300,1613.919891
-2.577517,300,1616.999236
-16.362323,300,1620.074728
-1.255551,300,1623.347307
-1.007851,300,1626.318864
2.248127,300,1629.366699
0.653633,300,1632.413902
-2.008794,300,1635.575191
-1.155318,300,1638.496205
-1.941101,300,1641.555261
-2.051747,300,1644.514407
-2.381979,300,1647.587674
-2.257857,300,1650.63404
-1.665483,300,1653.622791
-2.609857,300,1656.64735
-1.360529,300,1659.825133
-4.278068,300,1662.863825
53.540745,153,1664.446935
-1.455847,300,1667.639042
53.348459,130,1668.985124
-0.755682,300,1672.309901
-44.814139,300,1675.434364
-0.832113,300,1678.421494
53.260143,149,1679.973834
49.79066,223,1682.289223
1.608109,300,1685.341509
-0.653443,300,1688.423214
0.68998,300,1691.422473
-6.249337,300,1696.0981
-2.289048,300,1699.120946
-3.373214,300,1702.278591
-21.987326,300,1705.208411
-9.254972,300,1708.309703
-3.643471,300,1711.56722
-3.488044,300,1714.671291
-2.255366,300,1717.795979
-4.422175,300,1720.694974
-9.834071,300,1723.624688
-13.231291,300,1726.646035
-1.344731,300,1729.785552
52.246816,172,1731.567814
-15.236461,300,1734.509068
-4.587716,300,1737.428671
-6.968146,300,1740.549322
-1.997167,300,1743.51085
-1.292117,300,1746.478146
-3.164037,300,1749.46957
-1.044418,300,1752.461018
0.950629,300,1755.38124
-4.316865,300,1758.395744
52.863868,183,1760.212767
-2.6868,300,1763.176556
-2.822564,300,1766.302601
-3.014223,300,1769.482263
-0.697349,300,1772.695699
-2.666965,300,1775.780742
-1.63725,300,1778.714229
-50.5335,300,1781.649262
53.167182,142,1783.026
-3.338276,300,1786.011936
-0.697704,300,1788.958832
-3.225191,300,1791.947771
-0.834899,300,1794.873159
-1.455235,300,1799.775207
52.777845,193,1802.014308
53.130289,161,1803.729944
-1.244962,300,1806.737886
1.988686,300,1809.7171
-0.014798,300,1812.750778
-1.872426,300,1815.740705
-3.266883,300,1818.875916
-3.122827,300,1822.002073
-4.271771,300,1824.957648
53.240405,151,1826.45971
-10.451157,300,1829.375588
-2.853134,300,1832.528184
-2.540406,300,1835.504861
-3.031248,300,1838.604814
-3.606595,300,1841.606626
0.343663,300,1844.761779
-5.776514,300,1847.805635
-2.256061,300,1850.936908
-0.733027,300,1853.862196
-2.75377,300,1857.07908
-1.299882,300,1860.045435
-3.065595,300,1863.102491
-1.647044,300,1866.306999
-3.281016,300,1869.565115
0.03948,300,1872.801131
-6.551959,300,1876.046977
-1.248786,300,1879.48338
-1.503422,300,1882.966654
-12.87762,300,1886.131368
-8.945999,300,1889.204669
-6.183366,300,1892.520025
-3.718413,300,1895.988612
51.965425,230,1898.476196
-3.447418,300,1901.965504
0.383105,300,1907.242007
-6.389816,300,1910.485165
-3.643097,300,1913.786074
-1.783637,300,1916.802496
51.515751,194,1918.700106
-0.569931,300,1921.816227
0.58152,300,1924.831664
0.024407,300,1927.857796
-5.617419,300,1931.095468
-2.735541,300,1934.374547
-1.716519,300,1937.554841
1.135184,300,1940.643192
-16.176381,300,1943.568796
-1.773565,300,1946.624759
52.040868,217,1948.766371
-1.072202,300,1951.756686
-1.681257,300,1954.712272
-9.925382,300,1957.829994
-4.066073,300,1961.853759
-1.754987,300,1965.890057
-2.318055,300,1970.238106
52.126808,167,1972.047137
-3.787809,300,1975.311401
-16.739477,300,1978.756943
-3.524383,300,1982.206105
-5.737818,300,1985.469674
-9.675684,300,1988.757926
-1.084776,300,1992.078896
-7.228148,300,1995.182793
0.051854,300,1998.427297
-3.723568,300,2001.453174
-3.005475,300,2004.641508
-2.047577,300,2007.694793
-6.281709,300,2010.715396
-2.206292,300,2015.564319
53.211604,221,2017.825613
-28.49951,300,2021.007352
-2.291673,300,2024.441164
-1.092349,300,2027.694785
-1.819596,300,2031.211772
-4.39837,300,2034.164019
-0.70644,300,2037.251775
-2.940542,300,2040.241546
-3.424792,300,2043.203739
52.180828,165,2044.814292
-1.472875,300,2047.864819
-2.257815,300,2050.762612
52.658429,151,2052.25032
52.747226,188,2054.221688
-2.196896,300,2057.221866
53.326379,143,2058.619769
-1.060117,300,2061.719454
-1.264905,300,2064.848302
-3.282786,300,2067.868928
-1.112363,300,2070.866531
52.233252,155,2072.375223
53.397767,129,2073.652232
-1.2611,300,2076.719495
53.352216,129,2078.002969
1.85408,300,2081.025614
-1.960406,300,2084.05483
-0.819084,300,2087.537441
-2.200981,300,2090.805578
-1.912824,300,2094.473685
-0.991325,300,2098.042995
-1.663235,300,2101.09933
-1.860801,300,2104.109397
-1.4583,300,2107.484554
-5.229222,300,2110.964157
-5.232595,300,2114.456867
-2.630093,300,2117.806631
51.910124,180,2119.801237
-3.125992,300,2125.066078
-1.487472,300,2128.378897
-2.558289,300,2132.052627
-3.623959,300,2135.083605
53.070451,164,2136.886341
-2.283139,300,2140.22473
-1.300921,300,2143.542945
-2.732757,300,2146.915359
-4.456788,300,2149.90585
53.437646,132,2151.359145
-1.685361,300,2154.505152
1.205491,300,2157.529618
-10.562306,300,2160.544591
-2.114567,300,2163.73283
-2.000827,300,2166.814052
-2.491037,300,2169.920091
-1.745426,300,2172.940801
52.338555,223,2175.268726
52.995066,149,2176.837848
-2.099571,300,2179.949463
-6.454231,300,2182.887968
-3.711067,300,2186.222578
-1.406593,300,2189.372247
-0.793012,300,2192.466915
0.550089,300,2195.535156
-14.907157,300,2198.57154
-2.572552,300,2201.778162
-4.311569,300,2205.006386
-1.703346,300,2208.229732
-1.541845,300,2211.691829
-2.037491,300,2215.214126
-1.714259,300,2218.785013
-6.99265,300,2222.236151
53.119088,134,2223.694001
-3.276621,300,2227.211569
53.345355,136,2228.629301
-0.540013,300,2234.261248
-7.729044,300,2237.79629
52.457491,200,2240.121112
1.333216,300,2243.21254
-1.963065,300,2246.555044
0.604688,300,2249.899776
-0.906041,300,2253.338601
-1.903775,300,2256.823926
-8.941525,300,2260.169195
-17.564691,300,2263.418407
52.512738,152,2265.153735
-12.558046,300,2268.654937
-1.57985,300,2271.961009
1.243245,300,2275.302394
1.398668,300,2278.475797
-16.046397,300,2281.65042
-2.009206,300,2284.878927
-13.038205,300,2288.317821
-1.85149,300,2291.585993
53.111672,143,2293.127191
53.177116,132,2294.558042
-6.13214,300,2298.041275
-2.50284,300,2301.345248
-3.014864,300,2304.302469
-3.141334,300,2307.630845
-15.021767,300,2310.809946
-8.648979,300,2314.289416
53.229141,147,2315.814696
-0.981622,300,2319.031925
52.224859,203,2321.432362
-2.980508,300,2325.06705
51.396938,259,2327.837503
-3.534878,300,2330.783001
-0.929672,300,2333.736913
-2.97916,300,2337.09565
-3.628028,300,2340.495734
-0.90521,300,2346.327934
-2.218874,300,2350.014435
-2.437253,300,2353.128192
-3.462809,300,2356.315171
-1.705065,300,2359.526993
-2.514044,300,2362.74507
-1.660149,300,2366.000914
-0.9472,300,2369.051349
52.413502,151,2370.660004
-1.850715,300,2373.752713
-4.691047,300,2376.930612
-1.033851,300,2379.962448
-1.832478,300,2383.214983
-1.444866,300,2386.548605
1.71451,300,2389.873771
0.68648,300,2393.349915
-1.459969,300,2396.837002
52.298108,135,2398.36052
53.268719,134,2399.733013
50.370061,242,2402.070906
-4.096283,300,2405.037358
-2.399382,300,2408.00614
52.833889,138,2409.463906
53.183073,141,2411.044603
-2.233963,300,2414.156919
1.863878,300,2417.215668
-1.279902,300,2420.581878
-1.861987,300,2424.067915
52.243155,158,2425.928746
2.001846,300,2429.608943
-1.924897,300,2433.158367
51.134541,271,2436.251751
52.558402,164,2438.237366
-1.043076,300,2441.725976
-1.910316,300,2445.097098
-1.837328,300,2448.041831
-2.732861,300,2451.104868
52.767258,159,2452.81134
-2.16932,300,2457.904393
-1.767797,300,2461.582092
-1.251531,300,2465.187956
-1.114431,300,2468.702863
-1.676986,300,2472.118765
52.999102,144,2473.667945
-7.398374,300,2476.79545
-0.193196,300,2479.980178
-1.568319,300,2483.258793
-1.873866,300,2486.424202
-1.427394,300,2489.607482
-4.09633,300,2492.772652
-1.545315,300,2495.980441
-1.479136,300,2499.157504
52.651689,139,2500.789257
-1.483342,300,2503.868193
-0.423145,300,2506.891825
51.081444,193,2509.105755
-0.853109,300,2512.609376
-13.543355,300,2516.088444
-2.785961,300,2519.216109
-5.117169,300,2522.218594
53.045574,176,2524.282688
-3.335275,300,2527.623788
-17.709235,300,2530.952319
51.618755,169,2532.867846
53.696357,125,2534.364527
-7.769412,300,2537.891794
-2.866468,300,2541.366654
-3.382605,300,2544.602413
-4.480518,300,2547.630474
-2.45918,300,2550.772569
-13.989383,300,2553.794057
-2.572885,300,2557.047558
-5.687606,300,2560.228302
-1.667002,300,2563.344617
52.477631,161,2566.728255
-7.160434,300,2569.670996
-13.455217,300,2572.712806
-2.763689,300,2575.921903
-1.78434,300,2579.126091
-0.034246,300,2582.418443
0.883212,300,2585.585802
-0.775436,300,2588.685784
0.11509,300,2591.778369
52.929383,131,2593.0888
-13.968862,300,2596.06092
-35.343621,300,2599.078141
-1.345197,300,2602.135343
-23.209549,300,2605.112113
-1.48939,300,2608.300105
-3.179628,300,2611.529515
0.624245,300,2614.543513
-6.733508,300,2617.53752
-17.245215,300,2620.618756
52.682287,187,2622.5451
-27.760363,300,2625.495239
-5.687833,300,2628.45617
-29.223487,300,2631.582419
53.204028,165,2633.457723
53.223177,153,2635.024458
-1.311654,300,2638.073031
-4.725068,300,2641.174346
52.220131,172,2642.980595
-4.94674,300,2646.007199
52.310091,173,2647.690602
-1.982182,300,2650.718223
-3.397785,300,2653.747406
-26.179564,300,2656.734463
-33.38895,300,2659.626966
0.181044,300,2662.583158
-2.025729,300,2665.656756
-1.64269,300,2668.755999
-31.614015,300,2673.399166
-8.560148,300,2676.497557
-26.623207,300,2679.650047
-27.036192,300,2682.62805
-24.117199,300,2685.513272
-12.104817,300,2688.472889
-0.856295,300,2691.805454
-12.41347,300,2694.945562
-4.865234,300,2698.242938
-24.233877,300,2701.245161
-23.228301,300,2704.239106
-1.23338,300,2707.378145
-10.051872,300,2710.499618
-7.75535,300,2713.398357
-14.702975,300,2716.531322
-0.317078,300,2719.678251
-23.986862,300,2722.749553
-4.238437,300,2725.900106
-1.279342,300,2729.069673
-8.426678,300,2732.070492
-10.799233,300,2734.965576
-2.773692,300,2738.024883
-12.507068,300,2741.275278
-2.246714,300,2744.379601
-7.960026,300,2747.427092
51.799977,157,2749.054011
-1.64056,300,2752.263942
-4.346955,300,2755.322948
1.358032,300,2758.354471
-12.152412,300,2761.434192
51.796528,265,2764.324299
-8.523764,300,2767.464421
-14.784466,300,2770.536225
-2.113263,300,2775.580484
-11.138926,300,2778.663472
52.637152,135,2780.099392
-7.001734,300,2783.084173
-2.525715,300,2786.060341
-4.686754,300,2789.19148
-4.524076,300,2792.249304
52.861535,165,2793.898933
-6.770414,300,2796.859491
50.439113,240,2799.452644
-10.409773,300,2802.962493
-3.771725,300,2806.052842
-5.796226,300,2809.132788
-2.557286,300,2812.284024
-1.688322,300,2815.501278
-0.673857,300,2818.606682
-2.929533,300,2821.713437
-2.099378,300,2824.885712
-1.221406,300,2828.092946
-2.326265,300,2831.259172
52.048264,161,2832.898261
-7.201497,300,2835.82939
-1.367333,300,2838.732348
-1.792656,300,2841.666047
-14.810676,300,2844.610098
-6.103852,300,2847.606473
-0.85324,300,2850.560296
-1.21683,300,2853.698439
2.027056,300,2856.747956
-1.863221,300,2859.728505
-2.49822,300,2862.907431
-13.723155,300,2865.823427
-1.952739,300,2868.818659
52.573511,149,2870.426368
-3.47936,300,2873.68968
-0.955688,300,2877.203022
52.474746,163,2880.907571
-1.773535,300,2884.199234
53.409486,169,2885.873042
-2.25673,300,2888.810048
-5.923084,300,2891.91822
-3.591306,300,2895.031745
-1.407847,300,2898.332381
-1.420897,300,2901.790861
-6.979739,300,2905.20746
-2.140502,300,2908.449264
-2.402426,300,2912.25629
-7.281455,300,2916.052107
-8.06403,300,2919.905913
-4.310624,300,2923.52844
-1.217129,300,2927.165237
-5.874158,300,2930.540812
-10.524316,300,2933.966805
-2.390622,300,2937.304504
-1.80306,300,2940.629597
-5.617165,300,2943.845044
-2.652704,300,2947.103542
-2.679481,300,2950.335586
-2.228526,300,2953.953122
-1.976396,300,2957.086043
-1.56924,300,2960.275017
-1.830209,300,2963.654488
-1.328992,300,2967.049324
-2.43765,300,2970.26295
-7.315484,300,2973.560461
-15.569682,300,2976.7532
-1.655506,300,2979.878227
-12.091267,300,2983.050275
52.184422,180,2984.907388
-3.533569,300,2988.196657
-2.424444,300,2991.382051
-1.724524,300,2996.464514
2.59894,300,2999.50265
-2.526019,300,3002.685372
-2.39535,300,3005.790017
-2.269941,300,3008.927035
52.082458,271,3011.704811
-1.604728,300,3014.819848
-1.656454,300,3018.045295
-1.758789,300,3021.226965
53.098924,150,3022.77207
-2.509879,300,3025.963886
-3.594583,300,3029.11327
-2.209044,300,3032.274263
-3.083693,300,3035.478694
-1.634265,300,3038.771243
53.081831,156,3040.472138
-2.095037,300,3043.646463
-3.047415,300,3047.000851
-2.457226,300,3050.42618
-1.623182,300,3053.689448
-2.023318,300,3056.537552
0.455709,300,3059.367459
-1.660032,300,3062.629506
-1.731228,300,3065.6616
-1.324527,300,3068.879012
-4.423625,300,3072.130909
-1.962037,300,3075.219889
-1.646524,300,3078.444726
53.575049,164,3080.260425
-12.389798,300,3083.536085
-1.212346,300,3086.91825
-4.443883,300,3090.130325
-2.923221,300,3093.314188
-5.952509,300,3096.47903
-1.689076,300,3101.381692
53.362833,140,3102.891013
-3.875472,300,3106.201081
-11.487926,300,3109.635488
-3.079219,300,3112.966694
-1.585182,300,3116.339941
-0.322443,300,3119.889376
53.346696,147,3121.629188
-0.874161,300,3125.222257
-1.463515,300,3128.412017
-2.528739,300,3131.567326
-1.619538,300,3134.559981
0.848244,300,3137.777891
-1.052776,300,3141.419269
-2.090144,300,3144.993784
51.332161,165,3146.887361
52.470877,181,3149.109385
-19.517458,300,3152.522772
-14.581171,300,3155.866671
-1.933031,300,3159.098773
53.499115,177,3161.030776
-3.774562,300,3164.268821
-3.164104,300,3167.540666
-4.499245,300,3170.78059
52.358445,143,3172.417713
-1.159183,300,3175.874253
53.365626,134,3177.468003
1.53306,300,3180.704806
52.225749,190,3183.169736
-12.424887,300,3186.825957
-4.43349,300,3190.119241
52.468554,125,3191.4836
-1.042831,300,3194.859734
-2.605758,300,3198.047071
-7.17657,300,3201.239016
-1.080463,300,3204.517927
-1.357081,300,3207.712171
-0.30117,300,3211.0094
-2.30941,300,3216.157485
-2.277537,300,3219.380499
-10.069299,300,3222.50435
-0.302708,300,3225.531287
52.773677,139,3226.937461
1.304751,300,3229.931118
-0.925313,300,3233.590018
-4.200873,300,3236.796052
-2.391228,300,3239.852838
-1.459307,300,3242.92209
-2.274745,300,3246.018333
51.737115,135,3247.436351
-4.534847,300,3250.484618
-2.414255,300,3253.580476
-0.074541,300,3256.644783
-1.412656,300,3259.655436
52.892967,156,3261.286115
53.824847,115,3262.473031
-3.299618,300,3265.61765
-1.547804,300,3268.780154
53.172932,151,3270.296452
52.690042,131,3271.582397
-0.995786,300,3274.830919
-2.613956,300,3277.994104
-1.219591,300,3281.293037
-3.230913,300,3284.351449
-20.862149,300,3287.512122
-4.032605,300,3290.576083
-1.249707,300,3293.717649
-3.024653,300,3296.896184
-2.680513,300,3299.997146
-1.724107,300,3303.361673
53.016007,121,3304.602339
0.567322,300,3307.601547
-13.595436,300,3310.960014
0.05847,300,3314.308093
-14.244079,300,3317.505951
-3.461836,300,3322.579223
-6.698999,300,3326.256607
53.050424,228,3328.849417
-0.728904,300,3332.624094
52.037869,144,3334.223884
-20.292873,300,3337.637133
51.58888,140,3339.127315
-3.464866,300,3342.406828
0.468695,300,3345.577265
51.731474,153,3347.254902
52.391174,160,3348.978321
-10.269831,300,3352.304906
52.278787,159,3353.997766
52.598089,145,3355.58976
-0.786345,300,3358.851869
-9.734924,300,3362.088221
-1.286252,300,3365.282023
-1.528053,300,3368.694034
52.186528,147,3370.30298
53.638004,127,3371.686923
-5.193913,300,3374.890777
-1.885114,300,3378.19479
-8.586312,300,3381.461031
-3.432457,300,3384.597211
-0.854483,300,3387.740966
53.41561,137,3389.192662
-2.235128,300,3392.348879
-0.719216,300,3395.379144
-1.206715,300,3398.592629
-1.027997,300,3401.450669
-1.97301,300,3404.312844
-2.843855,300,3407.419966
-3.578545,300,3410.434514
-0.617192,300,3413.734782
-2.004263,300,3417.047862
-1.333608,300,3420.192042
-23.020132,300,3423.207078
-1.217183,300,3426.326428
53.678671,129,3427.599419
53.108835,131,3428.983678
-36.462968,300,3433.845073
-1.025386,300,3437.171063
-27.447211,300,3440.645641
0.565917,300,3443.947682
-39.221354,300,3446.824973
-1.111947,300,3449.866099
-3.212338,300,3452.628601
52.980545,137,3453.828911
-4.897696,300,3456.47754
-1.512197,300,3459.144054
-47.331016,300,3461.754219
-3.530796,300,3464.480621
53.787778,116,3465.520494
-1.363081,300,3468.237939
-1.294911,300,3470.940735
-4.966704,300,3473.53909
-2.226314,300,3476.169708
0.262834,300,3478.803323
-3.016469,300,3481.383977
-1.967673,300,3484.001073
-2.364369,300,3486.567767
-6.080399,300,3489.249222
-2.108908,300,3491.933848
-1.441367,300,3494.614378
-0.52475,300,4417.338005
-3.781804,300,4420.192365
-1.448856,300,4423.107042
-2.756948,300,4426.358579
-2.274791,300,4432.600098
-2.6947,300,4435.286612
51.497001,174,4436.924276
-2.73641,300,4439.891385
-5.229613,300,4442.8504
-3.365681,300,4445.554784
53.432675,133,4446.763301
-2.38908,300,4451.311765
-1.492975,300,4454.183109
-1.89142,300,4457.085359
-12.922078,300,4459.720963
-3.018235,300,5494.469016
-2.694216,300,5497.453235
-3.837274,300,5500.566186
-2.128297,300,5503.336189
-1.606551,300,5508.231753
-2.632196,300,5513.264556
-1.019008,300,5516.097521
-1.214674,300,5518.721808
-1.961353,300,5521.341871
-1.864936,300,5523.963528
-2.047105,300,5526.729105
-1.218162,300,5529.442106
-2.635207,300,5532.22516
-15.260978,300,5534.923021
-1.644472,300,5537.732279
-5.235274,300,5540.52433
-1.051547,300,6450.375544
52.659256,153,6451.76875
-3.370956,300,6454.672043
0.663917,300,6457.488945
-5.988489,300,6461.993033
-1.698437,300,6467.076635
-2.27565,300,6469.785484
-1.209309,300,6472.426404
-1.082338,300,6475.10354
-1.898359,300,6477.808521
-11.745954,300,6480.371565
-1.580587,300,6482.817991
53.395895,144,6484.006084
-2.759129,300,6486.493078
0.712002,300,6491.020095
-1.362462,300,6493.652345
-1.348189,300,6496.286986
52.350812,153,6497.615628
-0.440129,300,6500.163965
-1.312385,300,6502.624382
-2.11192,300,6505.120387
-2.50354,300,6507.604905
-1.355919,300,6510.177256
-1.99633,300,6512.66928
-1.225037,300,6515.234432
-2.183162,300,7497.460259
-1.7776,300,7500.236335
-2.854394,300,7502.987221
-2.635521,300,7505.68349
-2.727146,300,7512.167347
-1.1672,300,7516.027901
-2.648688,300,7518.632006
-1.185588,300,7521.251358
-1.62003,300,7523.959142
-3.54007,300,7526.649317
-2.970732,300,7529.325309
51.700141,146,7530.635849
-1.247358,300,7533.366217
-2.06875,300,7536.148505
-6.335306,300,7538.888405
-38.78333,300,7541.570901
-1.252152,300,7875.75258
-27.664365,300,7880.172473
52.91138,190,7882.396205
-1.919083,300,7887.122264
-1.725203,300,7891.666988
-12.311325,300,7895.433319
-30.334569,300,7898.870942
-2.419998,300,7902.458543
-0.594275,300,7907.925106
-1.327452,300,7911.262504
-18.116318,300,7914.214691
52.669008,187,7915.995023
0.762959,300,7918.854592
-1.071533,300,7921.709824
-0.102029,300,7924.530701
-9.445454,300,7927.550745
-0.905569,300,7930.528208
-15.585632,300,7933.518013
-16.643899,300,7936.187215
1.605358,300,7939.010901
-1.902974,300,7941.66399
1.652115,300,7944.464849
-1.205524,300,7947.470536
-19.246024,300,7950.483995
-16.29111,300,7953.393935
52.079238,167,7955.137494
53.495777,146,7956.657007
1.819716,300,7959.570604
-17.613915,300,7962.586897
-9.134132,300,7966.027406
-7.979983,300,7969.155492
-7.575323,300,7972.09308
-12.577632,300,7975.011261
2.042221,300,7978.160874
-13.596606,300,7981.457577
-9.721983,300,7984.988208
54.04542,129,7986.336614
49.573217,171,7988.325516
0.418221,300,7991.461913
-7.28693,300,7994.761495
-9.290201,300,7997.828481
-8.585874,300,8000.830317
-4.871391,300,8003.704272
-7.207095,300,8006.466985
-22.430099,300,8010.849336
-3.876438,300,8013.67093
-11.60348,300,8016.454065
-2.123917,300,8019.173302
-11.037727,300,8022.048041
-3.933069,300,8025.187594
-4.710731,300,8028.185976
-10.92378,300,8031.082893
-10.34286,300,8034.175445
-6.347004,300,8037.112205
-0.909933,300,8040.136
-6.353089,300,8043.012592
3.599028,300,8045.748758
-9.967377,300,8048.58611
-7.709905,300,8051.347061
-5.812836,300,8054.089869
-5.134328,300,8056.879498
-2.231197,300,8060.152961
53.502635,125,8061.448918
-8.592068,300,8064.369189
52.463617,199,8066.277699
-8.273965,300,8069.213235
-19.336279,300,8072.104404
52.91964,226,8074.167367
-4.856356,300,8077.133539
-5.810158,300,8080.397155
-2.164213,300,8083.666839
52.846256,135,8084.997118
1.285942,300,8088.264412
-14.142065,300,8091.488639
-12.466137,300,8094.353825
-0.048898,300,8097.111375
-6.48281,300,8100.029125
-3.638545,300,8102.867037
-0.055585,300,8105.630205
-2.984722,300,8109.90307
53.658573,123,8111.03399
-13.537292,300,8113.778245
-19.647992,300,8116.675307
52.187588,181,8118.391842
-27.315574,300,8121.262374
1.048286,300,8124.119895
1.777102,300,8126.989185
53.585208,146,8128.442682
-0.78478,300,8131.200734
-2.656489,300,8134.266496
-5.412331,300,8137.208667
-8.519453,300,8140.074243
52.572616,144,8141.355953
0.420893,300,8144.293684
0.95685,300,8147.473545
-4.564258,300,8150.308459
-1.471107,300,8153.259766
53.782378,117,8154.484354
-1.647363,300,8157.583649
-0.311355,300,8160.604652
-2.705095,300,8163.576608
-7.71876,300,8166.387979
-1.515815,300,8169.362904
-9.342687,300,8172.353592
52.635013,202,8174.554166
0.437714,300,8177.403936
-13.000775,300,8180.231874
51.951917,169,8181.921692
-1.634828,300,8184.817073
-2.663136,300,8188.002691
-7.569233,300,8190.75396
52.664072,133,8192.051281
52.750677,123,8193.340675
-7.614806,300,8196.439422
-3.175917,300,8199.405306
2.235446,300,8202.343401
-2.839689,300,8205.269518
-0.872692,300,8210.022367
-1.650036,300,8213.028131
-25.192851,300,8216.01476
-8.985857,300,8219.074604
-0.252249,300,8221.957097
-3.421482,300,8224.885835
52.173068,147,8226.332757
-2.787744,300,8229.208117
-3.895859,300,8232.106176
-3.509385,300,8235.115252
53.149822,129,8236.450074
52.001994,149,8237.994937
-3.360311,300,8241.112583
53.658319,135,8242.473299
-2.040989,300,8245.390349
-1.209171,300,8248.559123
-4.04419,300,8251.573329
52.515285,141,8253.051337
-4.143373,300,8256.074561
-1.272137,300,8258.980734
-1.51724,300,8262.365033
51.149342,219,8264.563835
1.923544,300,8267.41744
2.962357,300,8270.203379
-0.20333,300,8273.160878
53.486267,124,8274.368323
-2.391187,300,8277.236073
3.595503,300,8280.148406
-1.105425,300,8283.124355
-1.163267,300,8285.931407
-1.751518,300,8288.673109
52.314628,194,8290.531368
-1.021789,300,8293.325102
-3.20156,300,8296.128057
52.320352,157,8297.696314
-7.328785,300,8300.565768
-3.669561,300,8303.44409
-1.952376,300,8308.125526
-4.216672,300,8311.297783
52.658829,148,8312.798326
-4.040529,300,8315.792418
-2.576233,300,8318.785078
-4.241267,300,8321.663791
-1.274618,300,8324.486116
-5.425186,300,8327.398181
-2.303589,300,8330.132446
-3.259068,300,8332.849235
-6.494845,300,8335.550454
52.936264,166,8337.199899
-11.551285,300,8339.895641
-0.161342,300,8342.594949
-4.527459,300,8345.469444
49.945108,237,8347.905647
-0.589947,300,8350.678402
-13.964283,300,8353.347773
-6.398318,300,8356.065373
-3.451825,300,8358.986346
1.275975,300,8361.874697
-3.485851,300,8364.853879
-1.427541,300,8367.770111
-0.72902,300,8370.554349
52.444361,153,8371.945682
53.485192,142,8373.322878
-4.752112,300,8376.293265
53.361271,127,8377.524257
-4.51074,300,8380.590733
-6.022558,300,8383.478517
-2.666712,300,8386.325467
52.984783,165,8387.915881
-1.764012,300,8390.626431
-6.047593,300,8393.457155
-4.479897,300,8396.379549
52.669014,142,8397.837187
-1.587472,300,8400.986834
52.406374,160,8402.600317
52.857109,126,8403.848421
-4.61019,300,8409.160295
-4.333187,300,8412.344013
-5.607594,300,8415.27509
-4.384689,300,8418.455062
-2.952662,300,8421.652099
-1.068119,300,8424.709467
-46.970633,300,8427.835335
-4.247571,300,8431.026286
-1.659233,300,8434.058654
52.462425,179,8436.085403
-1.560123,300,8439.489722
-4.2148,300,8442.858614
-3.253739,300,8446.093891
-4.693545,300,8449.089609
-3.327944,300,8452.223633
-2.962824,300,8455.564979
-6.799298,300,8458.783935
-7.520317,300,8462.000231
-9.165574,300,8465.212471
0.669548,300,8468.477694
-8.887453,300,8471.696863
-2.305366,300,8475.182084
-9.661718,300,8478.41344
-10.543276,300,8481.605477
-4.397717,300,8484.856296
-46.179209,300,8488.124271
-3.114914,300,8491.359455
-3.715915,300,8494.561518
-0.515541,300,8497.902586
-2.720918,300,8501.141689
52.787644,202,8503.259964
-7.080976,300,8506.289001
-1.210331,300,8509.475852
2.635005,300,8512.536626
-5.63937,300,8517.551859
0.471027,300,8520.416252
-2.668537,300,8523.361063
-2.867408,300,8526.053208
-2.286378,300,8528.822314
-4.887564,300,8531.545528
50.940854,269,8534.22538
-8.150409,300,8537.154913
-2.895697,300,8540.14689
-7.932214,300,8543.325789
-1.511051,300,8546.809601
51.521437,208,8549.400323
-1.08217,300,8552.739335
-11.396211,300,8556.143865
0.452646,300,8559.705545
-2.203786,300,8562.919419
-4.289669,300,8566.300961
52.56134,151,8568.103048
-7.874632,300,8571.207571
52.15037,186,8573.083003
52.508143,140,8574.507721
-3.636892,300,8577.548857
51.121358,211,8579.707781
-9.448755,300,8582.707384
52.616336,161,8584.441494
-4.312231,300,8587.174142
-7.683195,300,8590.087119
-8.861076,300,8593.446058
53.278106,136,8594.938207
-1.283764,300,8598.149091
0.260718,300,8601.324654
52.027194,165,8602.999628
-0.464852,300,8605.79947
-1.34517,300,8608.480608
-13.670203,300,8611.487476
52.487115,149,8612.890965
-1.98723,300,8615.932506
-4.328432,300,8620.384192
-3.879688,300,8623.210598
51.329535,204,8625.26172
53.444999,127,8626.599967
-2.891662,300,8629.758477
-1.096144,300,8632.880933
-0.98231,300,8635.700772
-6.718181,300,8638.559483
-10.71184,300,8641.270942
51.882659,150,8642.89152
52.722833,134,8644.153547
-1.096139,300,8647.050288
-1.515729,300,8649.887379
-10.866957,300,8652.860111
-0.748621,300,8655.602195
-1.000184,300,8658.757815
52.769837,130,8659.982126
-1.114891,300,8662.915294
53.013526,137,8664.149091
-1.729587,300,8666.831831
-6.691748,300,8669.692864
-5.376942,300,8672.821501
-0.835149,300,8675.799111
-5.972861,300,8678.621239
-6.913731,300,8681.31962
-3.701722,300,8684.180731
-4.782023,300,8687.182208
-5.464934,300,8689.958997
-1.036044,300,8692.927131
-9.077937,300,8695.935567
-5.775308,300,8698.832578
-9.736752,300,8701.850786
-8.502527,300,8704.556854
-1.430269,300,8707.266835
-3.676292,300,8709.954592
-1.678971,300,8712.668237
-1.86781,300,8717.081952
-5.935935,300,8719.937714
-3.752431,300,8722.705297
-3.653128,300,8725.469268
-2.036521,300,8728.264229
-2.988606,300,8731.14089
-1.105539,300,8733.981705
-2.824545,300,8736.99955
-2.004452,300,8739.920005
-1.268449,300,8742.727127
53.521747,121,8743.828731
-0.835347,300,8746.67971
-2.591971,300,8749.461583
2.027281,300,8752.155461
-9.680398,300,8754.82201
53.809403,124,8756.011776
-5.076029,300,8758.690547
-2.512696,300,8761.691661
-46.694864,300,8764.534372
-4.488414,300,8767.373365
-10.325792,300,8770.33393
-7.538391,300,8773.144167
-3.116694,300,8776.207135
-2.094057,300,8779.255186
53.272381,139,8780.633222
52.991596,142,8782.051803
-0.97486,300,8784.930178
-7.608211,300,8787.888918
-2.265659,300,8790.995714
-3.88908,300,8794.020628
-1.165454,300,8797.144814
-7.048211,300,8800.107388
-0.323233,300,8803.15216
-2.145374,300,8806.070263
-8.366312,300,8808.814968
53.738706,136,8810.081216
-8.949912,300,8812.817986
0.870543,300,8817.303184
-2.8273,300,8820.029375
-0.92958,300,8822.763738
53.61644,158,8824.174045
-2.495628,300,8826.87146
-0.808541,300,8829.615886
-7.210584,300,8832.363829
-1.66726,300,8835.796793
-7.05094,300,8838.64617
-2.067882,300,8841.501772
51.226465,182,8843.267308
0.473123,300,8846.070243
-1.416574,300,8848.958544
-15.178968,300,8851.873891
-2.624823,300,8854.645053
51.536794,158,8856.179314
-1.210741,300,8859.162291
51.519007,203,8861.201203
-2.487166,300,8864.113929
-3.607827,300,8867.056143
53.236942,298,8869.989389
-1.533489,300,8872.739304
53.373584,145,8874.114638
-0.70287,300,8876.944566
-0.91182,300,8879.786332
-2.058238,300,8882.520499
2.132543,300,8885.344391
-1.537116,300,8888.12118
-0.592854,300,8890.964606
-2.910628,300,8893.770578
-3.763182,300,8896.564884
-2.025525,300,8899.466537
-6.326573,300,8902.395529
-2.221965,300,8905.129302
1.644137,300,8907.897014
-6.554993,300,8912.472006
-10.893517,300,8915.412594
-4.346133,300,8918.163448
53.427554,121,8919.296863
52.420106,173,8921.029249
-6.631438,300,8924.050197
-1.829228,300,8926.935481
51.162744,152,8928.349329
-1.548108,300,8931.056367
-4.67217,300,8934.44234
-1.006188,300,8937.206139
-1.514159,300,8940.006213
-1.568786,300,8943.114102
-4.54322,300,8946.427655
-2.386824,300,8949.724293
-5.238783,300,8952.906694
52.703971,147,8954.349857
-4.3695,300,8957.23088
-5.100936,300,8960.007928
-5.815364,300,8962.857032
52.901281,128,8964.000786
-4.117273,300,8966.83593
-1.620508,300,8969.626505
-1.052832,300,8972.373496
-0.629117,300,8975.162851
-1.561655,300,8978.098154
-7.284794,300,8980.831201
1.821308,300,8983.680615
-0.539574,300,8986.499059
2.459413,300,8989.358273
-2.203175,300,8992.234245
-1.407309,300,8994.9921
-1.54658,300,8997.722418
1.687267,300,9000.664041
-4.092813,300,9003.61771
53.262201,119,9004.730645
-3.740223,300,9007.524476
-5.885385,300,9013.119023
53.523595,121,9014.316528
-8.701702,300,9017.089673
-2.413158,300,9022.917481
-1.596556,300,9025.603517
-1.935864,300,9031.113494
-4.819822,300,9047.256686
-1.723069,300,9052.640531
-0.417112,300,9412.795442
-0.595916,300,9418.781033
2.064818,300,9435.085356
-1.820837,300,9441.903427
52.119482,205,9445.653288
-0.874825,300,9450.990646
51.102905,144,9454.005241
-9.955229,300,9518.951132
-6.572956,300,9524.023805
-5.87589,300,9530.357837
-1.537657,300,9547.324167
-5.276723,300,9552.567615
-2.351761,300,10915.602651
-10.046248,300,10922.537705
-5.8896,300,10928.547424
51.943986,173,10931.673207
-3.611604,300,11745.374216
-4.477874,300,11750.417075
-1.568421,300,11755.514139
53.277487,183,11767.550585
-1.282049,300,11771.242888
-4.035427,300,11777.303719
-3.927777,300,12363.336222
51.779938,173,12365.631103
-0.520059,300,12373.2795
-5.821736,300,12520.297627
53.547055,161,12522.187485
-2.935242,300,12536.579241
52.909385,138,12545.794714
53.428127,138,12553.963364
-1.12851,300,12559.617059
-2.085376,300,16271.668957
-3.238787,300,16276.184429
-19.213828,300,16292.093164
-3.853635,300,16307.161339
-5.350542,300,16317.030721
-1.928925,300,17252.673775
53.433215,114,17253.900095
53.724026,134,17255.289998
-0.560689,300,18275.387264
52.377817,131,18276.791562
-4.259812,300,19200.944999
-7.959949,300,19932.759631
-2.710538,300,19936.013862
52.320636,123,19938.328458
52.464009,131,19941.632704
-4.100604,300,19956.398028
53.915349,130,19960.860219
-5.146349,300,19967.158176
0.400254,300,20903.211548
-5.761983,300,21913.24612
-6.613254,300,21916.330991
-4.25255,300,22851.470362
-2.782705,300,22854.555456
-2.806541,300,23596.064068
-2.698899,300,23605.144308
-2.589624,300,23621.246249
-0.133761,300,23627.535121
-8.171967,300,24525.926875
-5.851715,300,24536.708768
-5.036921,300,24551.523845
51.951884,156,24554.412625
51.674006,195,25123.561942
-6.339804,300,25128.813594
-5.845049,300,25143.056847
-6.518241,300,25151.881072
-3.724183,300,25159.209769
-1.247676,300,26066.29623
-6.869336,300,27135.821638
-0.994955,300,27253.08675
-5.246413,300,27256.731152
52.18515,145,27260.747998
51.786154,164,27266.3102
-6.05373,300,27274.96295
-0.154919,300,27283.134744
-2.850333,300,28199.522672
53.158221,146,28201.163456
-3.871824,300,29147.42756
1.617872,300,29150.533047
51.801279,148,30134.184173
52.875958,164,30135.937194
53.087961,136,30137.340101
-3.178867,300,30914.610398
52.498669,144,30916.237716
1.855679,300,30923.197401
-5.714787,300,31844.145973
-1.865801,300,32755.375151
-13.157312,300,32758.546757
52.015577,171,33744.595045
0.149297,300,33747.823764
53.202346,237,34574.449822
-1.416374,300,34580.306474
-2.904192,300,34588.970094
53.741911,126,34592.451003
-1.957406,300,34600.890312
-1.608655,300,34609.271446
-5.537289,300,34616.902393
-11.046768,300,35563.710687
53.612546,141,35565.235813
-7.460718,300,36597.512094
-8.87288,300,36600.74557
51.651047,155,37531.494087
-0.699722,300,37534.731267
-2.350443,300,38491.912766
-1.587461,300,39525.097778
1.03308,300,39528.164078
-2.100324,300,40432.568406
53.971308,129,41452.966083
-2.964422,300,41456.054311
-3.121584,300,42483.229545
-3.286321,300,42486.268116
-4.25564,300,43455.39987
-2.998067,300,44487.616881
-3.346266,300,44490.576209
-1.415152,300,45439.700776
2.317404,300,46459.766031
-3.755434,300,46462.881289
-6.950528,300,47507.083167
-3.938561,300,47510.237164
-7.243197,300,48418.285461
-2.632519,300,49443.391199
-16.835063,300,49446.472986
-1.904959,300,50468.655902
-0.971199,300,51456.755446
-2.14099,300,51459.802782
52.485881,158,52455.327054
53.238383,134,52456.787962
-4.725513,300,52459.82482
51.572336,220,53437.285218
53.978391,123,53438.561687
-1.233672,300,54103.699577
-1.381441,300,54107.839674
52.832453,140,54111.213108
-5.122261,300,54116.157357
-20.083074,300,54120.191843
-3.564159,300,55200.993035
-2.421513,300,55338.927408
-2.331805,300,55342.405719
-1.863565,300,55352.626161
3.823647,300,55368.366653
-2.818179,300,55376.931497
-2.539712,300,55383.156897
1.600975,300,55684.253687
-1.209016,300,55699.94196
-6.352768,300,55708.65318
-12.613706,300,55721.939309
-4.382988,300,56793.436675
-4.227164,300,56836.911693
50.623696,169,56838.617766
2.974417,300,56846.465405
-1.624446,300,56860.445926
-1.250494,300,56868.099662
50.03331,207,56871.488886
-0.954375,300,56876.335023
51.306152,160,56878.424175
-1.50034,300,57919.97116
52.777025,132,57921.350772
52.701892,173,58993.126839
-3.612582,300,58996.127501
2.245122,300,59337.021267
52.269067,121,59338.430014
-1.441369,300,59345.318346
52.73534,188,60380.072481
0.807652,300,60384.361034
-1.558755,300,61367.470799
-6.183176,300,62367.732135
-9.86602,300,62370.964584
-15.438859,300,62998.301945
-10.184016,300,63006.165558
-2.602184,300,63962.160652
-3.833693,300,63966.000813
52.529675,136,64966.866417
-6.87629,300,64970.374887
-10.065128,300,65969.751923
-2.392711,300,66657.061003
0.777838,300,66666.400144
-7.417815,300,66683.631815
51.330306,153,66688.401657
-12.255911,300,66946.611857
-11.273827,300,66953.599434
-4.060453,300,66968.570389
53.653353,117,66970.416706
-4.198144,300,66975.026846
-9.851472,300,66979.883561
52.601772,135,66982.153282
-13.347416,300,66986.694221
1.416516,300,66991.183619
-3.788507,300,66995.742479
53.641634,129,66997.929896
2.033692,300,67002.485711
-6.076894,300,67007.08091
-7.507885,300,67012.121643
-3.301393,300,67016.459223
51.81168,158,67021.636044
53.486345,144,67023.544163
-5.666129,300,67027.246491
-4.001247,300,67031.115535
-3.39803,300,67035.142077
-1.526619,300,67038.988824
-5.882342,300,67042.864787
-3.84393,300,67046.858604
-3.861071,300,67050.746905
52.86339,128,67052.472249
52.740784,151,67054.415638
-2.064261,300,67058.371513
-5.588759,300,67062.282007
-4.558775,300,67066.306304
-1.938707,300,67070.495224
-5.067908,300,67074.699785
-4.114961,300,67078.832592
-6.41657,300,67082.940048
-4.644093,300,67086.817967
0.250694,300,67090.689351
-1.07971,300,67094.451642
-3.840775,300,67098.234016
-1.785941,300,67101.975745
52.236975,196,67104.433543
-2.769465,300,67111.028973
-2.810834,300,67114.888425
-3.011392,300,67118.68009
-2.798179,300,67122.564903
-3.142314,300,67126.439364
51.47596,152,67128.560481
-33.948069,300,67132.523328
-1.991305,300,67136.461351
-2.981111,300,67140.377271
-0.543373,300,67144.88002
0.520672,300,67148.815064
-2.110366,300,67152.757237
-1.710643,300,67157.12558
-2.237307,300,67161.013085
-1.369641,300,67165.219541
-0.787276,300,67169.864554
-1.179616,300,67174.416943
-0.828535,300,67178.687127
-8.301441,300,67182.784582
-1.158447,300,67187.262879
-0.968798,300,67191.5012
-2.192234,300,67195.717763
-1.649269,300,67199.723316
-1.912779,300,67203.811541
-0.908232,300,67207.76078
-1.372972,300,67212.025736
52.359557,139,67213.886589
-7.186737,300,67217.83487
-5.157118,300,67221.736534
-3.570758,300,67225.591263
-2.233647,300,67229.506763
-3.745394,300,67233.368465
-2.804646,300,67237.160359
-1.269565,300,67241.014308
-5.058214,300,67244.80609
-1.620051,300,67251.35239
-2.249972,300,67255.446789
-1.774271,300,67259.861794
-11.69132,300,67263.886004
-0.43388,300,67268.00944
-0.557711,300,67271.99303
-1.523434,300,67276.12062
-33.718534,300,67280.12911
-0.562574,300,67284.351485
50.749874,185,67286.737765
-2.767625,300,67290.774144
-0.02916,300,67294.830326
-3.387572,300,67298.933236
51.3627,286,67302.855995
51.749813,142,67304.751415
-3.302295,300,67309.20316
-2.009399,300,67313.092563
-1.192581,300,67317.089895
52.951647,144,67319.082653
-2.307558,300,67323.010697
-0.762357,300,67327.21271
53.452391,129,67329.037911
-0.918604,300,67333.060027
-1.988315,300,67337.044856
1.56964,300,67341.030679
-42.041733,300,67345.163997
-6.178908,300,67349.212766
-3.761075,300,67353.21869
-4.748549,300,67357.260115
-5.333006,300,67361.451325
-3.958335,300,67365.486077
-2.023134,300,67369.534998
-2.41682,300,67373.74774
-0.382995,300,67377.909325
-1.43891,300,67381.938549
-0.538875,300,67388.65262
-3.253768,300,67392.835473
-2.120286,300,67396.78248
1.419199,300,67400.735401
-1.214658,300,67404.734288
-3.887237,300,67408.991532
-3.364442,300,67412.965085
-5.028435,300,67416.867272
53.366018,128,67418.607235
0.764267,300,67422.991502
-3.788627,300,67427.284414
-3.679748,300,67431.570503
-3.694642,300,67436.338419
-4.401449,300,67440.678128
1.805052,300,67444.918651
-7.121095,300,67449.597371
-1.362244,300,67453.897457
1.267126,300,67458.18809
51.440853,202,67461.143372
1.134772,300,67465.259766
52.138622,133,67467.230244
1.104389,300,67471.324809
52.425798,155,67473.441083
53.250111,131,67475.133769
-4.420714,300,67479.194341
-5.626792,300,67483.045202
3.380783,300,67486.768233
-0.849009,300,67490.558685
-15.553041,300,67494.334223
52.705202,130,67496.229681
50.755965,182,67498.769753
1.872526,300,67502.481783
52.752934,122,67504.113127
-0.883794,300,67508.220995
53.36873,135,67510.033466
-2.9043,300,67514.030986
1.494313,300,67517.967835
2.205188,300,67522.080575
-17.001247,300,67528.675652
-7.27127,300,67532.492809
53.311279,145,67534.393464
-0.056672,300,67538.29293
1.032322,300,67542.555915
-0.736389,300,67546.521291
-4.758662,300,67550.444002
-0.97903,300,67554.565372
0.804992,300,67558.662729
-3.416723,300,67562.788407
-5.777761,300,67566.912815
2.376457,300,67571.05547
-2.308634,300,67575.02866
-4.447471,300,67578.997688
-3.058644,300,67583.336702
-4.425816,300,67587.373619
-1.841931,300,67591.46451
51.395524,208,67594.233186
-3.244447,300,67598.19599
51.497283,173,67600.45191
-3.61977,300,67604.512603
1.206131,300,67608.573035
-2.03533,300,67612.611673
53.331664,154,67614.6972
-15.709224,300,67618.718792
-2.175577,300,67622.628801
52.697957,144,67624.567139
0.290152,300,67628.560964
-0.954822,300,67632.537675
-11.344225,300,67636.45426
-2.637787,300,67640.421619
52.534402,147,67642.677132
-1.398885,300,67646.768738
-2.849922,300,67650.87381
-1.220843,300,67655.017515
-2.188468,300,67658.952474
-5.617788,300,67665.794638
-0.811949,300,67669.808709
-2.689978,300,67673.971949
-0.884648,300,67678.159198
-0.859015,300,67682.420352
-1.404486,300,67686.667216
-59.883467,300,67690.713588
-2.365596,300,67694.692261
0.809834,300,67698.887061
0.729374,300,67703.104552
-1.424536,300,67707.284691
1.187161,300,67711.300665
-2.579478,300,67715.303995
1.863898,300,67719.180491
-1.411384,300,67723.033957
-0.540262,300,67726.936283
-0.638445,300,67730.726578
-2.277935,300,67735.409003
-1.507137,300,67739.454812
52.689965,139,67741.405121
-9.248485,300,67745.518504
-4.770108,300,67749.999698
53.290046,123,67751.888186
-7.556352,300,67756.650679
52.32295,132,67758.380867
-1.878943,300,67762.704319
-1.252903,300,67767.023761
-12.238555,300,67771.504284
-4.152213,300,67775.72899
-6.681191,300,67779.847581
1.453284,300,67783.746209
-1.21296,300,67788.019527
-3.615265,300,67792.426908
-3.028724,300,67796.707741
-5.099336,300,67800.743082
-6.94158,300,67807.311183
-34.125538,300,67811.303553
52.929926,160,67814.314376
53.031726,148,67816.38033
-3.333536,300,67820.308233
-15.62096,300,67824.283301
-5.080237,300,67828.194217
-3.904696,300,67832.258247
-12.754634,300,67836.12421
-19.7414,300,67839.790312
-1.318909,300,67843.533367
-10.103855,300,67847.602483
0.949829,300,67851.231085
-9.226423,300,67854.929327
-5.548593,300,67858.713937
-16.393946,300,67862.816426
-2.170466,300,67866.311606
-6.428885,300,67869.94144
-5.622134,300,67873.39441
-5.633718,300,67877.033811
-5.214857,300,67880.540957
-5.304219,300,67884.016193
-5.895194,300,67887.741172
-3.889794,300,67891.509027
-11.123983,300,67895.037161
-5.48665,300,67899.033191
-5.608756,300,67902.667071
-4.17683,300,67906.184375
-1.904518,300,67909.933775
-16.844174,300,67913.690336
-6.390353,300,67917.289991
-15.068004,300,67921.138454
-9.538286,300,67924.87304
-12.946505,300,67928.389106
-5.72652,300,67934.365732
-6.718101,300,67938.265538
-16.191244,300,67941.921143
-5.104691,300,67945.663383
-0.751124,300,67949.605018
-6.288138,300,67953.464116
-4.073736,300,67957.232054
-4.968207,300,67961.107523
-5.737806,300,67964.653757
-10.802728,300,67968.316155
-5.841095,300,67972.203234
-4.509593,300,67975.972544
-3.918192,300,67979.682054
-5.217735,300,67983.427406
-0.97868,300,67987.159231
-8.691129,300,67990.813558
-9.522546,300,67994.28209
-12.460016,300,67997.704638
-3.442292,300,68001.36553
-2.969102,300,68004.860084
-11.913925,300,68008.30323
-2.44827,300,68011.790061
-1.211536,300,68015.458029
-15.040457,300,68018.900433
-6.130319,300,68022.337223
-3.148325,300,68025.821164
-2.976209,300,68029.357615
-2.001979,300,68032.855414
-8.265427,300,68036.285625
-2.336382,300,68039.842457
-4.461595,300,68043.527976
-10.86921,300,68046.966848
-2.707157,300,68050.477508
51.542976,230,68053.156976
-6.129452,300,68058.728872
-1.316485,300,68062.223498
-3.03318,300,68065.83389
-2.806973,300,68069.289033
-4.870896,300,68072.791612
-8.42345,300,68076.382064
-3.152221,300,68079.758465
-2.777454,300,68082.679872
-2.225892,300,68085.404201
-12.459281,300,68088.073473
-13.170934,300,68090.765671
51.660772,226,68092.906081
-0.798972,300,68095.750566
-4.778692,300,68098.493454
-4.709562,300,68101.182511
0.918368,300,68103.86026
51.570867,221,68105.879994
-3.982445,300,68108.447704
-1.771584,300,68111.037944
-1.16677,300,68113.666492
-7.767539,300,68116.396974
52.235338,171,68117.90336
-3.440988,300,68120.463938
-10.377008,300,68123.07086
-14.190209,300,68125.691622
51.615694,232,68127.700392
-3.755703,300,68130.243686
-9.563896,300,68132.854367
50.426125,286,68135.374768
-1.399632,300,68138.05668
-2.792548,300,68140.642695
-2.32438,300,68143.227223
-1.417556,300,68145.854173
-1.811146,300,68148.448703
-1.763721,300,68152.884762
1.267232,300,68155.447695
-6.932011,300,68158.08794
-1.912304,300,68160.827377
-3.740783,300,68163.40556
-2.691378,300,68166.008146
-8.547621,300,68168.599213
-6.103218,300,68171.260343
-2.709356,300,68173.795285
-11.834534,300,68176.353057
-8.260054,300,68178.973523
-0.810951,300,68181.533203
-1.608512,300,68184.116634
-9.501891,300,68186.677601
-7.387936,300,68189.476815
-1.225426,300,68192.150069
-6.753006,300,68194.708148
-7.595281,300,68197.28231
53.007747,142,68198.576301
-3.829438,300,68201.351624
-4.015762,300,68204.044392
52.731471,171,68205.587636
-4.523558,300,68208.20462
-2.856994,300,68210.917414
-7.995508,300,68213.589627
-8.021498,300,68216.305166
-3.638023,300,68219.029903
-2.297089,300,68221.870964
-2.409135,300,68224.776106
-2.255285,300,68227.734261
-2.041236,300,68230.756896
-4.706423,300,68233.788325
-1.090262,300,68236.637256
-2.134037,300,68239.37079
-0.520166,300,68242.099976
-2.835552,300,68246.613502
-7.427195,300,68249.297143
-2.845731,300,68252.228203
-6.501967,300,68254.996388
-4.024414,300,68257.724683
-3.731725,300,68260.394376
-3.541582,300,68263.096481
-1.002549,300,68266.026205
-1.087033,300,68268.737406
-7.993358,300,68271.644886
-4.729422,300,68274.46855
-3.823784,300,68277.321782
-0.613718,300,68280.075077
-5.353659,300,68282.932487
-7.305238,300,68285.675198
-0.722101,300,68288.31862
-4.925385,300,68290.930177
-3.935572,300,68293.656063
-1.021904,300,68296.471203
-1.08524,300,68299.291959
-0.772342,300,68302.071581
-4.683682,300,68304.858578
-1.247374,300,68307.847006
52.660824,121,68309.010732
-3.260812,300,68311.746507
-2.686682,300,68314.462039
-4.037185,300,68317.097703
-2.455745,300,68319.961003
-1.909685,300,68322.734392
-2.946727,300,68325.410681
-1.384213,300,68328.049001
-4.06166,300,68330.83277
-2.077826,300,68333.634861
-2.706569,300,68336.536036
-3.990176,300,68341.383468
53.458629,147,68342.778694
-8.695736,300,68345.434327
-0.850807,300,68348.049368
52.998132,207,68349.845302
-1.293517,300,68352.509465
-4.531529,300,68355.143305
-1.792709,300,68357.741372
-3.431242,300,68360.48778
-0.007426,300,68363.267766
-16.924659,300,68365.970808
-2.910745,300,68369.005647
-33.490712,300,68372.212122
-3.415455,300,68375.199188
-1.894622,300,68378.234501
52.983325,125,68379.394476
-4.711485,300,68382.100296
51.586602,207,68384.018442
-25.746628,300,68386.763744
-5.753333,300,68389.482342
53.076492,141,68390.783212
0.233465,300,68393.622916
-2.685132,300,68396.322078
53.041238,127,68397.452092
53.477743,130,68398.642514
-5.65793,300,68401.415096
51.401455,183,68403.073262
-4.503686,300,68406.370768
-4.065278,300,68409.612673
0.435511,300,68412.810723
52.481185,130,68413.952505
-3.112743,300,68416.706745
52.297229,184,68418.444454
52.488061,141,68419.742089
-6.082519,300,68422.544588
52.443125,146,68424.031546
-10.474565,300,68427.162159
-3.049086,300,68430.30279
52.372259,171,68432.095161
-7.603828,300,68437.116499
-17.286727,300,68439.911093
-0.281019,300,68442.824528
-3.899413,300,68445.69702
53.307699,127,68446.961598
51.306799,156,68448.583035
0.995147,300,68452.016092
-1.787294,300,68455.367966
-2.384633,300,68458.671918
-15.690616,300,68462.330216
0.66903,300,68465.601976
53.659918,145,68467.035173
-16.945667,300,68469.799322
-3.107203,300,68472.519649
53.576194,127,68473.693569
53.136405,137,68474.911628
-0.942855,300,68477.716281
-21.229739,300,68480.404994
-25.85142,300,68483.218637
-3.388277,300,68485.879365
-16.010985,300,68488.54592
-9.876051,300,68491.403368
-19.009976,300,68494.487896
53.240674,163,68496.087053
-2.375195,300,68499.120437
-20.248342,300,68502.28648
-5.648173,300,68505.088769
-5.642812,300,68508.058631
-2.182141,300,68511.022888
-3.668335,300,68513.810868
-1.660378,300,68516.650365
-12.414385,300,68519.366858
-1.520762,300,68522.266697
51.888625,170,68524.012899
-4.466458,300,68527.028675
-13.626843,300,68529.786145
52.242196,184,68531.522904
53.081026,197,68533.305281
53.02138,147,68536.458839
-10.495016,300,68539.130898
53.588112,140,68540.34202
-3.11467,300,68543.327489
-9.976249,300,68546.358345
53.071628,175,68548.08512
-15.324335,300,68551.318815
-8.577683,300,68554.149738
-2.432842,300,68556.957722
51.698418,164,68558.375423
-7.277952,300,68561.086505
-1.639,300,68563.820737
1.550505,300,68566.555203
-6.553384,300,68569.436578
53.809874,140,68570.775121
-9.359277,300,68573.511704
-2.306958,300,68576.377832
-1.09246,300,68579.059872
-3.545547,300,68581.779459
52.288576,153,68583.166821
1.622961,300,68585.994529
2.107338,300,68588.588113
-2.663271,300,68591.211264
53.562407,125,68592.296261
-1.522852,300,68595.062364
-0.702592,300,68597.73624
-8.666962,300,68600.441546
-2.170677,300,68603.155
-1.093039,300,68605.862044
-2.163218,300,68608.532747
-8.510673,300,68611.161909
-5.756391,300,68613.923888
-4.905135,300,68616.786981
-10.287977,300,68619.580712
-0.65107,300,68622.355646
-4.424677,300,68625.208404
-5.235942,300,68628.104028
53.922438,132,68631.110529
-3.555895,300,68634.299744
-1.100618,300,68637.453357
53.768646,132,68638.7437
53.721918,119,68639.833517
-3.727468,300,68642.747785
-3.631071,300,68645.558267
-39.799241,300,68648.306636
-0.883223,300,68651.025862
51.595154,165,68652.461464
-4.923541,300,68655.196676
-37.784146,300,68657.920264
-20.685188,300,68660.599571
-7.890387,300,68663.248425
3.941933,300,68666.111109
-2.231365,300,68668.81567
51.432691,167,68670.57476
52.693139,147,68671.988832
52.547608,157,68673.468062
-3.1233,300,68676.658236
-14.706872,300,68679.81669
1.785535,300,68682.930316
51.309236,148,68684.339379
-4.171111,300,68687.104373
-1.370368,300,68689.741498
-5.436392,300,68692.44641
-3.329406,300,68695.016251
-3.926394,300,68697.694114
-1.139633,300,68700.352218
-7.664395,300,68703.250542
53.984291,115,68704.37107
-14.80793,300,68707.341838
50.867268,166,68708.962575
52.999769,172,68710.462941
-2.184205,300,68713.07067
-1.741056,300,68715.756234
52.803947,140,68717.041713
-4.890934,300,68719.633334
-6.424194,300,68722.233072
-3.813389,300,68726.642083
53.299889,134,68727.786763
-3.90508,300,68730.354239
-4.753926,300,68732.942676
-1.951213,300,68735.652471
-4.453453,300,68738.203482
-3.4538,300,68740.796683
53.545049,155,68742.203789
-2.437181,300,68745.019429
-6.682665,300,68747.782052
-1.911462,300,68750.349373
-2.536107,300,68753.127397
-3.791251,300,68755.805198
53.588683,130,68756.92574
-4.78699,300,68759.705776
-6.931036,300,68762.416714
53.144007,217,68764.360107
-5.765007,300,68767.031162
2.572518,300,68769.854598
-4.244485,300,68772.480833
-1.99603,300,68775.117062
-13.11366,300,68777.704687
-0.973015,300,68780.288221
-2.198759,300,68782.905294
-1.051797,300,68785.518462
-4.359736,300,68788.103339
-1.230069,300,68790.735207
51.634306,149,68792.132174
53.975889,138,68793.415392
2.093948,300,68796.04702
-1.031687,300,68798.65577
53.294253,173,68800.130791
52.213328,170,68801.656706
-3.866169,300,68804.267693
53.391927,132,68805.43895
-2.597129,300,68808.064258
54.11357,130,68809.264972
-2.466525,300,68811.955172
-2.902846,300,68816.155509
52.655816,142,68817.450669
-2.949139,300,68820.124111
-2.499707,300,68822.815198
-1.252824,300,68825.444763
-0.230032,300,68828.037886
-0.819055,300,68830.710225
-0.981767,300,68833.296486
52.838507,171,68834.791008
-7.642609,300,68837.372127
-10.254011,300,68839.99796
-6.929444,300,68842.650298
2.624865,300,68845.310907
54.177124,126,68846.403784
0.674077,300,68849.001424
-3.906185,300,68851.596472
-1.444658,300,68854.211864
53.365548,131,68855.338282
-1.536446,300,68858.011832
-5.747619,300,68860.568927
-2.175725,300,68863.209775
-1.858729,300,68866.195047
52.079649,148,68867.828396
0.020776,300,68870.653328
50.366577,192,68872.355852
51.825028,150,68873.775972
-2.083854,300,68876.680893
-1.670913,300,68879.50785
-5.244051,300,68882.251927
-5.038768,300,68885.075549
-1.060231,300,68887.958093
-6.050897,300,68890.785512
1.186786,300,68893.706141
-2.344303,300,68896.505338
-1.388825,300,68899.48425
53.570237,128,68900.701589
-2.441838,300,68903.560694
-5.109647,300,68906.394277
-22.392272,300,68911.190874
53.190708,167,68912.785067
-1.496925,300,68915.6734
-16.235613,300,68918.504734
-2.560717,300,68921.268359
52.641927,210,68923.273032
53.456463,138,68924.559327
53.705091,138,68925.852579
-1.335115,300,68928.585856
53.510428,172,68930.101878
-2.832321,300,68932.806867
-0.923121,300,68935.517776
-1.387312,300,68938.408919
-1.389762,300,68941.244986
0.791072,300,68943.942347
-0.402748,300,68946.571998
-6.689936,300,68949.65861
-1.64739,300,68952.7288
-1.568814,300,68955.67993
-5.451796,300,68958.693435
-5.342542,300,68961.7728
-2.059163,300,68964.764246
-1.119644,300,68967.753401
-2.086766,300,68970.899831
-15.676236,300,68973.943812
52.949678,155,68975.412439
-3.467603,300,68978.507379
52.902152,191,68980.459654
-2.752155,300,68983.432493
-1.151291,300,68986.257322
-1.253928,300,68989.001017
-0.889994,300,68991.924569
-1.051231,300,68994.832984
51.381793,162,68996.288888
-9.565959,300,68998.91421
-2.371149,300,69001.601188
-7.614439,300,69004.376615
-1.844086,300,69008.837476
53.266582,222,69011.316513
-5.70334,300,69014.025641
-2.264806,300,69016.824306
-3.701035,300,69019.594098
-6.391732,300,69022.62666
-2.041459,300,69025.234633
53.668864,133,69026.467263
52.798511,126,69027.711133
-2.093399,300,69030.52765
-0.01283,300,69033.268819
-3.499827,300,69036.256139
-3.705371,300,69039.129279
-4.422786,300,69042.11216
53.102985,158,69043.545908
0.301796,300,69046.472638
-4.035334,300,69049.41052
-1.998454,300,69052.433244
-1.206497,300,69055.408202
-0.503644,300,69058.567751
-11.155071,300,69061.770619
53.442574,137,69063.249572
-4.382943,300,69066.289111
-1.556955,300,69069.134364
-7.449339,300,69071.781789
-5.115368,300,69074.724341
-4.452633,300,69077.521387
-7.973558,300,69080.280239
52.132995,154,69081.628609
-5.15649,300,69084.263989
52.992307,169,69085.75022
53.172809,141,69087.089504
-5.743325,300,69089.76032
-2.498673,300,69092.574682
-0.772399,300,69095.36011
-5.209081,300,69098.289544
-1.676207,300,69101.179213
-2.711543,300,69105.840861
52.162098,173,69107.401245
-86.75685,300,69110.181627
-1.720103,300,69112.993963
-21.394955,300,69115.987734
52.919746,153,69117.559017
-13.024206,300,69120.344981
53.984531,142,69121.665626
-10.705968,300,69124.421455
51.579858,183,69126.269705
-12.79323,300,69129.18155
-7.794859,300,69132.053158
-4.242914,300,69134.748681
53.407191,139,69136.064883
-0.825495,300,69138.773017
-6.629983,300,69141.503441
-6.111881,300,69144.102151
-8.759378,300,69146.940046
-1.528518,300,69149.773887
-0.99516,300,69152.631472
-45.987317,300,69155.361965
-7.083283,300,69158.105619
-5.499563,300,69160.897024
50.480534,252,69163.466631
-2.583235,300,69166.493304
-1.570796,300,69169.41197
-9.444607,300,69172.185088
-6.091346,300,69174.920136
-6.274309,300,69177.632886
-2.093599,300,69180.580106
-2.315546,300,69183.561344
-2.115407,300,69186.45127
-7.171119,300,69189.129391
52.616258,181,69190.751595
-4.170921,300,69193.519913
-10.294864,300,69196.261653
-11.742121,300,69200.568261
-4.9594,300,69203.345648
52.951181,121,69204.498295
-1.669182,300,69207.299999
51.935746,144,69208.595989
53.08121,121,69209.691964
-4.835339,300,69212.46996
-13.812603,300,69215.097613
-4.222788,300,69217.819186
-3.323632,300,69220.488977
-1.292229,300,69223.28668
53.74492,137,69224.499262
-2.662094,300,69227.219433
53.70721,122,69228.317054
-3.181908,300,69231.126802
-10.959625,300,69233.777079
-1.195237,300,69236.567341
-1.158394,300,69239.475902
-2.073699,300,69242.289294
-5.499732,300,69245.049967
-0.898122,300,69247.856716
-6.313879,300,69250.796162
-3.362342,300,69253.530121
-2.299677,300,69256.307234
-8.453056,300,69259.003355
-0.764213,300,69261.75356
53.441189,149,69263.19581
-7.387811,300,69265.903729
-2.591903,300,69268.583475
-0.992523,300,69271.294641
-5.54524,300,69274.083117
-1.118499,300,69276.921757
-2.665106,300,69279.540041
-5.728733,300,69282.241438
-8.427879,300,69284.944766
-0.953031,300,69287.66693
-9.721084,300,69290.397023
-6.009902,300,69294.915861
51.505163,140,69296.2431
-2.151058,300,69299.012729
-13.603182,300,69301.702106
-7.172858,300,69304.332291
-6.078931,300,69307.092924
-0.96409,300,69309.805004
-8.049163,300,69312.533379
-12.726399,300,69315.157913
-1.448878,300,69317.998874
3.097672,300,69320.722804
52.771985,133,69321.943395
-2.379555,300,69324.667113
50.558691,218,69326.691675
-1.644537,300,69329.414358
-4.431985,300,69332.096141
-2.412428,300,69334.82722
-10.925686,300,69337.563427
-6.686048,300,69340.191842
-4.785897,300,69342.926357
53.601103,131,69344.097028
-3.591853,300,69347.11533
-4.811862,300,69349.985102
-4.992269,300,69353.026402
-14.769822,300,69355.745125
-2.578002,300,69358.538535
-1.931194,300,69361.246154
-3.133963,300,69363.928319
-5.606892,300,69366.628543
-5.423251,300,69369.418291
-0.123912,300,69372.10894
-2.977928,300,69374.789831
-2.670902,300,69377.613452
0.262398,300,69380.34598
-2.35003,300,69383.099035
-3.747105,300,69387.698179
1.692638,300,69390.464107
-3.287855,300,69393.212074
0.157589,300,69395.895263
-1.975006,300,69398.597168
-3.703446,300,69401.317676
-0.333234,300,69404.066769
-2.889643,300,69406.88354
-1.532981,300,69409.556212
2.196842,300,69412.254377
-1.320095,300,69415.181647
-13.545158,300,69418.000366
-2.879837,300,69420.673647
53.30031,130,69421.861988
-2.082201,300,69424.715813
-0.628067,300,69427.671101
-2.310639,300,69430.603703
53.835957,131,69431.88913
-3.663232,300,69434.784043
-1.622651,300,69437.520203
1.328079,300,69440.445061
53.366537,164,69441.960674
-1.509279,300,69444.711285
-1.417154,300,69447.525756
-8.465228,300,69450.263867
-0.174902,300,69453.034648
-2.427049,300,69456.135155
-3.315045,300,69459.03366
3.181394,300,69461.983269
-0.198393,300,69464.79539
-1.085308,300,69467.801506
0.596008,300,69470.493788
0.916794,300,69473.289066
-1.628067,300,69476.254662
-0.591821,300,69478.980362
52.720923,141,69482.008056
-1.558895,300,69484.674441
0.633115,300,69487.419885
-0.257248,300,69490.258927
0.612682,300,69493.090757
53.620543,143,69494.430862
-1.872573,300,69497.140865
1.726593,300,69499.832645
-0.124599,300,69502.520191
53.320482,127,69503.66409
1.22282,300,69506.425823
1.66797,300,69509.248044
52.904677,148,69510.568273
-2.346871,300,69513.276202
-0.564159,300,69516.179236
-1.881793,300,69519.023172
-1.900013,300,69521.717048
52.623599,150,69523.052789
-2.191448,300,69525.781462
53.441716,120,69526.935393
53.734769,133,69528.139099
1.287219,300,69530.80934
52.867751,149,69532.158381
51.976287,192,69533.966013
53.606536,130,69535.122124
-2.308247,300,69537.859153
-2.333106,300,69540.582414
-4.581597,300,69543.371593
-1.872715,300,69546.106343
-2.936484,300,69548.859685
-0.330785,300,69551.585745
-2.842172,300,69554.323789
-4.425555,300,69557.072158
-3.253593,300,69560.062495
-1.171532,300,69562.865395
-1.533251,300,69565.667557
0.759318,300,69568.513895
-1.555901,300,69571.34667
50.979741,297,69576.095877
-0.347673,300,69578.973509
53.016061,142,69580.302596
52.767539,147,69581.76916
2.403992,300,69584.604735
0.426646,300,69588.072998
1.038634,300,69591.250091
-4.196368,300,69594.053616
-2.820042,300,69596.858202
-1.982092,300,69599.67054
-2.35726,300,69602.436261
-12.532364,300,69605.400815
52.820924,139,69606.718394
-1.821313,300,69609.543008
53.308729,168,69611.187995
-1.919323,300,69614.075595
1.400459,300,69616.85343
-2.128742,300,69620.050908
-4.879712,300,69623.288714
53.274955,121,69624.592827
-2.798637,300,69627.638029
-3.264223,300,69630.65096
-1.683866,300,69633.483248
-1.56646,300,69636.311484
-3.484157,300,69639.141178
53.23061,169,69640.805365
-1.49088,300,69643.796413
53.77592,116,69644.902447
53.405044,121,69646.060016
1.375151,300,69648.924496
-2.643517,300,69651.794342
52.561442,137,69653.169437
-13.386597,300,69656.091632
-6.125951,300,69659.163674
-3.852638,300,69662.977004
-1.72785,300,69666.03879
-1.305682,300,69668.983588
-2.153162,300,69671.787998
-0.534736,300,69674.448065
53.867711,105,69677.233233
53.561722,154,69678.61521
-19.475308,300,69681.382941
-6.864454,300,69684.173189
-1.287745,300,69686.909782
-5.917413,300,69690.161905
53.748197,126,69691.386731
-7.83176,300,69694.065994
-2.319388,300,69696.863134
1.198783,300,69699.669007
-9.255273,300,69702.547458
-1.569665,300,69705.291898
-2.275411,300,69708.318779
-1.743644,300,69711.307737
-10.088544,300,69714.167144
-6.821411,300,69717.093247
53.624619,132,69718.412421
-5.637456,300,69721.400683
-6.268197,300,69725.165343
-5.852675,300,69729.208211
-1.232435,300,69733.30242
-4.909691,300,69737.323779
51.887273,263,69740.545863
0.076357,300,69744.104908
-1.295381,300,69747.980525
-7.167448,300,69751.633991
-2.359342,300,69755.231975
-8.875252,300,69758.846076
53.824751,118,69760.210834
-0.715501,300,69763.967185
-1.569604,300,69767.743192
-4.439082,300,69770.658564
-0.664924,300,69773.926867
-1.365452,300,69776.897776
0.171187,300,69779.891055
-1.639219,300,69782.899736
-0.408896,300,69787.417988
-6.098426,300,69790.3781
-0.128376,300,69793.613159
-4.663596,300,69796.844357
-4.4436,300,69800.291241
-11.853064,300,69803.140294
-4.451238,300,69805.904083
-4.072684,300,69808.89167
-3.84851,300,69811.725815
-7.653935,300,69814.535137
1.709276,300,69817.401497
-7.912825,300,69820.168982
-104.170211,300,69822.884722
-5.048043,300,69825.665096
51.876774,156,69827.203694
-3.897653,300,69830.291411
53.580527,123,69831.676209
53.18201,237,69833.879434
0.5149,300,69836.690825
53.862667,124,69837.851365
-2.594372,300,69840.626915
52.622032,134,69841.861983
53.849305,112,69842.927441
0.215858,300,69845.557785
-15.291099,300,69848.220283
-22.187384,300,69850.863419
52.713324,136,69852.445182
2.089422,300,69855.191142
-3.341983,300,69857.888631
-2.397685,300,69860.773053
53.672612,142,69862.122039
-4.909858,300,69865.107269
-8.782181,300,69867.806546
-3.855018,300,69870.498529
-6.956577,300,69873.177308
-1.486546,300,69875.763821
0.11037,300,69878.357533
54.063496,115,69879.366849
-2.460955,300,69883.680351
-1.911515,300,69886.24903
-3.783148,300,69888.849846
-2.199833,300,69891.540392
-11.814686,300,69894.266103
52.811985,151,69895.559589
-4.977868,300,69898.23328
53.897189,116,69899.243927
52.712338,141,69900.503386
-6.764387,300,69903.065876
53.534184,115,69904.055199
-1.32642,300,69906.885986
53.490805,143,69908.236199
-1.658253,300,69910.955045
53.817463,113,69912.042731
52.594703,146,69913.424679
-11.103313,300,69916.629447
-4.570239,300,69920.282171
-9.797859,300,69924.142291
0.35697,300,69927.621575
-5.38597,300,69931.276736
54.124394,122,69932.65964
-1.129676,300,69936.140089
53.659857,123,69937.613692
-3.414458,300,69941.371185
-4.107867,300,69945.24745
-2.92948,300,69948.909938
-0.145713,300,69952.463435
-0.830034,300,69956.006336
-6.325914,300,69959.461513
53.738991,150,69961.11917
52.673577,137,69962.664217
54.023651,120,69964.059814
53.393073,138,69965.605955
-5.231901,300,69968.887726
-1.317404,300,69972.270942
-3.86274,300,69975.699726
0.0203,300,69978.995565
52.337603,171,69980.900503
1.631037,300,69984.250336
-3.854857,300,69987.675869
1.859093,300,69992.842837
-0.282583,300,69996.201861
-14.954881,300,69999.697678
1.484832,300,70002.972631
-4.184269,300,70006.295611
-0.932113,300,70009.872523
-4.652005,300,70013.218505
-5.105096,300,70016.006121
-4.492286,300,70018.740215
-0.853101,300,70021.991204
-1.940516,300,70025.365879
-0.809149,300,70028.768659
-7.494747,300,70032.170699
-8.952014,300,70035.618289
-0.753258,300,70038.39304
-1.557409,300,70041.407536
-0.858495,300,70044.329026
-1.496003,300,70047.1529
-3.205898,300,70049.782975
53.594199,129,70051.007021
-0.626005,300,70053.65761
-3.858454,300,70056.294722
-1.424696,300,70058.919773
-6.575747,300,70061.583278
-11.554072,300,70064.22106
-1.997684,300,70066.888096
-17.123415,300,70069.471919
-1.625421,300,70072.131999
53.628565,143,70073.411524
51.831381,170,70074.974519
1.294452,300,70077.694973
-5.290054,300,70080.451451
-11.73334,300,70083.162731
-5.906699,300,70085.81002
-3.285008,300,70088.486007
-7.32922,300,70093.038323
53.877268,132,70094.280386
53.179001,144,70095.578268
53.878192,127,70096.707181
-10.364972,300,70099.650257
-1.320917,300,70102.294979
53.177366,156,70103.716359
-4.683439,300,70106.542223
-7.05677,300,70109.388498
-4.153791,300,70112.013114
-7.006418,300,70114.750926
-7.815114,300,70117.631096
1.609735,300,70120.534756
-4.755096,300,70123.273513
-0.467434,300,70126.028305
-4.989721,300,70128.72099
-4.576351,300,70131.45911
-5.246454,300,70134.168512
-5.290668,300,70136.804224
-4.723234,300,70139.723956
-5.305601,300,70142.390758
-5.134896,300,70144.969549
-3.507966,300,70147.618521
-13.30879,300,70150.288274
50.763139,165,70151.811514
-4.061948,300,70154.487142
-2.099469,300,70157.201056
-3.64967,300,70159.72853
-0.605562,300,70162.344018
-2.731421,300,70164.873905
-3.466482,300,70167.457125
-3.267665,300,70169.975454
-0.508579,300,70172.550213
-6.524469,300,70175.153142
0.243158,300,70177.687291
-7.876262,300,70180.218185
52.833104,152,70183.51971
-1.905325,300,70186.145567
-6.021352,300,70188.760938
-9.653493,300,70191.58768
0.846034,300,70194.461234
-0.561435,300,70197.166974
-4.29329,300,70200.113161
-18.199604,300,70203.795034
-10.116861,300,70207.479538
-9.789955,300,70210.921083
0.315816,300,70214.66334
-4.520704,300,70218.38138
-1.69205,300,70221.813764
0.528706,300,70225.005418
-0.613206,300,70228.270736
-0.494505,300,70231.508823
53.734166,117,70232.970116
-3.926817,300,70236.605589
-3.795448,300,70240.126753
53.358402,136,70241.761841
-2.344418,300,70244.964549
-1.508031,300,70248.163443
-2.027512,300,70251.446203
-3.91401,300,70254.641548
-1.330969,300,70258.375512
53.269787,133,70259.958024
53.05225,137,70261.682014
0.324286,300,70265.69531
-10.528796,300,70269.728132
-5.02345,300,70273.809525
53.046563,158,70275.776285
53.278765,142,70277.685328
-2.548995,300,70281.570807
-2.612019,300,70285.529013
-1.900475,300,70289.362492
-3.099761,300,70293.212334
-4.01238,300,70296.900954
-3.698446,300,70302.813222
53.894369,169,70305.013024
-1.73292,300,70308.761983
53.389218,131,70310.291275
2.559705,300,70313.908564
0.223156,300,70317.767244
-6.275912,300,70321.488197
-2.891765,300,70325.315364
2.408242,300,70329.193562
-6.014095,300,70332.510593
53.065719,141,70334.280686
-9.063247,300,70337.840935
2.756924,300,70341.258484
1.769166,300,70344.637413
-6.096538,300,70348.196882
-5.574558,300,70351.645971
-1.976147,300,70355.180862
2.38883,300,70358.626919
-7.655602,300,70361.849876
1.442956,300,70364.796712
-9.827478,300,70367.804795
-5.380962,300,70370.73414
-3.616577,300,70374.146971
53.941025,114,70375.329596
53.640482,125,70376.553117
2.775163,300,70379.652376
-3.654668,300,70382.720093
-2.403947,300,70385.803323
-4.018395,300,70389.034102
-3.281406,300,70391.983442
-4.687929,300,70394.869963
-3.726711,300,70397.90585
52.031649,165,70399.448787
50.670486,195,70401.364129
-2.285762,300,70404.229859
52.233883,162,70405.833363
53.290548,127,70407.140953
-4.723777,300,70410.004687
53.854243,136,70413.078531
-3.012443,300,70416.093053
-2.845011,300,70419.174525
-9.433208,300,70422.104795
-7.027344,300,70425.003021
-6.690329,300,70428.014455
-1.419235,300,70430.95191
-9.940513,300,70433.867629
-12.937978,300,70436.855855
-7.548183,300,70439.750848
-1.383824,300,70442.601974
-5.321949,300,70445.399001
53.225498,173,70447.01297
-1.547374,300,70450.150586
-2.998609,300,70452.978257
-3.180967,300,70455.807068
50.271022,264,70458.548686
-2.482236,300,70461.650848
-2.864161,300,70464.627744
-2.568373,300,70467.566511
-2.335261,300,70470.724068
54.173214,108,70472.104046
-16.525728,300,70475.051433
53.051759,125,70476.260434
1.530437,300,70479.101457
-0.332637,300,70482.258672
52.872479,147,70483.701454
53.426087,132,70484.918628
-1.554075,300,70487.710453
-2.151018,300,70490.707922
54.041877,139,70492.179945
0.636913,300,70495.458076
52.247751,156,70497.105428
0.49299,300,70500.249513
50.718306,156,70501.913287
-10.830473,300,70505.009239
52.645397,145,70506.501113
-3.134387,300,70509.717314
0.924186,300,70512.728906
-0.873292,300,70517.453867
-2.340644,300,70520.462353
-0.914374,300,70523.505713
-2.336722,300,70526.47186
53.223746,137,70527.844667
54.097187,109,70528.878848
-2.413172,300,70532.138142
-3.663096,300,70535.279363
-4.966875,300,70538.309426
-0.212541,300,70541.290415
-0.603627,300,70544.349112
-2.108927,300,70547.622307
-3.161434,300,70550.833948
53.864013,117,70552.2933
-4.467564,300,70555.255854
-2.560415,300,70557.940609
-7.137465,300,70562.078696
-3.749231,300,70565.555501
-9.20161,300,70568.663634
-1.223918,300,70571.708263
-2.644258,300,70574.980255
53.571412,148,70576.636397
-0.200959,300,70580.525173
54.210416,157,70582.336542
-7.776041,300,70585.909508
-0.976949,300,70589.379351
-1.452197,300,70593.085061
-3.784521,300,70596.452017
-5.738345,300,70599.403655
51.24239,180,70601.165357
-3.563369,300,70604.816743
1.884822,300,70607.86802
-2.838698,300,70611.418562
-5.288505,300,70615.444275
-5.083189,300,70618.786331
-2.370913,300,70622.038596
53.857371,139,70623.611445
-6.493356,300,70628.500726
2.234827,300,70631.783147
53.250054,147,70633.796859
-1.473659,300,70637.272889
0.661412,300,70640.646386
52.857633,143,70642.301401
51.787642,157,70644.080248
2.384417,300,70647.503116
-10.701451,300,70650.769089
-1.886573,300,70654.349657
53.718769,123,70655.641287
-6.607977,300,70659.128854
-11.456683,300,70662.326761
53.72097,113,70663.5925
-15.297816,300,70666.939753
-4.931576,300,70670.041693
-16.477378,300,70673.205513
53.751671,143,70674.783757
-7.857919,300,70677.982998
52.916159,137,70679.509786
1.092829,300,70682.599693
-20.071288,300,70685.70628
53.101608,142,70687.148197
53.335607,131,70688.34911
-3.645085,300,70691.35423
-2.779508,300,70694.460171
-7.217055,300,70697.516195
-16.417709,300,70700.373845
-34.503697,300,70703.889552
-6.151879,300,70707.282338
-1.756123,300,70710.156355
-10.310948,300,70713.127382
-5.508625,300,70716.243725
53.903389,126,70717.574316
-28.130196,300,70720.77292
-8.258845,300,70724.317203
-8.794062,300,70727.690968
-12.949723,300,70731.033166
-3.610416,300,70736.869348
52.360749,149,70738.311851
1.221086,300,70741.291239
53.70928,136,70742.667815
53.279599,126,70744.049446
-4.555956,300,70747.116811
2.579459,300,70750.115754
-3.837913,300,70753.114676
-2.382365,300,70756.179553
-6.579253,300,70759.193702
-3.488338,300,70761.926088
-4.215744,300,70764.767043
-2.496685,300,70767.705132
-8.36725,300,70770.621866
-4.823228,300,70773.556963
0.247611,300,70776.758063
-11.812537,300,70779.578576
1.068097,300,70782.315424
-0.171555,300,70785.221108
-0.467873,300,70788.183928
53.556157,209,70790.131968
-3.053198,300,70792.933659
-3.596191,300,70795.750676
-3.20061,300,70798.635554
-4.102446,300,70801.567576
-2.650533,300,70804.443566
52.767995,162,70806.160783
-18.549397,300,70809.133495
-16.359228,300,70812.10883
2.17168,300,70815.055821
1.06881,300,70818.114907
0.57252,300,70821.128922
53.462721,131,70822.557263
52.342946,156,70824.309326
-3.761579,300,70827.246074
-13.724007,300,70830.277139
-1.661467,300,70833.367291
-4.5571,300,70838.322029
-1.031173,300,70841.140391
-9.409828,300,70843.948781
-4.536845,300,70846.934316
-6.969485,300,70849.76605
53.823231,118,70850.907447
-1.703862,300,70853.869072
-1.940075,300,70856.911683
-2.028201,300,70859.723603
-0.354753,300,70862.894117
-16.947177,300,70865.912528
2.202424,300,70868.772387
0.679086,300,70871.649435
-6.763362,300,70874.515183
-3.883842,300,70877.487215
-6.528724,300,70880.679362
-0.957766,300,70883.987876
-0.178455,300,70886.699457
-5.595185,300,70889.581125
-10.623269,300,70892.567473
-5.922221,300,70895.439385
53.807989,184,70897.218091
52.81467,137,70898.478925
52.450895,232,70900.666191
-1.880106,300,70903.568201
-4.862451,300,70906.735711
52.766461,131,70908.078145
-16.754835,300,70911.069215
-7.300713,300,70913.865603
-2.972052,300,70916.655453
53.863537,139,70917.944795
-2.137268,300,70920.616252
53.339625,126,70921.939046
-6.399922,300,70924.771437
-2.575266,300,70927.660732
-1.66534,300,70930.554397
-5.422908,300,70933.357349
53.633586,127,70934.542641
-2.017454,300,70939.377567
1.990967,300,70942.112452
-5.616864,300,70944.810148
-1.077906,300,70947.632416
-3.658267,300,70950.611441
-7.318796,300,70953.42104
-8.827938,300,70956.159003
53.810728,130,70957.375088
-1.940518,300,70960.246745
-5.799242,300,70962.875452
-2.561812,300,70965.641701
51.532568,203,70967.580995
52.78975,125,70968.768243
-4.946749,300,70971.52503
-5.264488,300,70974.212855
-1.874863,300,70977.046094
-1.111538,300,70980.170973
-21.773455,300,70983.102711
-1.892846,300,70985.992263
-4.018232,300,70988.730912
-15.671101,300,70991.457687
-5.645931,300,70994.368976
-13.207532,300,70997.001081
-9.848065,300,71000.093047
0.380512,300,71002.894616
-5.682389,300,71005.894677
-20.970167,300,71008.585964
-4.717175,300,71011.315046
52.718854,238,71013.338456
-1.495845,300,71015.98233
53.012292,157,71017.411848
-4.961022,300,71020.015329
-5.521522,300,71022.968808
-7.46061,300,71025.725507
-7.711219,300,71028.46411
-7.333312,300,71032.984522
53.075471,192,71034.826642
53.77599,148,71036.180441
1.671364,300,71038.957734
-0.504515,300,71041.81481
-5.591378,300,71044.848429
-2.621198,300,71047.677169
53.928682,114,71048.694113
-6.742904,300,71051.296297
-12.742847,300,71054.018466
53.720863,138,71055.239809
53.475219,140,71056.465966
-5.627035,300,71059.088596
1.67162,300,71061.832215
53.439021,141,71063.160665
53.803447,138,71064.403573
-3.220384,300,71067.030634
-9.519633,300,71069.79168
2.719201,300,71072.383449
-3.472796,300,71074.918953
-6.069962,300,71077.701677
-2.656597,300,71080.785565
-7.977405,300,71083.586083
-7.289146,300,71086.31752
-5.597701,300,71089.042984
-0.458496,300,71091.828836
-9.137911,300,71094.728456
-2.212487,300,71097.512223
-18.078092,300,71100.205888
-1.445205,300,71102.971187
3.081305,300,71105.671804
-21.998973,300,71108.332821
54.01192,120,71109.519665
-47.987742,300,71112.332343
-10.755481,300,71115.105332
-7.360612,300,71118.178353
-10.528089,300,71120.735126
-3.20544,300,71123.702727
-6.474616,300,71128.247616
53.589569,174,71129.929012
-1.817661,300,71132.841872
1.759365,300,71135.742268
-4.213124,300,71138.349952
-0.784414,300,71141.217372
-3.396631,300,71144.221156
-2.299087,300,71147.080023
-7.554911,300,71149.778633
54.040963,138,71150.962962
-5.321881,300,71153.690004
-3.41496,300,71156.844845
-17.859658,300,71159.904562
-6.43116,300,71162.773012
-3.488463,300,71165.865765
-2.991285,300,71168.771233
-6.430604,300,71171.573023
-4.256806,300,71174.316412
-3.588602,300,71177.251829
53.567644,154,71178.877801
-0.833344,300,71181.729093
-0.826781,300,71184.514893
-9.428601,300,71187.320202
-1.645936,300,71190.180687
-7.260857,300,71193.238126
-10.293361,300,71196.034775
-4.527795,300,71198.963804
-12.798589,300,71202.034667
-1.160338,300,71204.916436
-23.708758,300,71207.630991
-1.351528,300,71210.241951
-2.632305,300,71213.276542
-2.865322,300,71216.08168
54.384871,123,71217.15226
54.21326,132,71218.270786
-4.270442,300,71220.972481
-3.927362,300,71225.694182
-9.977488,300,71228.544668
-1.90004,300,71231.409772
-0.859679,300,71234.245002
-7.680161,300,71237.026197
-4.546807,300,71239.701928
-4.252242,300,71242.55069
-3.369264,300,71245.592351
-6.727013,300,71248.648361
-3.095294,300,71251.381487
53.476344,146,71252.841334
-2.987048,300,71255.911097
-2.061104,300,71258.868075
-1.496935,300,71261.754771
-0.781461,300,71264.431896
-0.546352,300,71267.247871
-0.452191,300,71270.091415
53.569007,132,71271.350067
-14.132176,300,71274.138501
-0.99131,300,71276.962793
-0.519143,300,71279.619707
-0.737546,300,71282.19626
-2.693687,300,71284.707716
-0.234718,300,71287.803166
-1.00789,300,71290.622316
-2.942448,300,71293.478499
-2.604538,300,71296.44649
-4.373493,300,71299.416687
-2.288939,300,71302.369671
-2.987278,300,71305.364741
-2.059706,300,71308.463311
-4.738924,300,71311.433161
-0.593485,300,71314.403028
-26.74579,300,71317.369189
-2.344163,300,71322.246052
-3.192751,300,71325.383385
-33.722625,300,71328.344733
-3.234342,300,71331.501249
54.013774,118,71332.671246
-9.868961,300,71335.620325
-0.504485,300,71338.800935
-21.693848,300,71341.805381
-4.052301,300,71344.742557
-3.596906,300,71347.740463
-2.540246,300,71350.659361
52.507463,141,71352.033851
53.788673,130,71353.295014
52.935227,139,71354.652864
-10.185989,300,71357.580138
-8.423131,300,71360.470115
-2.474532,300,71363.402176
-2.856757,300,71366.443966
-3.293073,300,71369.412805
-2.183136,300,71372.349955
-5.400364,300,71375.291527
-6.083705,300,71378.339205
-0.405276,300,71381.246463
-4.212777,300,71384.171671
-5.062432,300,71387.346411
-3.237512,300,71390.588925
-5.389911,300,71393.617727
-1.606044,300,71396.554107
-1.613848,300,71399.617457
-4.367055,300,71402.837676
-6.147716,300,71405.740214
53.397473,141,71407.16274
-5.276243,300,71410.051112
-0.844704,300,71413.196042
52.816334,154,71414.834225
53.526132,144,71416.381653
-3.95998,300,71419.451996
-9.588283,300,71424.651239
53.414034,152,71426.333826
-3.653533,300,71429.280262
-4.627089,300,71432.209546
0.628233,300,71436.266937
-3.550579,300,71439.463234
52.552887,131,71440.72583
-6.13889,300,71444.039138
-5.46262,300,71447.961328
2.320668,300,71451.325965
-3.084343,300,71454.629831
-16.014531,300,71457.980972
-5.936513,300,71461.0807
-1.729459,300,71464.170257
-0.071209,300,71467.221857
-7.278258,300,71470.376149
-22.78368,300,71473.602997
-12.666272,300,71476.769137
-1.833255,300,71479.824935
53.096144,137,71481.241722
-4.133214,300,71484.545746
53.034864,181,71486.658276
3.200451,300,71489.985678
-1.299758,300,71493.055013
-12.010369,300,71496.112834
-9.816737,300,71499.128261
53.41577,142,71500.550313
-10.981785,300,71503.528643
-3.861376,300,71506.528701
2.068034,300,71509.67656
0.921832,300,71512.738911
-4.532651,300,71515.696949
-12.80391,300,71518.714458
1.321183,300,71521.702853
53.975766,173,71523.427798
-23.646953,300,71526.496119
-10.867019,300,71531.204227
52.489788,153,71532.759985
1.577778,300,71535.707214
53.921609,234,71538.014102
-1.15086,300,71541.033308
-1.692305,300,71544.073003
-5.892977,300,71547.094817
52.785173,130,71548.414313
-5.247771,300,71551.634792
-5.433667,300,71554.593075
-3.291046,300,71557.575211
-6.143873,300,71560.547991
-6.219584,300,71563.556497
-4.784535,300,71566.528685
-1.426831,300,71569.471809
-1.159359,300,71572.482164
-5.959801,300,71577.039121
3.704243,300,71583.485822
53.450687,220,71585.694141
52.826826,138,71587.04173
-0.819697,300,71590.595188
-1.995895,300,71597.530223
-3.693359,300,71603.434938
-1.135721,300,71606.394701
52.675758,147,71607.892778
0.949207,300,71610.881364
-1.585253,300,71613.834269
-7.411052,300,71616.824892
-12.258708,300,71619.782268
-1.536554,300,71622.820968
-3.944959,300,71625.988188
-1.663141,300,71629.122984
-1.299715,300,71632.268959
-2.893055,300,71635.492543
-1.784194,300,71638.599558
-3.691732,300,71641.855362
-8.887904,300,71646.894604
-5.147894,300,71649.882657
-9.293476,300,71652.905105
-11.121935,300,71655.881374
-2.072751,300,71658.929076
-2.107326,300,71662.010472
-39.308084,300,71665.029254
53.61036,134,71666.356567
-1.951004,300,71669.421379
-11.35401,300,71672.569763
-21.234868,300,71675.583427
-9.436092,300,71678.562683
-7.53407,300,71681.512324
-1.08172,300,71684.636913
-4.933358,300,71687.629459
-1.152593,300,71690.552608
-4.25355,300,71693.777886
53.202496,129,71695.069789
-1.560029,300,71698.086754
-2.288648,300,71701.380461
-1.377867,300,71704.416043
-9.363905,300,71707.350315
-8.902505,300,71710.416656
-1.056751,300,71713.449061
-71.461209,300,71716.402925
-1.277303,300,71719.477622
53.295291,122,71720.689676
-31.115515,300,71723.631024
-35.196148,300,71726.7559
-5.927214,300,71729.893097
-10.307141,300,71732.9733
-8.021414,300,71735.978427
-1.345815,300,71739.023665
-8.320725,300,71742.173884
-6.847144,300,71745.539038
53.203721,154,71747.198226
-30.364952,300,71752.38017
-1.287601,300,71755.571577
-10.480563,300,71758.661445
-5.229657,300,71761.728038
53.985801,137,71763.184309
52.245548,224,71765.489958
-5.360213,300,71768.510845
-1.258712,300,71771.626884
54.12294,135,71773.019445
-4.854388,300,71775.96108
-1.873845,300,71778.889876
54.171942,123,71780.118111
-2.22273,300,71783.151393
-1.278179,300,71786.067113
-2.128784,300,71789.071864
54.01984,126,71790.354546
-1.327381,300,71793.352106
-1.713595,300,71796.285975
54.015161,125,71797.569045
1.055977,300,71800.571442
53.555338,164,71802.234713
-9.142614,300,71805.170599
-1.972746,300,71808.1807
-1.488284,300,71811.219657
53.018454,222,71813.517612
53.527281,136,71814.868828
-2.871653,300,71817.846453
53.625108,134,71819.179002
-1.195808,300,71822.393063
-1.716625,300,71825.507691
-4.769169,300,71828.690758
-3.873202,300,71831.831347
-1.499004,300,71834.838394
52.277074,257,71837.354536
3.665127,300,71840.380072
-1.250256,300,71843.363311
53.322745,231,71845.665338
-2.376794,300,71848.62905
-2.898342,300,71853.690993
-9.397204,300,71856.611915
-3.128497,300,71859.619945
-1.446825,300,71862.540202
-1.510869,300,71865.518728
-0.263656,300,71868.463867
-4.487646,300,71871.45494
-1.775676,300,71874.423769
-5.045072,300,71877.367482
-2.151689,300,71880.320363
-1.476493,300,71883.347339
-1.74787,300,71886.345829
-4.885376,300,71889.251036
53.998335,147,71890.724259
-2.361885,300,71894.320855
1.355848,300,71897.614089
-2.824214,300,71900.936947
-3.022435,300,71904.208843
54.087418,166,71906.019186
53.805137,154,71907.689808
-2.918197,300,71910.77009
-1.229807,300,71913.847738
-1.807396,300,71917.401028
-2.481955,300,71920.784975
-3.85317,300,71924.133026
-1.962309,300,71927.345492
53.933492,141,71928.859625
-3.255303,300,71931.988808
-1.891882,300,71935.185383
-2.490937,300,71938.324455
-4.11539,300,71941.514952
-2.391386,300,71944.670015
-6.066427,300,71947.80408
0.223948,300,71950.940176
-7.806046,300,71954.099105
53.282848,192,71956.135253
-6.009182,300,71961.108887
53.188692,157,71962.775573
-3.060564,300,71965.890882
-16.093571,300,71968.977108
-5.084846,300,71972.103014
-13.353155,300,71975.210145
-5.3819,300,71978.361337
-38.866093,300,71981.470668
2.634669,300,71984.625439
-3.760419,300,71987.812654
-2.271884,300,71990.868451
-6.147287,300,71993.782956
-1.886997,300,71996.521203
-2.346536,300,71999.318698
-3.49362,300,72002.139806
1.917062,300,72004.870281
-0.88415,300,72007.663933
-6.882327,300,72010.40608
-6.419919,300,72013.336543
-8.802257,300,72016.416679
-9.470247,300,72019.209217
-4.667165,300,72022.147512
-8.028624,300,72025.160152
-4.349192,300,72028.025398
-9.12874,300,72030.945998
-10.111237,300,72033.978639
-1.872922,300,72037.038194
-9.76513,300,72039.922801
-7.78375,300,72042.781615
-5.730146,300,72045.714076
-4.072616,300,72048.970457
-5.026933,300,72051.951655
-3.675367,300,72054.874443
-3.488543,300,72057.835089
-6.590965,300,72062.737564
-10.265019,300,72065.771139
53.651077,133,72067.129081
-7.663881,300,72070.145888
-3.987126,300,72073.411646
-8.199187,300,72076.467835
-3.221211,300,72079.569085
-7.448681,300,72082.76365
53.019002,156,72084.40001
1.802268,300,72087.344403
-0.319078,300,72090.428581
-6.323186,300,72093.19467
52.011645,145,72094.618759
-11.068483,300,72097.428538
-3.85255,300,72100.345656
-9.619592,300,72103.113916
-4.265981,300,72105.921379
-3.376671,300,72108.757202
2.356811,300,72111.538169
52.619922,232,72113.715994
-4.974459,300,72116.511717
53.53534,130,72117.815768
-6.619841,300,72120.606687
-5.037982,300,72123.444176
53.866107,139,72124.779538
53.427033,130,72126.006037
-1.726359,300,72128.779026
-7.973987,300,72131.539963
-4.478813,300,72134.328758
-1.959076,300,72137.099111
53.548067,135,72138.327597
-9.081773,300,72141.152383
52.481147,147,72142.575009
-35.74696,300,72145.379746
0.70462,300,72148.16959
-6.78223,300,72150.903966
-7.991782,300,72153.73151
-8.409547,300,72156.545732
-3.721252,300,72161.229029
-3.094241,300,72164.029732
-6.195568,300,72167.026162
-3.066018,300,72169.838756
-0.197895,300,72172.666215
52.229903,160,72174.187012
0.210328,300,72177.089881
53.850491,171,72178.729828
-4.402487,300,72181.554329
-8.945113,300,72184.288043
2.690212,300,72187.448378
-7.05179,300,72190.359789
-3.580106,300,72193.296248
-6.137331,300,72196.149182
-5.861855,300,72199.180721
-2.893521,300,72201.823894
-2.841834,300,72204.73525
-2.417571,300,72207.59817
-4.854203,300,72210.492595
-0.098839,300,72213.313268
-2.118946,300,72216.117629
-0.630398,300,72219.111063
-1.551762,300,72222.018366
-2.804405,300,72224.843646
-2.327377,300,72227.63839
-6.690147,300,72230.502423
-7.272027,300,72233.397533
-1.350003,300,72236.185622
-3.075689,300,72239.064612
53.712385,122,72240.213398
-1.864777,300,72243.122126
-4.185036,300,72245.919738
-6.238812,300,72248.90273
-3.159853,300,72252.048813
-1.289105,300,72254.996393
-4.986726,300,72260.181454
-0.343547,300,72263.009858
53.341434,198,72264.837082
-1.338255,300,72267.715112
-2.376627,300,72270.60234
-4.123948,300,72273.362304
-5.793825,300,72276.070685
-4.790106,300,72279.024652
0.719663,300,72281.863547
-2.042835,300,72284.719306
-2.27101,300,72287.541195
-1.833428,300,72290.376899
-2.676979,300,72293.187968
-5.934728,300,72295.968589
-3.73726,300,72298.790546
52.942496,285,72301.486309
-0.986348,300,72304.170864
-1.750742,300,72306.951816
-6.223352,300,72309.840086
-4.103455,300,72312.652173
-2.638007,300,72315.51858
-1.57589,300,72318.412181
-0.881289,300,72321.302919
-2.663385,300,72324.200866
53.424586,174,72325.792318
-1.648676,300,72328.659762
-2.502407,300,72331.486439
-14.654511,300,72334.455724
-2.368676,300,72337.321372
51.846081,153,72338.754443
53.876734,121,72339.875016
-4.049827,300,72342.730336
52.400211,141,72344.030372
-1.751033,300,72346.915928
-5.577765,300,72349.865259
-9.214099,300,72354.77716
-0.998663,300,72357.645879
-3.100236,300,72360.96818
-4.218406,300,72363.816091
-8.554321,300,72366.785797
-4.880583,300,72369.596414
-8.325832,300,72372.413595
-3.635061,300,72375.271851
-7.615907,300,72378.161424
-1.403312,300,72381.11179
-11.410598,300,72383.977927
-15.539367,300,72386.774214
-12.818744,300,72389.704781
-9.945711,300,72392.505914
-12.648804,300,72395.336816
2.114558,300,72398.178096
-8.022234,300,72401.111282
-1.059014,300,72404.068873
-7.129086,300,72407.012164
-2.103038,300,72410.336072
-1.230819,300,72413.704901
-4.354157,300,72416.790756
-6.212027,300,72419.701401
-2.473474,300,72422.589548
-3.951605,300,72425.464331
-4.917803,300,72428.302139
-1.131293,300,72431.170537
-0.820687,300,72434.086591
-3.039116,300,72437.022375
53.035743,164,72438.637816
51.963593,177,72440.656672
51.935479,232,72442.894116
-1.296695,300,72445.796796
-12.07525,300,72448.607864
-1.287965,300,72451.440675
-13.330082,300,72456.448603
-1.106663,300,72460.086059
-2.739153,300,72463.678211
-4.393117,300,72466.647085
-4.672688,300,72469.590451
-21.336295,300,72472.65853
2.075934,300,72475.607192
-1.16644,300,72478.542408
-5.133671,300,72481.466978
-2.923873,300,72484.617024
-5.166349,300,72487.712719
53.798259,169,72489.478527
-1.262602,300,72492.449798
-1.462413,300,72495.475185
-2.362062,300,72498.374725
-3.560314,300,72501.348321
51.696178,188,72503.066073
0.742034,300,72506.016929
-2.278089,300,72508.833395
0.094194,300,72511.589881
-7.729929,300,72514.324006
2.832664,300,72517.257561
-3.624653,300,72520.008887
53.251937,140,72521.301932
-1.636023,300,72524.097161
-6.002043,300,72526.951681
-0.970384,300,72529.716516
53.604918,159,72531.159557
-2.900293,300,72533.94878
-10.28051,300,72536.75113
-1.255167,300,72539.523207
-2.17432,300,72542.362943
-4.40635,300,72545.157039
-3.220262,300,72547.993615
-2.90864,300,72550.74478
0.711272,300,72555.503168
-3.549949,300,72558.385844
-0.858134,300,72561.207956
-1.127181,300,72564.02952
53.765048,120,72565.120517
-1.354425,300,72567.919809
-4.109526,300,72570.894989
-2.859958,300,72573.81982
-11.649443,300,72576.657708
-16.555989,300,72579.418216
-4.836665,300,72582.285474
48.953815,290,72584.959524
53.29196,133,72586.212792
-4.434915,300,72589.035713
-0.516614,300,72591.895264
-6.847884,300,72594.787934
-2.68269,300,72597.730363
-1.635926,300,72600.49641
-3.845232,300,72603.457336
0.902367,300,72606.21433
-5.036002,300,72608.986241
51.867361,247,72611.536399
-2.354211,300,72614.362983
-1.609739,300,72617.392975
-4.920418,300,72620.13397
-0.214845,300,72623.026835
53.777866,135,72624.320403
53.529241,144,72625.680042
-1.154904,300,72628.444007
-5.603872,300,72631.244014
-3.170139,300,72634.319561
0.263674,300,72637.212606
-1.34796,300,72640.008398
-5.627343,300,72642.818014
-1.102113,300,72645.729949
-5.053409,300,72648.577801
-4.366488,300,72653.219835
-8.049218,300,72656.198021
-1.663935,300,72659.263818
52.269552,162,72661.14241
1.957964,300,72664.216515
1.395886,300,72667.329943
-3.760329,300,72670.566579
-5.476635,300,72673.700375
-3.053188,300,72677.367956
52.910413,177,72679.238024
53.293116,131,72680.606321
-10.523092,300,72683.959294
-1.006029,300,72687.393369
-5.17807,300,72690.487225
0.341703,300,72693.940245
-1.496401,300,72697.133753
-1.092045,300,72700.231981
1.530286,300,72703.645582
-0.95623,300,72706.961454
-0.431765,300,72710.083833
-3.694323,300,72713.397085
52.606605,143,72714.920184
-1.430401,300,72718.441303
51.72989,225,72721.075575
52.480451,215,72723.655364
53.783432,122,72724.947392
-1.061451,300,72728.280106
0.502932,300,72731.698198
-3.170242,300,72734.89325
-2.955117,300,72738.06248
-1.677232,300,72741.084988
-1.596206,300,72744.391375
-0.695459,300,72747.900173
53.389583,129,72749.292637
-1.98884,300,72752.706958
-1.51139,300,72756.000086
-10.570878,300,72759.251993
-5.044973,300,72764.28014
1.513379,300,72767.562883
-5.049137,300,72770.64748
-1.266698,300,72773.749235
-1.88299,300,72776.884551
-12.868661,300,72780.300375
54.012373,146,72781.936892
-9.586802,300,72785.070707
-10.411138,300,72788.170827
-15.625572,300,72791.211392
-0.46593,300,72794.403513
-1.021137,300,72797.595609
53.688665,187,72799.716263
-2.068418,300,72802.886918
52.808998,171,72804.742469
-14.323249,300,72807.791758
52.082596,160,72809.397175
53.005906,145,72810.901194
53.625887,142,72812.354062
-8.303764,300,72815.213346
-1.708528,300,72818.300382
-18.836812,300,72821.553998
-0.590507,300,72824.431155
52.302181,137,72825.813281
-1.082003,300,72829.167661
2.341091,300,72832.483607
-7.567559,300,72835.767906
-7.442275,300,72839.012275
-2.220786,300,72842.139864
53.525466,146,72843.689098
-6.798108,300,72846.888565
52.763354,141,72848.431428
-2.307568,300,72851.572567
-9.60813,300,72854.691559
-7.442998,300,72857.83785
-1.627443,300,72861.025145
-2.793986,300,72864.198387
53.274478,133,72865.613512
-1.416804,300,72870.565674
54.022109,110,72871.723602
-7.270071,300,72874.844782
-1.306425,300,72878.072795
1.572889,300,72881.198983
-1.416159,300,72884.308298
-3.812845,300,72887.492657
51.700656,186,72889.505138
-0.854638,300,72892.711411
-7.763243,300,72895.825003
-8.16832,300,72898.955772
-1.012872,300,72902.159649
-8.175196,300,72905.319987
-8.000944,300,72908.407823
-3.429812,300,72911.490046
-2.320824,300,72914.618075
-1.312218,300,72917.781405
-0.944211,300,72920.90515
-0.945069,300,72924.106387
0.408981,300,72927.350215
53.508434,141,72928.784607
-11.972241,300,72931.954152
-1.611518,300,72935.040535
2.253108,300,72938.203402
53.184764,194,72940.196005
52.760217,134,72941.604859
-3.190989,300,72944.705367
-10.505148,300,72947.816729
-5.967227,300,72950.903023
52.800777,141,72952.360857
-1.343633,300,72955.447653
-5.316699,300,72958.670946
53.926218,132,72960.06773
-1.02863,300,72963.215648
-1.469446,300,72966.310473
-2.831619,300,72969.498
-1.824984,300,72972.621158
54.016492,139,72975.839766
52.019804,154,72977.45829
52.695799,144,72979.022441
-0.910615,300,72982.175494
-2.749824,300,72985.280601
53.617378,135,72986.696965
-7.081433,300,72989.802174
-5.353125,300,72992.935506
-2.692139,300,72996.045792
53.331744,131,72997.406778
-5.875599,300,73000.526893
52.609496,132,73001.917849
-6.282194,300,73004.992369
-7.547181,300,73008.129825
52.414842,133,73009.524393
-1.020882,300,73012.661534
-3.200389,300,73015.785504
-2.384957,300,73018.909754
-1.996367,300,73022.070237
-7.44566,300,73025.330442
-3.682824,300,73028.637724
-2.131661,300,73031.902581
-1.595286,300,73035.065978
-0.655355,300,73038.232683
53.246863,125,73039.506664
-1.040945,300,73042.712168
52.481872,212,73044.927731
0.738096,300,73048.162786
-2.865729,300,73051.327408
-6.473693,300,73054.512604
-8.66202,300,73057.633901
-4.703644,300,73060.769463
-1.975075,300,73063.872982
-2.459774,300,73067.193727
-4.607569,300,73070.441391
-5.404272,300,73073.639508
-7.006678,300,73076.730499
-1.380384,300,73079.838122
-3.380996,300,73084.670423
-1.245279,300,73087.769305
-1.169065,300,73090.85267
-5.91942,300,73094.065188
-3.643141,300,73097.216841
-3.902432,300,73100.280544
52.527957,138,73101.747681
-4.847642,300,73104.872678
-5.214702,300,73108.089488
53.484671,126,73109.402189
-2.230952,300,73112.552443
-2.82218,300,73115.651442
-1.624841,300,73118.744444
-1.528283,300,73121.824728
52.217952,204,73123.915551
-1.771019,300,73127.037879
51.814323,194,73129.080404
-2.317312,300,73132.24029
-6.304058,300,73135.408652
-0.744119,300,73138.57694
-1.162992,300,73141.698103
53.330923,211,73143.848767
-1.500725,300,73146.953123
-2.045592,300,73150.034245
-0.719853,300,73153.148911
52.924132,231,73155.617468
-1.137248,300,73158.757073
-1.575848,300,73161.935866
-8.189785,300,73165.136282
-4.782869,300,73168.373582
-1.788813,300,73171.728656
-0.873125,300,73174.924408
-2.979245,300,73178.115207
0.357447,300,73181.537278
-2.199275,300,73184.907239
2.180415,300,73189.991604
-5.00154,300,73193.291919
54.103766,128,73194.646923
-1.400432,300,73197.990563
53.319739,137,73199.57586
53.160676,203,73201.927738
-0.845235,300,73205.124263
-8.277251,300,73208.353691
-6.826283,300,73211.634926
-13.259635,300,73214.95121
-2.849083,300,73218.33151
-3.51123,300,73221.666908
52.658913,139,73223.249281
53.76382,156,73225.02573
53.711912,171,73226.883213
-2.584465,300,73230.218697
52.122406,158,73232.088039
-4.739114,300,73235.452417
-5.12094,300,73238.748644
-3.33054,300,73241.931065
-3.041094,300,73245.219743
-8.398687,300,73248.643376
-9.03302,300,73251.828617
-9.560295,300,73254.946495
-14.641777,300,73258.248396
-6.438787,300,73261.532369
-5.755933,300,73264.740318
-8.948092,300,73268.311251
53.847258,152,73270.005253
-6.202266,300,73273.246655
-3.579733,300,73276.369835
-5.644109,300,73279.55031
51.874075,269,73282.397554
-17.692155,300,73285.663174
53.690874,123,73287.036789
-9.5197,300,73290.141365
-3.031242,300,73293.306819
-2.529704,300,73296.610588
-8.859874,300,73301.534523
-16.412722,300,73304.719106
-5.203817,300,73307.934995
53.984911,135,73309.434737
-81.095713,300,73312.617705
-2.008473,300,73315.982171
53.366726,207,73318.253859
-33.620464,300,73321.692294
-1.36079,300,73325.139212
53.360449,147,73326.872185
-4.156247,300,73330.267272
54.225408,129,73331.722159
-6.470362,300,73334.980871
52.641104,262,73337.839333
-7.114645,300,73341.239519
53.217029,135,73342.788337
-1.707592,300,73346.296368
-6.890203,300,73349.593641
52.773317,143,73351.137179
-8.12947,300,73354.282508
53.885051,178,73356.146259
51.724584,151,73357.720604
53.314367,196,73359.801218
-3.103279,300,73362.951539
0.239813,300,73366.083427
-6.252239,300,73369.151695
-0.556585,300,73372.181752
-23.913185,300,73375.34609
53.376502,172,73377.092993
-3.028298,300,73380.103056
53.11653,119,73381.354795
-10.416825,300,73384.471388
53.874489,138,73385.901478
54.053305,160,73387.558371
52.044799,236,73389.943539
-6.68299,300,73393.042307
-2.760624,300,73396.09093
51.455116,182,73397.929794
53.83526,114,73399.048443
0.253806,300,73402.147221
-9.930139,300,73405.1852
-10.130479,300,73410.19642
-0.385716,300,73413.32807
53.66889,128,73414.688457
53.270153,147,73416.223127
-0.984981,300,73419.426036
-5.30861,300,73422.512979
-11.086178,300,73425.503427
-4.627232,300,73428.653903
-13.956122,300,73431.842995
-5.961397,300,73434.823902
-4.809319,300,73437.91379
53.207899,119,73439.130703
-4.591243,300,73442.469025
-12.438299,300,73445.517585
52.122864,155,73447.143936
-13.113495,300,73450.125225
-15.727817,300,73453.190646
52.852892,142,73454.668961
-4.151901,300,73457.806511
-5.294353,300,73460.84406
-7.040761,300,73463.930992
-10.552207,300,73466.94435
-9.306023,300,73469.987715
-2.659439,300,73473.025289
-4.495837,300,73476.101501
-1.991296,300,73479.235005
-6.432106,300,73482.346047
-4.911416,300,73485.386758
-10.168583,300,73488.43287
-13.666112,300,73491.578749
-3.035106,300,73494.771351
-3.328466,300,73497.940281
-10.956269,300,73501.053785
-5.848966,300,73504.062803
-1.442794,300,73507.152973
48.250114,193,73509.093713
-4.488324,300,73512.106743
-5.651606,300,73517.127469
-5.701865,300,73520.159159
-6.054585,300,73523.173307
-3.510572,300,73525.996647
-2.125734,300,73528.777165
-3.549594,300,73531.653628
-3.677979,300,73534.35386
-2.485251,300,73537.182642
-1.49146,300,73539.928679
-4.134237,300,73542.785282
-3.785008,300,73545.490743
-3.482762,300,73548.220736
-57.912141,300,73550.972873
-57.423695,300,73553.87132
0.395526,300,73556.613102
53.219204,161,73558.142372
-1.756618,300,73560.918787
-2.220672,300,73563.712006
53.776329,138,73565.319667
-2.526102,300,73568.29372
-6.990235,300,73571.391704
-3.317349,300,73575.004772
1.887007,300,73578.483208
-2.79653,300,73581.4775
-1.650824,300,73584.466614
-12.910975,300,73587.437966
-8.270026,300,73590.405244
-1.750655,300,73593.402189
53.789264,135,73594.652899
-8.408872,300,73597.699761
-4.425084,300,73600.694692
54.083384,128,73601.974213
53.41438,132,73603.320136
-3.173145,300,73606.260842
-1.832179,300,73609.170958
-2.259512,300,73611.986383
53.581617,123,73614.912199
-7.28155,300,73618.068951
-5.883096,300,73621.11891
-2.228786,300,73624.11921
-2.949365,300,73627.18244
-54.349015,300,73630.117567
54.018416,124,73631.337035
-12.121489,300,73634.444544
-3.229509,300,73637.494312
-9.542336,300,73640.487588
-3.234267,300,73643.597243
-4.237815,300,73646.484176
-6.529427,300,73649.465303
-6.023359,300,73652.556074
-7.164367,300,73655.425368
-6.084118,300,73658.339714
-7.154062,300,73661.779305
0.042452,300,73665.211811
1.814389,300,73668.757945
-12.629127,300,73671.737706
-8.646598,300,73674.853424
-5.084722,300,73677.965477
54.098992,125,73679.319542
-15.158449,300,73682.351978
0.541115,300,73685.526019
-36.418196,300,73688.501539
-11.633216,300,73691.608742
-4.474777,300,73694.746688
-1.414112,300,73697.815648
-13.48185,300,73701.44465
-4.323133,300,73704.893834
53.187527,149,73706.743292
52.050591,148,73708.175621
53.998811,124,73709.451973
-1.592257,300,73712.495191
-10.939172,300,73715.318789
-5.252178,300,73719.88116
53.30473,148,73721.574564
-11.717954,300,73724.307592
-0.1597,300,73727.072755
53.706428,128,73728.408973
-2.866735,300,73731.661986
-7.07826,300,73734.786294
0.528659,300,73738.010807
-4.91072,300,73741.099407
1.057761,300,73744.335025
-5.945913,300,73747.499928
-4.855789,300,73750.637305
-6.512437,300,73753.708608
-6.782243,300,73756.825115
-15.758179,300,73759.977476
52.673197,146,73761.455412
53.673618,140,73762.93323
-2.355772,300,73766.055952
-6.874673,300,73769.205971
52.493665,151,73770.764005
-0.452405,300,73773.854645
-4.090417,300,73776.932849
-2.969422,300,73779.994361
-23.227178,300,73783.079235
-25.852851,300,73786.123015
1.388839,300,73789.285083
51.668733,157,73790.898655
53.903323,142,73792.412276
-0.34443,300,73795.55501
-1.833956,300,73798.765688
-6.409686,300,73801.816586
-2.858031,300,73804.924027
-30.989504,300,73808.009579
-2.336391,300,73811.090078
3.050491,300,73814.218949
-2.64021,300,73817.309378
53.834472,120,73818.564619
-4.744711,300,73821.702851
-14.411469,300,73826.728605
-3.231057,300,73829.853592
-5.719942,300,73832.998273
53.628418,118,73834.258305
-8.712619,300,73837.388212
-1.511566,300,73840.544059
-1.434869,300,73843.70377
-6.646686,300,73846.845316
53.799643,136,73848.279088
-8.902462,300,73851.342026
-3.122695,300,73854.550359
-8.305409,300,73857.740554
0.013087,300,73860.830731
-5.250914,300,73863.96915
-5.521744,300,73867.242442
-4.299597,300,73870.52677
53.675042,119,73871.832898
-2.480805,300,73874.891387
53.768732,129,73876.234065
-3.778436,300,73879.382693
51.885196,154,73880.982785
-8.80998,300,73884.129174
-23.298804,300,73887.193662
-2.84208,300,73890.306105
-7.270387,300,73893.46943
-19.952206,300,73896.557532
-1.800119,300,73899.685733
-2.189271,300,73902.808913
-2.921011,300,73905.961064
-12.04377,300,73909.063427
-3.882997,300,73912.128349
-9.733399,300,73915.327186
-10.002761,300,73918.498822
-17.895848,300,73921.597444
-34.706445,300,73924.827541
-9.483481,300,73928.134667
-5.739872,300,73933.158772
-13.193821,300,73936.324004
-16.257888,300,73939.475446
-2.701782,300,73942.642951
-10.122678,300,73945.744073
-3.682891,300,73948.977646
-4.851118,300,73952.084635
-2.366556,300,73955.184547
-17.167893,300,73958.334262
-5.717439,300,73961.494314
-1.029256,300,73964.638624
-1.426628,300,73967.8402
-2.459538,300,73970.956159
-5.699735,300,73974.05165
-2.58418,300,73977.37448
-5.431116,300,73980.90334
-8.314518,300,73984.037099
0.871417,300,73987.097238
-6.931658,300,73990.211042
-15.354343,300,73993.400657
-5.263696,300,73996.454393
-3.439641,300,73999.638745
-8.875916,300,74002.832776
-3.262457,300,74005.922844
-8.773614,300,74009.062983
-1.359118,300,74012.178509
-9.449035,300,74015.362548
-19.117725,300,74018.582671
-18.362352,300,74021.964453
-15.999308,300,74025.213746
-13.066082,300,74028.565847
-2.76876,300,74031.927806
-18.766517,300,74035.308132
-2.493188,300,74040.686816
-16.631389,300,74043.940517
-2.20427,300,74047.150874
-2.018643,300,74050.227975
-3.424121,300,74053.3001
-4.85004,300,74056.358591
-10.452659,300,74059.658134
-4.150445,300,74062.760093
-8.966355,300,74065.78728
-6.604414,300,74068.864709
-6.3817,300,74072.01473
-2.627267,300,74075.171324
-8.566567,300,74078.31367
-3.163094,300,74081.363297
-2.554585,300,74084.538008
-2.029484,300,74087.713393
3.091508,300,74090.842478
51.196272,296,74093.961522
-4.838509,300,74097.229019
-0.775829,300,74100.322479
-1.892783,300,74103.440924
-2.192979,300,74106.530606
-1.044996,300,74109.718065
3.623614,300,74112.806724
-1.660574,300,74115.898331
-9.475786,300,74118.962348
54.060381,133,74120.363426
1.174474,300,74123.513395
-1.012377,300,74126.617605
-2.870787,300,74129.698646
-6.269577,300,74132.852046
-1.160143,300,74135.966415
-0.792293,300,74139.091413
51.281876,172,74140.835627
-1.881586,300,74144.058754
-3.873946,300,74149.002525
-2.792573,300,74152.235576
-2.123444,300,74155.47017
51.868534,159,74157.287481
53.994271,114,74158.5744
-0.081589,300,74162.053219
0.916502,300,74165.5764
-3.519278,300,74169.14955
-4.812,300,74172.355919
1.013552,300,74175.598936
-0.58211,300,74179.204158
-1.756323,300,74182.622561
-6.248158,300,74185.967933
-1.942995,300,74189.254711
-5.004914,300,74192.720357
3.325097,300,74196.059144
-9.645183,300,74199.198954
52.551889,158,74200.875106
-9.650539,300,74203.918748
53.316519,133,74205.324145
-3.45808,300,74208.660903
4.079306,300,74211.937382
51.989917,152,74213.59734
-5.493805,300,74216.909193
-9.124753,300,74220.207736
54.060048,139,74221.808046
-1.699109,300,74225.157285
-0.458693,300,74228.442893
-9.620725,300,74231.52571
-0.734696,300,74234.911309
-0.500197,300,74238.262742
-1.786546,300,74241.544774
-3.797414,300,74244.937134
-5.763214,300,74248.149664
-5.758734,300,74251.495656
-0.605987,300,74254.737458
-1.015432,300,74260.033339
-5.740967,300,74263.408943
-0.810332,300,74266.715355
-0.703285,300,74269.835141
-1.883454,300,74272.866651
53.410413,124,74274.119577
-16.441469,300,74277.143492
-4.490456,300,74280.218263
-0.522634,300,74283.276168
53.664064,136,74284.647822
-1.946284,300,74287.972844
-1.399347,300,74291.383713
-1.696307,300,74294.589948
53.697873,139,74295.977831
-11.298298,300,74299.026516
-18.168906,300,74302.156999
1.831834,300,74305.361336
53.274316,129,74306.662617
2.198288,300,74309.753407
53.545941,134,74311.132311
-4.966666,300,74314.175203
53.97605,128,74315.503177
-17.309874,300,74318.532593
-5.492329,300,74321.619469
-2.525567,300,74324.691995
-3.244913,300,74327.820909
0.737702,300,74330.813999
-1.415883,300,74333.849805
-0.768591,300,74336.901941
-16.312014,300,74340.016587
-9.020718,300,74343.024398
-2.016099,300,74346.084203
0.32927,300,74349.167364
-2.605481,300,74352.160192
2.046174,300,74355.205279
53.954854,135,74356.623429
-1.2752,300,74359.711503
53.307535,158,74361.417239
1.163561,300,74366.610267
-22.694729,300,74369.803823
-10.502326,300,74372.823855
-0.749592,300,74375.806474
52.854405,133,74377.147949
-1.26849,300,74380.222294
-1.635788,300,74383.252204
-2.215219,300,74386.234887
-1.324664,300,74389.363273
-6.660409,300,74392.452998
-10.511227,300,74395.534607
-18.334751,300,74398.610363
0.975812,300,74401.651488
-2.146823,300,74404.64175
-1.969742,300,74407.44136
52.70722,137,74408.626145
-2.856281,300,74411.375116
-1.450496,300,74414.02333
-3.639467,300,74416.659097
-6.422691,300,74419.286753
-2.089413,300,74422.389756
1.291953,300,74425.793708
-7.658858,300,74428.891243
-6.985887,300,74432.137481
-10.971463,300,74435.160091
-3.393383,300,74438.167355
-2.175998,300,74441.064713
-0.278206,300,74443.99456
-8.866414,300,74446.917095
-0.563181,300,74449.771531
53.191191,154,74451.357583
-5.705076,300,74454.546032
-3.587571,300,74457.722659
-8.012163,300,74460.659862
-5.309166,300,74463.512148
-2.584728,300,74468.581925
-2.735021,300,74471.451475
53.412373,136,74472.859188
-3.66063,300,74475.823588
-1.164391,300,74478.886451
53.576295,287,74481.63728
0.369572,300,74484.612063
-2.002478,300,74487.639247
1.017509,300,74490.448393
52.18116,230,74492.57438
-4.056301,300,74495.707909
-4.110765,300,74498.649965
53.705302,161,74500.233955
-3.816484,300,74503.623724
-4.356813,300,74507.368277
53.64699,155,74508.799114
-11.52114,300,74511.946429
-2.002112,300,74514.968574
51.967368,275,74517.843288
-7.881706,300,74520.848975
-8.911304,300,74523.849771
-3.152596,300,74526.802199
-4.558212,300,74529.79817
-2.069241,300,74532.675092
-4.342766,300,74535.508843
-2.054566,300,74538.58154
52.392191,161,74540.149335
-2.674053,300,74543.403676
-8.922967,300,74546.894135
52.872277,161,74548.777049
53.885005,141,74550.228055
53.027132,231,74552.711562
-3.395938,300,74555.950959
-4.824486,300,74558.679402
1.983627,300,74561.632237
-1.478406,300,74564.407967
-3.448994,300,74567.190283
-1.960612,300,74572.440088
-5.155768,300,74575.690917
-3.354517,300,74578.586846
53.747354,143,74579.968846
0.235438,300,74582.96349
0.443828,300,74585.915333
-2.126099,300,74588.673321
53.405732,142,74590.013582
-4.588006,300,74592.793885
-7.24121,300,74595.669104
53.618309,136,74597.296149
0.752696,300,74600.168032
-5.918271,300,74603.023271
-3.728529,300,74605.847417
-12.56945,300,74608.597399
-4.194759,300,74611.473233
-7.837668,300,74614.288643
-0.200196,300,74617.095131
0.225733,300,74619.953636
-6.293211,300,74622.613691
-1.048766,300,74625.398746
-2.702504,300,74628.202905
-2.055874,300,74631.244382
-5.778506,300,74633.95642
-5.819425,300,74636.811771
-2.537845,300,74639.930808
-8.218729,300,74643.337097
-3.873476,300,74646.31814
2.789574,300,74649.309015
-5.32721,300,74652.452218
-10.322079,300,74656.052388
-5.963411,300,74658.916343
-5.33177,300,74661.962818
-4.228572,300,74664.743103
-5.970554,300,74667.56695
53.973301,166,74671.054533
-5.191142,300,74674.12253
-1.267304,300,74676.920237
-2.158665,300,74679.730318
-2.163186,300,74682.773546
-5.941081,300,74685.942265
-8.753054,300,74688.840578
3.371002,300,74692.338371
-3.103285,300,74695.480421
-6.385905,300,74698.519057
-4.892404,300,74701.364349
-4.743524,300,74704.454428
-2.781009,300,74707.226582
-2.115811,300,74710.264054
-5.532033,300,74713.139597
-5.250419,300,74715.805348
-9.751745,300,74718.44034
-3.573266,300,74721.053055
-11.128313,300,74723.932139
-3.327494,300,74727.076903
-10.529747,300,74729.913882
-23.739972,300,74732.872629
-7.426549,300,74735.563418
-35.89336,300,74738.209838
-9.151654,300,74740.756247
-28.238892,300,74743.325547
-14.55784,300,74746.106748
-13.657363,300,74748.877462
-11.639203,300,74751.76969
-7.48737,300,74754.694782
-4.850122,300,74757.617868
-16.556579,300,74760.471514
-1.240344,300,74763.132751
-11.569158,300,74768.074493
-4.41584,300,74770.961422
-9.548205,300,74773.693651
-11.194649,300,74776.559666
-6.937592,300,74779.460062
-5.826623,300,74782.25451
-1.69173,300,74785.104181
-26.90585,300,74787.867475
-12.109784,300,74790.670055
-13.68772,300,74793.410031
-5.707564,300,74796.082922
-17.195673,300,74798.943448
-7.283257,300,74801.709824
-20.781314,300,74804.480058
-22.834456,300,74807.173204
-5.800505,300,74809.836815
-25.594249,300,74812.461342
-35.492844,300,74815.259193
-6.942281,300,74818.117431
-2.366274,300,74820.738872
-7.575032,300,74823.429624
-2.311295,300,74826.255981
-10.094552,300,74829.125426
-3.728347,300,74831.914106
-8.463143,300,74834.69943
-27.621363,300,74837.553517
-11.863409,300,74840.155314
-34.840274,300,74842.979608
-13.035399,300,74845.796901
-3.585226,300,74848.5501
-5.814276,300,74851.327176
-9.476337,300,74854.108963
-4.456144,300,74856.779433
-11.99177,300,74859.489016
-7.518437,300,74864.001318
-5.674515,300,74866.539407
-7.822303,300,74869.21878
-7.51668,300,74872.046545
-20.643199,300,74874.610775
-10.293719,300,74877.450909
-2.512826,300,74880.034793
-11.621357,300,74882.900022
-4.463652,300,74885.515925
-9.426397,300,74888.695201
-9.749183,300,74891.396685
-20.852206,300,74894.059281
-4.26251,300,74897.307301
-4.797787,300,74900.092323
-9.840169,300,74902.982881
-5.003764,300,74906.101426
-12.336752,300,74908.900705
-17.771221,300,74912.024949
-6.278071,300,74915.295858
-4.673471,300,74918.206652
-6.027522,300,74921.033899
-7.709687,300,74923.763232
-2.610941,300,74926.61249
-10.684308,300,74929.539499
-3.460064,300,74932.172564
-8.263052,300,74934.846068
-3.670094,300,74937.499588
-2.422614,300,74940.155323
-1.481511,300,74942.792784
-3.843539,300,74945.371896
-2.35013,300,74948.048051
-4.446775,300,74950.761122
-1.903965,300,74953.899005
-2.3905,300,74959.068441
-5.168207,300,74961.974828
-6.828834,300,74964.802453
-0.561408,300,74967.693079
-3.757517,300,74970.646481
-0.759498,300,74973.626117
-20.72441,300,74976.713915
-1.107744,300,74979.323146
-0.897963,300,74982.231995
-0.810889,300,74984.935797
-5.681973,300,74987.818043
-0.480899,300,74990.443904
-2.710324,300,74993.124293
-2.69246,300,74995.874806
-0.381872,300,74998.793229
-14.733996,300,75001.519104
-16.002276,300,75004.129222
-11.968249,300,75006.762945
-11.489378,300,75009.473757
-19.750105,300,75012.242149
-15.345491,300,75015.250245
-16.489905,300,75018.133656
-4.330882,300,75021.169939
-2.656146,300,75023.896831
-5.323391,300,75026.643117
-6.745435,300,75029.387848
-12.43251,300,75032.108865
-21.227992,300,75034.819231
-12.489872,300,75037.475269
-11.0293,300,75040.02959
-1.701906,300,75042.641808
-1.924023,300,75045.42264
-6.356866,300,75048.283701
-11.00828,300,75053.093113
-7.677727,300,75055.927772
-2.515296,300,75058.568231
-1.777203,300,75061.44387
0.43561,300,75064.569744
-4.899879,300,75067.640116
-3.399685,300,75070.559732
-0.90835,300,75073.318241
-5.808286,300,75076.167104
-9.145459,300,75079.142107
-1.338433,300,75081.982567
-0.513353,300,75084.778068
-2.064086,300,75087.599284
-7.667514,300,75090.273406
-3.031443,300,75092.930316
-4.637225,300,75095.643156
-1.05663,300,75098.281862
-5.52095,300,75101.161958
1.823642,300,75103.944983
-2.956939,300,75106.591205
-3.31653,300,75109.427125
1.282526,300,75112.293129
-0.585907,300,75115.014891
-3.496803,300,75117.824621
-3.249053,300,75120.63901
2.272751,300,75123.497357
-1.181082,300,75126.334846
-3.375283,300,75128.963251
0.844038,300,75131.755749
-2.504309,300,75134.36882
-2.444273,300,75137.189508
-1.127197,300,75139.822409
1.126614,300,75142.492579
-14.387351,300,75145.216324
-1.891678,300,75149.965875
-0.306446,300,75152.511735
-1.522564,300,75155.094684
-0.139411,300,75157.909651
1.360649,300,75160.918121
-2.548145,300,75163.643436
2.778004,300,75166.455528
-12.577092,300,75169.392591
-1.249268,300,75172.109596
-1.32499,300,75174.903603
-14.489685,300,75177.715846
-8.340354,300,75180.800974
-18.605252,300,75183.430285
-4.187456,300,75186.116279
-1.316996,300,75189.006878
3.193862,300,75192.235704
-1.385239,300,75195.243243
-8.731336,300,75198.282749
3.183339,300,75201.214073
-1.868555,300,75204.005986
3.011213,300,75206.697448
-3.056551,300,75209.570477
53.147989,135,75210.871493
0.411357,300,75213.875597
-2.617586,300,75216.630111
1.009815,300,75219.764148
-17.017343,300,75222.721809
-3.689686,300,75225.495703
2.133673,300,75228.308713
-10.257351,300,75231.704811
-1.982445,300,75234.75016
-16.323665,300,75237.913226
-9.123084,300,75240.921692
-1.766212,300,75244.005238
-4.460355,300,75248.797176
-4.440146,300,75251.556301
-3.527223,300,75254.519732
-13.145779,300,75257.375282
-5.79237,300,75260.377159
-12.980736,300,75263.478973
-4.662421,300,75266.181194
-3.152672,300,75269.072001
-4.078707,300,75271.945776
-1.113754,300,75274.892176
-22.727398,300,75277.86749
-8.265087,300,75280.89283
-2.84784,300,75283.991745
-9.535694,300,75286.800721
-14.183526,300,75289.583364
-10.607419,300,75292.57942
-16.209901,300,75295.47135
-0.906408,300,75298.216426
-2.64918,300,75301.028583
-2.931752,300,75303.858246
-15.377232,300,75306.925641
-4.405854,300,75309.875658
-1.826844,300,75312.613847
-17.154463,300,75315.383284
-5.41355,300,75318.237236
-16.499799,300,75321.237134
-9.891268,300,75323.964668
-3.773074,300,75326.78023
-3.056045,300,75329.448861
-3.165583,300,75332.544474
-8.230002,300,75335.351283
-19.423242,300,75338.180587
-10.160073,300,75341.048301
-4.161333,300,75345.968269
-3.392369,300,75348.696745
-4.927807,300,75351.535709
-6.962913,300,75354.246514
-9.619855,300,75356.961469
-10.224121,300,75359.931281
-6.0535,300,75362.831988
-4.262088,300,75365.575445
-9.438089,300,75368.366315
-7.167919,300,75371.054469
-3.047137,300,75373.813577
-8.569704,300,75376.701247
-1.798566,300,75379.614708
-8.321236,300,75382.367023
-1.787216,300,75385.102301
-8.505806,300,75387.911938
-4.750001,300,75390.838511
-5.961313,300,75393.47684
-8.417903,300,75396.225839
-9.659483,300,75398.839132
-7.6789,300,75401.668946
-8.935708,300,75404.267272
-1.167885,300,75406.972701
-3.479709,300,75409.862392
-2.317357,300,75412.875337
-30.522571,300,75415.651387
-19.427103,300,75418.385076
-2.152621,300,75421.167228
-9.162507,300,75423.985464
-16.288935,300,75427.123819
-40.394942,300,75430.56185
-1.74215,300,75433.643855
-3.144005,300,75436.366134
-2.726435,300,75441.364447
-6.252355,300,75444.574717
-3.70538,300,75447.317387
-1.336188,300,75450.091363
-1.390956,300,75452.782667
-16.915433,300,75455.50648
1.739321,300,75458.363864
-3.650135,300,75461.159681
-4.330752,300,75464.063249
-18.095154,300,75467.131461
-5.710306,300,75469.799973
-3.388437,300,75472.574491
3.730982,300,75475.222619
-14.254474,300,75477.941342
-0.211144,300,75480.825225
-4.819159,300,75483.753344
-8.557678,300,75486.555577
-22.703002,300,75489.080154
-5.751068,300,75491.676475
53.225973,125,75492.901118
-2.151621,300,75495.961719
-0.738311,300,75498.965409
-3.38543,300,75501.662658
-0.131532,300,75504.746781
-4.596097,300,75507.747524
1.655031,300,75510.659681
1.264691,300,75513.382919
-4.077616,300,75516.375092
-9.291233,300,75518.917718
-2.127398,300,75521.557213
0.180013,300,75524.078702
-13.432636,300,75526.678784
-3.702914,300,75529.305965
-5.038745,300,75531.844858
2.910915,300,75536.274341
-7.288136,300,75538.904819
-6.520346,300,75541.400047
-2.150195,300,75543.931393
-7.151361,300,75546.475714
-1.280544,300,75549.15663
-15.872843,300,75551.674984
-0.709943,300,75554.383884
52.175654,161,75555.880305
-2.881051,300,75558.699467
-2.417013,300,75561.559835
-10.835099,300,75564.231278
-1.425802,300,75566.88698
-16.113384,300,75569.715703
0.113321,300,75572.501936
1.665628,300,75575.130357
-0.445062,300,75577.996981
-1.029428,300,75580.838944
-10.098321,300,75583.728354
-12.799069,300,75586.743724
-16.703906,300,75589.71099
-3.115764,300,75592.848108
-5.697575,300,75595.754441
-6.381511,300,75598.606842
-5.772402,300,75601.57495
-6.991156,300,75604.369475
-2.615746,300,75607.125073
-6.748243,300,75609.795398
-6.786172,300,75612.429125
-14.773942,300,75615.312564
-2.296692,300,75618.219207
-5.71695,300,75621.040433
-2.144433,300,75623.825678
-2.759025,300,75626.416712
-1.436631,300,75630.8952
-1.096559,300,75633.410094
-5.49054,300,75635.919184
-2.548344,300,75638.575003
-6.426218,300,75641.056874
-2.769363,300,75643.618245
-4.391425,300,75646.116929
-6.262751,300,75648.710866
-16.274125,300,75651.226704
-3.72865,300,75653.866204
-11.551845,300,75656.59022
-9.016422,300,75659.304848
-7.981725,300,75661.84158
53.032263,140,75663.075446
50.626577,165,75664.49814
-4.199554,300,75667.322714
-5.621799,300,75670.306514
-1.30532,300,75673.003434
-6.31057,300,75675.585978
-10.423513,300,75678.221344
-1.252648,300,75680.766746
-8.131065,300,75683.403068
-11.92595,300,75685.997642
-1.761289,300,75688.631443
-0.994657,300,75691.186449
-9.26888,300,75693.73412
-5.386242,300,75696.304488
2.13128,300,75698.89631
53.551762,120,75699.930156
-14.097041,300,75702.473418
-31.355644,300,75705.027745
-1.206181,300,75707.668668
-4.526029,300,75710.250251
-5.838085,300,75712.960581
-8.08973,300,75715.539737
-4.404688,300,75720.043845
-3.0008,300,75722.710991
-9.203389,300,75725.414267
0.64758,300,75728.113671
53.770268,122,75729.203397
-5.51985,300,75731.826013
-2.375698,300,75734.456458
1.567256,300,75737.073555
-2.387855,300,75739.715175
-5.3855,300,75742.328274
-5.758346,300,75744.948644
-3.711326,300,75747.619521
-2.536941,300,75750.294613
-3.690273,300,75752.934343
-18.137053,300,75755.495226
-2.797971,300,75758.144204
-3.616563,300,75760.809987
-6.527213,300,75763.418708
-5.100302,300,75766.00723
-2.867846,300,75768.584616
-13.857128,300,75771.208357
-2.094694,300,75773.814646
-3.469087,300,75776.360637
-3.664198,300,75778.972894
53.128446,117,75780.009691
-2.585141,300,75782.572042
-3.144248,300,75785.137468
-6.658476,300,75787.714197
-6.416756,300,75790.372837
-9.218921,300,75792.919635
-1.426821,300,75795.411868
-33.646768,300,75797.916328
-5.236701,300,75800.42576
-3.040621,300,75802.961577
-1.164204,300,75805.456104
-2.727084,300,75809.843741
53.826038,117,75810.889475
-1.903748,300,75813.390524
-6.964381,300,75815.980699
-3.819704,300,75818.507826
-2.398101,300,75821.180637
-30.67704,300,75823.841434
2.613994,300,75826.399815
-21.959882,300,75828.925588
-8.069714,300,75831.500358
-3.594632,300,75834.050685
-2.926304,300,75836.534934
-7.110203,300,75839.07672
-9.339043,300,75841.642969
-1.57678,300,75844.159054
-23.545225,300,75846.659947
-99.967931,300,75849.167986
-1.595252,300,75851.735931
-2.225815,300,75854.295238
-38.050378,300,75857.038869
-48.137349,300,75859.727683
-83.530469,300,75862.687505
-1.882847,300,75865.533674
-0.754521,300,75868.272949
-50.867863,300,75870.86151
-0.867272,300,75873.608865
2.375454,300,75876.298657
-2.098354,300,75878.856196
-12.191152,300,75881.423715
53.016495,132,75882.624201
-8.945558,300,75885.284101
-7.121413,300,75887.807988
-2.648819,300,75890.334903
-11.064085,300,75892.945073
52.700682,126,75893.995262
-4.626868,300,75898.2861
-7.616161,300,75900.771845
-18.282951,300,75903.323762
-4.275398,300,75905.863623
-0.562579,300,75908.378284
0.361614,300,75910.869621
-2.003748,300,75913.450699
1.216901,300,75915.940339
52.653125,204,75917.709226
-6.062539,300,75920.318437
-8.57273,300,75922.97025
-5.012983,300,75925.46508
-15.84663,300,75928.103475
53.558043,130,75929.215595
52.74899,141,75930.438813
-5.209504,300,75933.007093
-8.964351,300,75935.507823
-1.960911,300,75938.022107
-9.49756,300,75940.717152
-2.667966,300,75943.330779
-1.638028,300,75945.90702
-3.448871,300,75948.499185
-2.863733,300,75951.092312
-4.911954,300,75953.686823
53.203557,188,75955.263615
-7.334632,300,75957.873353
2.969882,300,75960.448468
-0.71362,300,75962.95302
53.924547,116,75963.93003
-6.008121,300,75966.50393
3.257356,300,75969.059869
-3.329916,300,75971.660673
2.259682,300,75974.190722
-0.78245,300,75976.688153
-17.153779,300,75979.248709
52.699243,233,75981.183215
-4.004345,300,75985.363023
-5.591607,300,75987.879838
-1.291265,300,75990.425714
53.623397,130,75991.504968
-2.36179,300,75993.998942
-0.733083,300,75996.659806
-2.82868,300,75999.441192
2.42975,300,76002.070777
-6.459955,300,76004.662047
1.240528,300,76007.390466
1.336132,300,76010.032336
-1.372436,300,76012.774411
-1.505497,300,76015.419781
-6.398504,300,76018.054667
-2.54886,300,76020.773179
-0.97874,300,76023.322334
-9.722213,300,76026.024609
-4.590103,300,76028.620766
-6.031086,300,76031.371952
-1.526327,300,76033.979218
-10.153692,300,76036.578665
-12.826813,300,76039.247367
-9.965484,300,76041.88049
53.60446,152,76043.208697
0.094148,300,76045.709419
53.116537,153,76047.025753
-3.509687,300,76049.573646
53.211814,156,76050.896221
-9.095857,300,76053.418278
53.752738,112,76054.396752
54.083199,130,76055.540231
-0.960592,300,76058.105451
-8.662287,300,76060.603229
-11.828678,300,76063.142089
53.617904,117,76064.151854
-19.78535,300,76066.667911
-2.643381,300,76069.195925
52.40174,250,76073.041971
50.822278,294,76075.55285
-10.92898,300,76078.212084
-2.928168,300,76080.938664
-15.328444,300,76083.576217
-1.366124,300,76086.382697
-0.80329,300,76089.112016
52.306523,219,76090.979778
-8.358162,300,76093.510868
0.534803,300,76096.320422
1.226291,300,76099.024456
53.908896,133,76100.23301
51.854616,214,76102.18925
-10.097204,300,76105.195475
-0.858066,300,76107.910698
-1.636439,300,76110.543032
-7.472802,300,76113.219156
-3.111924,300,76115.787902
1.614621,300,76118.37827
-5.263753,300,76121.011651
-1.114993,300,76123.666463
-6.70003,300,76126.346284
-2.571377,300,76129.046791
53.76882,145,76130.366709
-8.450145,300,76133.035979
-8.100467,300,76135.658838
-6.213449,300,76138.429927
53.250794,146,76139.805004
-2.726154,300,76142.431636
-4.141517,300,76145.205677
52.682617,150,76146.525737
-0.352078,300,76149.037741
-5.051901,300,76151.687414
52.311939,143,76153.007676
-2.335776,300,76155.680993
-5.564996,300,76158.329973
53.01074,140,76159.516844
-7.413926,300,76163.852088
-3.818809,300,76166.44772
-6.159752,300,76168.957267
53.882421,133,76170.062471
-4.316046,300,76172.610948
-6.922093,300,76175.102909
-3.888759,300,76177.693085
-10.232714,300,76180.233161
54.230338,135,76181.431115
-4.741363,300,76183.988823
53.612229,138,76185.266688
-5.658665,300,76188.058001
-4.690854,300,76190.772084
-1.923505,300,76193.301693
53.68138,143,76194.553108
-5.796711,300,76197.157785
52.925348,147,76198.446804
-0.513337,300,76200.963488
-2.08718,300,76203.446948
-7.397899,300,76205.921747
-9.014784,300,76208.455557
-7.99966,300,76210.926858
-1.597699,300,76213.409866
-3.356956,300,76215.907896
-10.996553,300,76218.458755
-7.007661,300,76220.931344
-2.384188,300,76223.493955
-20.059557,300,76226.042611
-2.913333,300,76228.592136
53.830126,149,76229.83655
53.378801,134,76231.01401
-12.982199,300,76233.555212
0.462642,300,76236.183861
-12.5792,300,76238.706442
51.18493,277,76241.05216
-17.698097,300,76243.565365
-18.2542,300,76246.151023
54.024413,130,76247.253714
-7.659444,300,76251.402126
-6.10138,300,76253.957014
-12.848242,300,76256.501533
-0.023683,300,76259.053956
53.65044,131,76260.169444
-19.811637,300,76262.703535
-2.411512,300,76265.268485
-4.428017,300,76267.796095
-7.049298,300,76270.571686
1.827049,300,76273.201959
-7.435575,300,76275.755826
-3.160556,300,76278.271776
-6.770142,300,76280.763394
53.145361,124,76281.795374
-1.968827,300,76284.382476
-33.922552,300,76286.964829
-4.41496,300,76289.480365
-3.017012,300,76291.981579
-0.081102,300,76294.559843
-2.887722,300,76297.07791
53.251142,132,76298.188577
-2.47558,300,76300.683214
-9.475855,300,76303.266572
-1.905119,300,76305.813496
-3.535253,300,76308.434938
-6.682189,300,76311.078488
-1.501026,300,76313.680589
-7.84007,300,76316.220275
52.733319,146,76317.52132
-8.602233,300,76320.090665
53.12657,126,76321.191975
-4.265012,300,76323.728507
-9.348535,300,76326.275465
-2.094091,300,76329.1774
-5.422227,300,76332.03369
-4.597944,300,76334.774249
53.909416,115,76337.561329
-8.828869,300,76340.122801
-15.307468,300,76342.909541
53.25336,128,76344.034381
-9.929761,300,76346.72778
-11.635271,300,76349.364431
-10.797226,300,76352.138007
-1.815916,300,76354.754614
53.844805,122,76355.800712
-9.017001,300,76358.407331
-5.676833,300,76361.077505
-23.422006,300,76363.732483
-2.677198,300,76366.551063
-4.673614,300,76369.433292
-4.12184,300,76372.31189
-3.85976,300,76375.235244
53.681861,125,76376.417851
-1.830753,300,76379.183384
-9.349521,300,76381.777353
-2.151303,300,76384.27723
52.794214,157,76385.583288
-1.433474,300,76388.165969
-5.465244,300,76390.941012
-1.722573,300,76393.637387
-4.979665,300,76396.270042
-10.116474,300,76398.909733
-5.028802,300,76401.545939
53.037222,133,76402.718167
-1.420996,300,76405.300807
54.048656,144,76406.540312
-1.062555,300,76409.22062
-3.911514,300,76411.829948
-5.745331,300,76414.424877
-7.811927,300,76417.047724
-7.951562,300,76419.70383
-6.454392,300,76422.359042
-2.772696,300,76424.946579
-7.03604,300,76429.380753
-6.831809,300,76432.094603
53.209395,144,76433.591951
-1.308923,300,76436.181571
-1.88503,300,76438.889387
-3.203764,300,76441.537467
-7.121934,300,76444.184967
-12.023228,300,76446.748657
-8.859706,300,76449.332633
-4.448986,300,76451.919817
-3.420781,300,76454.502591
-3.587981,300,76457.134823
-5.107474,300,76459.700007
-8.293553,300,76462.409544
-9.375464,300,76465.036943
-3.166228,300,76467.644812
-6.374936,300,76470.289055
-11.502114,300,76472.962097
-9.387464,300,76475.548347
53.280956,126,76476.645846
-14.897331,300,76479.288178
53.254537,139,76480.522361
-7.200569,300,76483.27284
-11.673519,300,76485.850555
-0.466156,300,76488.492741
-8.384474,300,76491.133703
-1.610506,300,76493.793394
-15.986111,300,76496.412685
-1.288557,300,76499.083692
-4.693248,300,76501.747406
-11.756984,300,76504.375621
-8.275001,300,76507.031386
-19.722676,300,76509.610255
52.800547,139,76510.883274
52.711737,138,76512.121714
-11.680367,300,76514.705286
-6.882231,300,76518.949451
-10.565368,300,76521.783981
52.866431,141,76523.149242
-1.397473,300,76525.855596
51.932489,236,76528.023675
-3.192403,300,76530.650117
-5.540634,300,76533.433419
-4.939103,300,76536.155634
53.212074,132,76537.381166
-3.31409,300,76540.154929
-1.165859,300,76542.883331
-12.647877,300,76545.571114
53.944696,137,76546.75705
-5.686316,300,76549.441993
-7.022083,300,76552.000061
-2.456703,300,76554.63811
53.589405,128,76555.740341
-13.615866,300,76558.420077
-3.790926,300,76561.013371
52.900588,138,76562.216067
53.009974,136,76563.540202
-8.857514,300,76566.195537
0.892801,300,76568.782074
-7.243783,300,76571.427304
-4.816546,300,76574.338989
48.916335,243,76576.695039
-7.906513,300,76580.108052
54.165595,150,76581.909634
-3.653662,300,76584.797091
53.658052,137,76586.036425
-21.830463,300,77514.563876
-2.012747,300,77517.457905
-0.259288,300,77520.234188
54.120449,136,77521.541908
-7.512303,300,77524.313528
-4.889904,300,77531.155212
-12.17387,300,77533.801871
-3.896859,300,77536.479967
-1.80683,300,77539.003355
-11.370922,300,77543.371537
-0.682158,300,77545.915121
54.207106,130,77547.021731
-1.695262,300,77549.508467
-2.296532,300,77551.992586
-5.778584,300,77554.522582
-8.29957,300,77557.455201
-1.995558,300,77560.225575
-5.712768,300,78486.873288
-4.441119,300,78489.453735
-3.806407,300,78492.151063
-2.167383,300,78494.738493
-10.804045,300,78500.090714
-6.247441,300,78503.196413
-2.129601,300,78505.843111
-2.579042,300,78508.452704
54.064486,138,78509.730065
-4.036013,300,78512.421458
-2.8347,300,78515.623574
-7.93081,300,78518.85796
-3.043875,300,78521.87051
-4.457818,300,78524.721666
-4.416156,300,78527.672048
2.177505,300,78530.535075
-5.934011,300,79456.474307
-6.711336,300,79459.442762
-4.629005,300,79462.61377
-15.283239,300,79465.551186
-2.940057,300,79471.406012
-5.096908,300,79474.554435
-19.934367,300,79477.526521
-3.708505,300,79480.169814
53.103112,144,79481.450585
-2.395957,300,79484.107363
53.751578,120,79485.281705
-2.115052,300,79489.775369
-2.147607,300,79492.293085
-4.606116,300,79494.896531
-7.781775,300,79497.61704
-7.304937,300,79500.106441
53.706076,150,79501.455268
-8.639452,300,79504.141334
-2.327181,300,79506.867189
-1.6459,300,79509.627564
-6.844387,300,79512.414184
-5.741953,300,79515.123831
52.857856,140,79516.425984
-12.659714,300,79519.290061
-6.016611,300,79521.924568
-0.653932,300,79524.570108
-7.943955,300,79527.284039
53.122735,139,79528.517188
-9.67639,300,79531.209374
-14.181154,300,79534.008802
-5.454273,300,80490.67391
-5.08863,300,80493.345806
-1.051752,300,80496.150454
-12.902422,300,80499.201372
-4.453915,300,80502.863754
-4.643238,300,80506.24766
-1.635107,300,80509.211815
-1.424294,300,80512.021635
-1.230473,300,80514.98842
51.923101,193,80516.770867
-0.585157,300,80519.658306
53.80901,129,80520.892001
51.625233,225,80523.180725
-1.394685,300,80526.000631
-1.704994,300,80528.502058
53.774937,130,80529.626964
-4.955621,300,80532.213326
-1.53615,300,81375.471915
-1.57568,300,81382.098831
-4.583529,300,81385.371924
-1.238593,300,81389.811058
-8.322415,300,81394.115947
-1.529388,300,81397.58581
53.460226,130,81398.977309
-8.626221,300,81402.811832
-5.505934,300,81406.408097
53.230483,154,81408.161391
52.868446,142,81409.805983
-1.087102,300,81413.252617
-22.688049,300,81416.395232
-0.859615,300,81419.605822
0.566088,300,81422.864876
-5.111082,300,81426.069743
52.693062,159,81427.585474
-3.837282,300,81430.563772
-2.140468,300,81433.442725
53.096854,128,81434.723921
-2.487554,300,81437.5505
-1.526829,300,81440.657901
-3.499369,300,81443.566112
-5.637736,300,81446.500218
-1.274696,300,81449.378213
53.466329,134,81450.670982
-47.972627,300,81453.587623
-1.336561,300,81456.660111
51.873369,188,81458.40701
-1.897753,300,81461.218026
-17.299644,300,81464.075269
-14.979721,300,81466.999412
-5.876213,300,81469.806425
-1.352056,300,81472.675234
-13.182079,300,81475.771451
-0.881591,300,81478.794471
53.797485,133,81480.07454
1.998662,300,81482.939519
-1.153682,300,81487.586105
-0.953899,300,81490.417535
-1.694153,300,81493.469521
-3.398009,300,81496.539824
-3.164715,300,81499.454735
-1.858201,300,81502.46947
53.162873,145,81503.818876
0.989409,300,81506.652165
-2.436664,300,81509.543675
-5.620939,300,81512.546098
53.283725,144,81514.017308
-0.99926,300,81516.982283
-2.094794,300,81520.152523
-3.375516,300,81523.500627
-1.333366,300,81526.849874
53.765707,129,81528.184101
-2.373207,300,81531.608142
-7.832525,300,81534.657099
53.270018,150,81536.397605
0.868382,300,81539.611247
-1.154008,300,81542.735268
-7.761869,300,81546.163529
-2.282264,300,81549.167676
-0.890236,300,81552.146092
-0.651802,300,81555.337551
53.586897,135,81556.871558
52.109049,150,81558.277806
2.156591,300,81561.072965
-1.103507,300,81563.839353
-5.981871,300,81566.802496
-1.190257,300,81569.619476
-6.211703,300,81572.764492
-2.091887,300,81575.874528
-0.718205,300,81578.91931
-4.607093,300,81582.010727
-2.243343,300,81584.824754
-1.137927,300,81587.829217
-6.269598,300,81592.747287
-0.858387,300,81595.628061
53.287082,166,81597.164363
-1.418806,300,81600.287045
53.652023,142,81601.7575
-4.961272,300,81604.788841
-5.277017,300,81607.590115
-1.960199,300,81610.280313
-1.502909,300,81612.94598
-7.655746,300,81615.767622
-9.435906,300,81618.627248
-1.334713,300,81621.542286
-3.387646,300,81624.462231
53.169152,184,81626.290989
-4.195468,300,81629.268396
3.65292,300,81632.542707
53.645275,131,81633.837768
-1.261072,300,81636.931961
-3.104967,300,81639.920184
-4.749523,300,81642.878014
-2.479111,300,81645.804584
52.643767,146,81647.572891
-1.474401,300,81650.515069
1.480318,300,81653.484761
-1.116707,300,81656.601228
-11.664897,300,81659.579053
-1.624708,300,81662.424997
-0.833381,300,81665.343927
-4.913112,300,81668.210417
52.521861,163,81669.6525
-8.8326,300,81672.85842
-1.691319,300,81675.826933
-7.171651,300,81678.761457
-6.023883,300,81681.868167
-1.272403,300,81685.18524
-3.405657,300,81688.19305
-2.708252,300,81693.628567
53.852106,128,81694.99803
-7.197812,300,81698.16438
-20.34051,300,81701.064884
-6.57668,300,81704.185418
-3.140923,300,81707.318289
-2.936509,300,81710.218274
1.338993,300,81713.309489
-5.956156,300,81716.638968
-2.807469,300,81719.686367
-1.843827,300,81722.371189
-3.85936,300,81725.387839
-3.978608,300,81728.367436
53.784357,136,81729.654386
-4.743467,300,81732.770806
-0.431975,300,81735.730401
-1.358521,300,81738.897504
-5.822979,300,81741.946612
2.64054,300,81745.120914
-4.656699,300,81747.929589
1.289384,300,81750.881697
-2.65399,300,81753.968564
-0.669516,300,81756.804619
-12.151809,300,81759.785365
-1.431937,300,81762.917816
53.779048,138,81764.231507
-12.577139,300,81767.329495
54.034061,140,81768.710308
-1.096596,300,81771.900112
-1.651404,300,81774.834177
-2.635272,300,81777.74725
-4.514922,300,81780.752585
-2.893121,300,81784.125001
-8.074644,300,81786.964008
52.288872,160,81788.49283
-8.886462,300,81791.305181
-4.156952,300,81796.193411
-12.434246,300,81799.054969
-6.300679,300,81802.112412
53.898017,121,81803.511829
-6.471762,300,81806.610173
-2.709009,300,81809.762821
-3.034468,300,81812.652828
-2.006909,300,81815.703319
52.790764,157,81817.517198
-2.585345,300,81820.509905
-2.235153,300,81823.219517
-2.940346,300,81826.200643
-2.600449,300,81829.146256
-8.700738,300,81832.233417
-3.397862,300,81835.260443
-2.064228,300,81838.445196
-2.797101,300,81841.441101
-2.192966,300,81844.579122
-1.485,300,81847.864781
-3.23315,300,81851.081468
-7.737322,300,81854.141629
-1.307587,300,81857.040664
53.133109,122,81858.204363
-2.324533,300,81861.088592
-1.968678,300,81864.121823
53.634138,132,81865.324081
-4.367004,300,81868.138346
-12.543188,300,81871.01664
-1.640399,300,81874.044263
-13.898698,300,81876.879356
53.402874,141,81878.162178
53.778632,124,81879.291001
-3.880298,300,81882.25456
53.0797,142,81883.605096
-2.692455,300,81886.406061
53.888547,130,81887.791448
-21.769858,300,81890.70402
1.388309,300,81893.512549
53.606905,122,81896.542028
-6.254806,300,81899.621626
0.999055,300,81902.616337
0.148138,300,81905.827347
-8.781741,300,81909.005904
-16.961473,300,81911.979435
-0.607956,300,81914.998416
53.921307,183,81916.912573
-5.491874,300,81920.000586
-69.259333,300,81923.092364
-3.510668,300,81926.180591
-10.944633,300,81929.004227
-16.325097,300,81931.922914
-7.393143,300,81934.570894
-12.007716,300,81937.346787
-3.260274,300,81940.116439
-5.593028,300,81943.04124
-3.292455,300,81945.947495
-6.547443,300,81948.975228
-3.983634,300,81951.723679
-4.007134,300,81954.415312
-8.444788,300,81957.209056
-5.472268,300,81959.970086
-13.560205,300,81962.711786
-6.169258,300,81965.659538
-2.08402,300,81968.746254
-6.548685,300,81971.825212
-15.861587,300,81974.561705
-14.877486,300,81977.247346
-8.561783,300,81979.909585
-2.299951,300,81982.890769
-4.33931,300,81985.781183
-18.334904,300,81988.743012
-8.580228,300,81991.363737
-1.110238,300,81996.079859
-11.381986,300,81999.195781
-14.954814,300,82002.151639
-7.764836,300,82005.268618
-8.772148,300,82007.97763
-7.118062,300,82010.574391
-7.263189,300,82013.169325
53.185397,146,82014.432875
-4.392708,300,82017.131474
-5.911151,300,82019.767427
52.80078,139,82020.974602
52.710525,159,82022.486223
-9.685374,300,82025.187054
-5.36173,300,82027.822328
53.074993,141,82029.04831
-0.918908,300,82031.643207
-3.447021,300,82034.371922
-9.642855,300,82037.119789
-1.340828,300,82040.048123
-2.892549,300,82043.628
-7.040985,300,82047.546854
-5.313293,300,82050.68532
-6.912839,300,82053.458827
-2.260392,300,82056.825976
-1.48394,300,82059.607527
53.75426,145,82060.929378
-1.730418,300,82063.733041
-2.172618,300,82066.409273
-3.168578,300,82069.203347
-2.880139,300,82071.909677
52.644495,144,82073.189381
-15.394037,300,82075.870459
-10.282453,300,82078.664256
-1.933013,300,82081.370154
53.299272,139,82082.650814
-2.521673,300,82085.365796
53.046675,142,82086.737905
-2.322175,300,82089.42854
-6.238457,300,82094.013959
-3.364336,300,82096.714074
52.434404,154,82098.152555
1.672365,300,82100.830343
-1.377501,300,82103.54021
-31.617897,300,82106.187846
-5.191297,300,82108.960084
-4.915374,300,82111.658389
-2.39172,300,82114.343811
-7.495597,300,82117.113599
53.046882,139,82118.368851
-2.853196,300,82121.325748
-0.178754,300,82124.203281
-20.391745,300,82126.900173
1.956762,300,82129.56523
-8.619245,300,82132.581675
-1.709232,300,82135.332138
-11.204638,300,82138.140542
53.429845,157,82139.714145
-5.303923,300,82142.649497
-10.94535,300,82145.514466
-0.554244,300,82148.407991
53.308772,122,82149.723737
-10.201841,300,82152.786177
-4.765497,300,82155.670801
-5.373815,300,82158.454909
-5.265511,300,82161.385419
52.216852,153,82162.97689
-5.576899,300,82165.866407
-6.442018,300,82168.859535
-2.954076,300,82171.986363
-12.147151,300,82174.902235
-6.547237,300,82178.100303
53.878276,132,82179.376629
53.00459,134,82180.705268
53.721476,127,82182.032447
-4.192001,300,82185.109884
-6.220126,300,82190.35388
-13.116481,300,82193.155222
-6.789183,300,82195.973879
-9.186431,300,82198.978718
-0.27792,300,82202.069402
-11.476313,300,82205.069993
-7.627197,300,82208.097138
2.105249,300,82211.235487
0.734419,300,82214.026065
-1.502122,300,82217.075015
-4.999588,300,82219.826187
2.008305,300,82222.730342
3.385238,300,82225.717325
-0.896238,300,82228.611661
-12.508283,300,82231.353183
2.496525,300,82234.09716
-5.081425,300,82236.850106
-1.41924,300,82239.606204
-10.375974,300,82242.490124
2.528198,300,82245.172906
-6.534133,300,82247.867876
1.638863,300,82250.782903
-11.788653,300,82253.55201
-0.906112,300,82256.37339
-8.903034,300,82259.085337
-1.18308,300,82261.99617
-3.994541,300,82264.935347
-9.956845,300,82267.823127
0.740146,300,82270.535539
-0.663254,300,82273.302371
1.627788,300,82276.060237
-11.674871,300,82278.901682
-3.226815,300,82281.693542
-14.023604,300,82284.458402
-5.718815,300,82289.272169
-1.707506,300,82292.100707
-3.548153,300,82294.933446
-1.91861,300,82297.866409
-4.591638,300,82300.63942
-1.038252,300,82303.343693
-3.233806,300,82306.280424
-2.668449,300,82309.148761
-8.101978,300,82311.926869
-4.975355,300,82314.733844
-1.177436,300,82317.697664
-8.131482,300,82320.558298
-3.454751,300,82323.4916
53.682602,159,82324.940739
-5.865189,300,82328.127825
53.314159,158,82329.780298
-3.108411,300,82332.658259
-2.307243,300,82335.413052
1.753462,300,82338.348905
-4.308972,300,82341.212784
-2.431352,300,82344.124775
-4.933166,300,82346.881961
-1.342037,300,82349.695551
-5.88719,300,82352.472717
53.207745,165,82354.009248
-5.651497,300,82356.750808
-11.381452,300,82359.492994
53.8416,130,82360.731433
-1.997509,300,82363.463688
-4.790141,300,82366.139498
-3.591379,300,82368.869259
-2.976328,300,82371.608563
-4.930655,300,82374.252908
-9.228929,300,82377.160737
53.523313,137,82378.619168
53.986243,135,82380.13513
-3.216968,300,82385.08128
53.960701,163,82386.943958
51.231548,292,82390.407041
-3.50061,300,82393.466314
-1.874894,300,82396.363869
-14.774062,300,82399.271359
53.900218,142,82400.680522
1.244755,300,82403.759808
1.548266,300,82406.616891
-5.599135,300,82409.645088
-8.578188,300,82413.058756
54.356426,138,82414.410741
54.004482,115,82415.645787
-10.704358,300,82418.573436
-3.563397,300,82421.776399
54.023834,163,82423.435899
53.655991,146,82424.943846
-16.371835,300,82427.837553
-6.644832,300,82430.909416
0.234302,300,82433.649084
50.935927,232,82435.925979
-15.120736,300,82438.70691
-6.274742,300,82441.42829
-11.895722,300,82444.243957
-6.583348,300,82447.024464
-4.77593,300,82449.781023
53.387845,238,82451.984691
-2.83598,300,82454.717756
-2.828913,300,82457.497829
-8.300493,300,82460.343446
2.494961,300,82463.155629
52.017572,212,82465.123837
52.994992,185,82466.833595
-9.700273,300,82469.522095
-1.781162,300,82472.275774
-2.546697,300,82475.108836
1.89889,300,82478.038689
-10.507713,300,82481.072119
-1.786764,300,82485.878951
-2.388008,300,82488.593322
-1.54435,300,82491.379159
52.923445,148,82492.775977
-1.552778,300,82495.557937
-10.172622,300,82498.34907
-8.955712,300,82501.083754
-13.853853,300,82503.816091
53.082224,239,82505.919627
-9.257309,300,82508.683405
-5.189942,300,82511.503828
53.721286,141,82512.813178
53.618252,135,82514.099097
-13.963503,300,82516.837199
-18.122704,300,82519.473693
-10.589508,300,82522.160625
-13.220742,300,82524.836229
-10.925325,300,82527.66028
-14.32018,300,82530.308635
-17.26606,300,82533.107756
-22.66518,300,82535.861102
-14.355847,300,82538.562253
-9.956039,300,82541.319054
-9.735854,300,82544.011908
53.669452,195,82545.750119
-16.622721,300,82548.448037
-19.044292,300,82551.121759
-1.130048,300,82553.979164
-2.459679,300,82556.666405
-16.795918,300,82559.494899
-2.055476,300,82562.187975
-0.990777,300,82564.966665
-13.767679,300,82567.783444
-18.610551,300,82570.607552
-3.735232,300,82573.270002
-12.994267,300,82577.649971
-12.468249,300,82580.262922
-17.528665,300,82583.12359
-8.300208,300,82585.962
-16.72453,300,82588.668397
-14.14971,300,82591.378816
-15.407633,300,82594.059238
-10.382816,300,82596.798786
52.841095,174,82598.365043
-2.807126,300,82601.156967
-7.650253,300,82603.882105
-11.460386,300,82606.586312
50.386439,209,82608.453453
52.174843,157,82609.834762
-2.722493,300,82612.5645
-5.397592,300,82615.340406
-4.467267,300,82618.013411
-4.887444,300,82620.628467
-1.039616,300,82623.437878
-8.201667,300,82626.192818
-13.227965,300,82628.819235
-7.056586,300,82631.660876
-8.59604,300,82634.486358
-1.138108,300,82637.165936
-1.716435,300,82639.851754
-2.328651,300,82642.593399
-8.427953,300,82645.282972
-14.754471,300,82647.962481
52.22848,171,82649.471659
-1.465072,300,82652.199656
-2.034592,300,82655.125446
-2.792143,300,82657.886312
-3.278268,300,82660.681205
-1.921394,300,82663.560893
52.850337,152,82665.016311
-7.556717,300,82667.781715
-1.53775,300,82672.496304
-3.767478,300,82675.151739
-3.153241,300,82677.87382
51.903558,270,82680.264042
-2.346624,300,82683.022143
-2.4024,300,82685.795912
-2.225007,300,82688.486224
-2.966237,300,82691.541945
-3.494499,300,82694.426921
-2.75498,300,82697.398544
53.300511,143,82698.860128
53.261164,157,82700.383636
-3.005218,300,82703.558324
-6.371838,300,82706.600175
-2.749003,300,82709.734528
-3.314509,300,82712.704598
-4.661149,300,82715.675598
2.574298,300,82718.917544
1.972671,300,82722.314578
-2.23363,300,82725.445706
-17.049035,300,82728.88198
52.722642,241,82731.194606
-4.697305,300,82734.197812
-7.248479,300,82736.983024
-6.371597,300,82739.912605
52.926298,132,82741.287766
-4.113004,300,82744.211387
-2.525785,300,82746.993326
-1.214782,300,82749.695605
-15.641683,300,82752.615463
-7.258468,300,82755.711528
-11.081702,300,82758.590339
53.700658,135,82759.87734
-3.105489,300,82762.730654
-2.232413,300,82765.968466
-3.121909,300,82770.875042
-2.185867,300,82774.003726
-3.602905,300,82777.461552
-3.393163,300,82780.700359
-0.928616,300,82784.101366
-4.86464,300,82787.542633
-3.709641,300,82790.428574
-5.050876,300,82793.777881
-3.789792,300,82797.03899
-1.394819,300,82799.937153
3.756585,300,82802.850147
-4.364155,300,82805.754392
-8.796784,300,82808.674629
53.948575,130,82809.866004
-4.443332,300,82812.665702
-26.013348,300,82815.505708
53.577273,151,82816.893113
53.717699,179,82818.494416
-1.422835,300,82821.154028
-1.694277,300,82823.913528
51.815352,168,82825.413603
-3.614427,300,82828.118496
-2.161194,300,82830.896304
-11.539689,300,82833.676669
-39.970198,300,82836.305459
-8.203505,300,82839.031055
-1.493899,300,82841.752812
-1.36456,300,82845.216892
-3.137425,300,82847.849214
-19.256255,300,82850.428607
-8.6642,300,82852.960005
53.42354,162,82854.408709
53.829174,131,82855.606989
-6.493929,300,82858.362969
-5.084365,300,82860.991181
-7.65122,300,82863.790067
-0.786899,300,82866.755986
-5.570851,300,82871.424334
52.281683,133,82872.643719
-3.637442,300,82875.55375
-12.948938,300,82878.199499
-3.937805,300,82880.945558
-1.430847,300,82883.637538
-7.881799,300,82886.407294
-3.347767,300,82889.120812
51.758581,173,82890.631133
-6.733799,300,82893.226529
-2.057889,300,82896.094164
-5.882141,300,82898.78421
-1.138802,300,82901.407646
53.337912,159,82902.80761
-1.737167,300,82905.552909
-5.662548,300,82908.168459
50.689066,186,82909.785017
-3.447572,300,82912.439298
-1.136357,300,82915.106491
-1.371023,300,82917.723951
-0.895722,300,82920.406099
-9.155417,300,82923.010967
-2.695336,300,82925.742559
53.905819,149,82927.049285
53.272762,149,82928.342543
53.672676,133,82929.500419
52.549214,143,82930.766557
-4.553081,300,82933.439477
-8.044825,300,82936.06636
-0.547728,300,82938.697126
-0.754263,300,82941.415187
52.811375,144,82942.681797
-1.831614,300,82945.286956
-3.696525,300,82947.920667
53.032916,142,82949.209106
-3.363117,300,82951.860825
-7.766349,300,82954.484295
-2.757676,300,82957.095776
-5.052138,300,82961.314718
-2.273175,300,82963.961796
-5.540507,300,82966.635498
-2.197145,300,82969.294979
52.637883,145,82970.609065
-4.604884,300,82973.211839
-6.681218,300,82975.851273
-4.807593,300,82978.505483
-4.087525,300,82981.206792
-2.65489,300,82983.924346
-3.386826,300,82986.58441
53.724067,175,82988.125805
-1.967435,300,82990.79924
52.436875,146,82992.089008
-3.11846,300,82994.718933
-6.257982,300,82997.345073
-2.697816,300,83000.019469
-9.674495,300,83002.676192
-3.589133,300,83005.315118
-8.033925,300,83007.959526
52.585599,148,83009.293554
-6.744963,300,83011.910781
-9.062031,300,83014.551209
-1.45791,300,83017.201319
-3.708672,300,83019.870293
-3.765559,300,83022.523508
53.626394,124,83023.604209
52.779208,143,83024.856374
-3.353457,300,83027.545093
-2.987229,300,83030.18468
-8.007145,300,83032.887163
-3.87625,300,83035.49331
51.527171,154,83036.896695
-11.299779,300,83039.535532
-5.679495,300,83042.151631
-6.167296,300,83044.867581
-6.058185,300,83047.559688
-4.944211,300,83052.072381
-5.23705,300,83054.736881
-5.776403,300,83057.438234
-1.615472,300,83060.138813
-15.608001,300,83062.771238
-1.026459,300,83065.407107
52.410681,153,83066.770289
-5.717463,300,83069.462582
53.066582,140,83070.683038
-1.879031,300,83073.319859
-7.258046,300,83075.930449
-16.373951,300,83078.625558
-7.458901,300,83081.231011
52.654315,146,83082.52435
52.485075,142,83083.784282
-12.962393,300,83086.422938
-4.305562,300,83089.037932
-2.209997,300,83091.653228
-4.686579,300,83094.301816
-2.41492,300,83096.99679
-8.719167,300,83099.615315
-9.038703,300,83102.2543
-3.528655,300,83104.913034
-3.800286,300,83107.625248
-3.325747,300,83110.233779
-5.124533,300,83112.91592
-6.361873,300,83115.523686
-2.362191,300,83118.210954
-0.987642,300,83120.844053
-6.519969,300,83123.462751
-10.93706,300,83126.056866
0.883256,300,83128.760489
-6.287498,300,83131.386855
0.201091,300,83133.988087
-1.78539,300,83136.632521
51.676371,209,83140.340618
52.544879,158,83141.768145
53.528433,146,83143.049426
52.936636,141,83144.269683
53.556532,128,83145.434543
-1.196444,300,83148.055897
-2.967073,300,83150.637493
-9.072538,300,83153.265763
-2.267468,300,83155.935584
-6.679952,300,83158.551094
-7.806854,300,83161.196948
-1.511389,300,83164.041695
-7.685875,300,83167.021736
-2.110378,300,83169.870929
53.220459,128,83171.025413
-0.633976,300,83173.778936
51.618302,141,83175.241023
-2.685733,300,83177.980013
-2.979457,300,83180.728275
-20.443301,300,83183.626251
-3.256173,300,83186.500589
-4.239143,300,83189.411313
-2.834615,300,83192.147284
-15.694809,300,83194.929485
-17.466908,300,83197.755073
-1.475986,300,83200.582706
-3.991697,300,83203.279663
-1.64759,300,83205.966177
-3.353635,300,83208.747809
-17.098602,300,83211.575425
53.739666,127,83212.732784
-2.943321,300,83215.552824
-10.418088,300,83218.3369
-17.578932,300,83220.947828
-9.910041,300,83223.828325
1.686853,300,83226.669696
-1.211058,300,83229.489427
-1.03634,300,83234.345925
-2.262793,300,83237.495996
-10.760089,300,83240.66301
54.043064,121,83241.931289
-0.998986,300,83244.861602
53.363103,144,83246.254889
-3.68741,300,83249.261455
-2.567262,300,83252.234907
-27.458617,300,83255.132162
-8.478733,300,83258.135199
-3.119105,300,83260.904293
-4.685733,300,83263.66403
-15.821458,300,83266.527435
-3.997841,300,83269.2849
53.694665,126,83270.548917
-2.239846,300,83273.296185
-0.863387,300,83276.049875
-0.772986,300,83278.943644
-14.097783,300,83281.683053
-11.323724,300,83284.51714
53.782539,124,83285.643895
-10.530452,300,83288.276261
-11.765879,300,83290.925468
-19.816376,300,83293.662074
-7.904307,300,83296.355154
51.976382,179,83298.044916
-6.234264,300,83300.95683
-6.131992,300,83304.027728
-11.000365,300,83306.852559
-1.316034,300,83309.720424
-8.845216,300,83312.532546
52.602259,230,83314.728371
-11.663583,300,83317.469504
-11.063142,300,83320.157145
-2.328923,300,83322.83847
-3.36941,300,83325.805733
-11.471455,300,83328.807268
-9.896437,300,83333.483224
53.386058,134,83334.723002
-2.467291,300,83337.498034
53.451367,166,83339.092997
53.583477,168,83340.687113
-12.186064,300,83343.64059
-11.580469,300,83346.530839
-11.458762,300,83349.436533
-7.526976,300,83352.262693
-6.986495,300,83355.072736
-6.613929,300,83357.914263
-0.374531,300,83360.846865
-9.289485,300,83363.708676
53.629175,141,83364.997929
-13.539495,300,83368.022057
52.9009,169,83369.48797
-13.651669,300,83372.104485
-9.911996,300,83374.839628
-2.275565,300,83377.562019
53.692854,144,83378.916566
-11.389775,300,83381.906514
-1.57044,300,83384.789416
-2.441836,300,83387.725015
-10.223545,300,83390.362167
-4.569535,300,83393.25862
-5.518678,300,83396.035191
2.557784,300,83398.977263
-1.604382,300,83402.057858
-7.744246,300,83405.014405
-4.579802,300,83407.977684
-11.478888,300,83411.34746
54.22957,122,83412.682565
52.358813,188,83414.601804
-7.551539,300,83417.723278
-3.990027,300,83420.783178
-4.071982,300,83423.951138
-2.677725,300,83427.035144
-1.741656,300,83431.758585
-2.310122,300,83434.543585
0.319884,300,83437.352454
-3.17118,300,83440.401949
-5.024609,300,83443.247677
-2.561866,300,83446.100193
1.251142,300,83448.776921
54.143901,123,83449.838088
-6.678843,300,83452.60103
-2.366029,300,83455.430296
1.301109,300,83458.27872
-2.149798,300,83460.943505
-1.734881,300,83463.622467
-2.036929,300,83466.523555
-2.079134,300,83469.204691
-4.045601,300,83472.011204
0.949465,300,83475.049139
-4.685413,300,83477.934235
-3.289989,300,83480.773683
-3.852506,300,83484.073514
-7.363656,300,83486.967739
53.532928,135,83488.271959
-3.916585,300,83490.945344
-1.626016,300,83494.032076
-4.052974,300,83497.014616
-2.27416,300,83500.951306
-1.841221,300,83504.236642
-2.346961,300,83507.199831
-6.885259,300,83510.504086
-2.679725,300,83513.606134
-4.673222,300,83516.476175
-1.481857,300,83519.351655
-5.631322,300,83522.246933
-5.817579,300,83525.133749
-2.455576,300,83529.993524
-5.091496,300,83532.873072
-5.374295,300,83535.743467
53.454843,175,83537.593319
-4.86041,300,83540.541044
-4.026322,300,83543.536183
-3.810694,300,83546.5496
-2.071928,300,83550.00418
-3.986629,300,83553.296026
-2.800692,300,83556.373424
-7.260691,300,83559.441636
-11.69116,300,83562.567965
-2.910088,300,83565.759888
-4.659962,300,83568.973302
52.543154,126,83570.3152
-11.051861,300,83573.41639
-2.399804,300,83576.504671
-2.203254,300,83579.670433
-8.253358,300,83582.688988
-6.031332,300,83585.848278
-11.700741,300,83588.903672
-6.88939,300,83591.551734
-19.52572,300,83594.622503
-4.269105,300,83597.724964
-4.696311,300,83600.614954
-4.193948,300,83603.372882
53.577941,148,83604.866575
-4.430347,300,83607.703098
-7.550354,300,83610.639196
-10.135399,300,83613.769218
-5.460177,300,83616.682516
-6.792091,300,83619.527318
-3.947831,300,83622.610736
-2.889988,300,83625.498144
-7.728675,300,83628.342038
-3.397708,300,83633.120062
-3.367091,300,83635.887638
-7.207217,300,83638.660914
-4.016693,300,83641.322663
-4.699574,300,83644.573142
-6.66726,300,83647.673012
-11.681668,300,83650.520843
-11.919183,300,83653.244909
-19.406959,300,83656.092834
-7.718499,300,83658.934768
-2.818683,300,83661.750747
-5.509325,300,83664.46364
-10.256402,300,83667.425637
-11.674618,300,83670.256082
-10.689417,300,83673.053538
-10.431977,300,83675.766137
-14.447832,300,83678.860965
-10.726177,300,83681.709642
-25.664304,300,83684.624246
-15.965084,300,83687.510827
-8.133079,300,83690.578348
-3.423829,300,83693.360266
-5.874566,300,83696.191551
-3.151766,300,83698.941511
-4.963431,300,83701.73263
-11.528549,300,83704.560403
-6.1993,300,83707.383348
-5.422443,300,83710.063858
-7.001873,300,83712.826042
-4.033211,300,83715.658151
-1.523065,300,83718.376353
-2.332687,300,83721.071431
52.729886,143,83722.476979
-2.457215,300,83725.302236
-4.243461,300,83730.009515
-4.336184,300,83732.710671
-0.968639,300,83735.455958
-1.277283,300,83738.136305
-0.737729,300,83740.875966
-0.809852,300,83743.90385
-2.326392,300,83746.558446
-0.976124,300,83749.547553
-2.635965,300,83752.552288
-2.346314,300,83755.529453
-3.579979,300,83758.465264
-9.033076,300,83761.54975
-14.157546,300,83764.467854
-1.668402,300,83767.182387
-3.811891,300,83770.077775
-2.506532,300,83772.915839
-3.590519,300,83775.865803
-2.030116,300,83778.712675
51.723451,158,83780.320677
-4.405361,300,83783.142443
-1.746444,300,83785.968651
-1.4686,300,83788.966787
-2.25133,300,83792.11698
-2.261281,300,83795.06188
-3.329836,300,83798.242865
-0.739173,300,83801.032932
-3.631625,300,83803.985114
-6.334759,300,83807.210417
-1.414793,300,83809.864217
-1.220291,300,83812.754826
53.854639,126,83814.197302
52.264456,138,83815.493301
-8.917949,300,83818.23432
-3.384652,300,83821.276632
-9.257236,300,83824.175767
-3.023919,300,83828.861433
52.024928,164,83830.328069
53.910829,144,83831.63381
-1.695198,300,83834.558127
-9.152434,300,83837.518707
-1.143139,300,83840.185112
-0.915864,300,83843.0501
-3.571155,300,83845.846579
-4.422233,300,83848.614523
-1.04637,300,83851.321792
3.430038,300,83854.074507
-3.164501,300,83856.955614
-5.691908,300,83859.722876
-7.411959,300,83862.703782
-2.673044,300,83865.625218
53.538315,130,83866.815581
-1.764848,300,83869.560936
-11.14753,300,83872.32713
-0.727081,300,83875.149359
-2.016767,300,83878.099827
-6.757259,300,83880.849289
-3.991474,300,83883.634287
-3.110428,300,83886.480468
-3.27142,300,83889.479763
-6.105388,300,83892.216063
-2.698387,300,83894.835166
-5.537051,300,83897.614576
-6.499761,300,83900.725422
-2.361694,300,83903.605348
0.119394,300,83906.784229
53.352166,141,83908.41594
-0.915649,300,83911.349479
-4.351662,300,83914.055225
-1.020287,300,83916.902979
-2.701967,300,83919.739276
-4.877404,300,83924.595169
-9.871244,300,83927.404015
-3.556824,300,83930.248886
-3.946611,300,83933.419556
-5.563243,300,83936.35362
-2.271988,300,83939.239126
52.885406,138,83940.512034
-2.079109,300,83943.352015
-5.21291,300,83946.99312
-1.179504,300,83950.050921
-1.527923,300,83952.961457
-3.293139,300,83955.735635
-2.528075,300,83958.560521
-3.658302,300,83961.503286
-6.69729,300,83964.438173
-25.742291,300,83967.443674
-7.348922,300,83970.302677
-2.487623,300,83973.08479
-2.383159,300,83975.842101
53.97438,124,83977.032743
-2.975784,300,83979.961088
54.017921,138,83981.178468
-3.114421,300,83984.001588
-1.367877,300,83986.728948
2.207849,300,83989.741284
53.800575,125,83991.073391
52.201123,251,83993.490441
-2.081204,300,83996.21046
-1.308285,300,83999.874717
-1.808804,300,84003.384686
-1.227312,300,84006.381667
-1.425263,300,84009.272508
3.867219,300,84012.243269
52.070658,155,84013.851465
-1.337688,300,84016.907511
-84.844823,300,84020.108211
-2.219513,300,84023.54885
-2.287035,300,84029.401894
-5.323818,300,84032.80001
-12.324105,300,84035.850889
-3.926673,300,84039.006903
-1.192411,300,84042.054179
-2.543569,300,84045.222529
54.044347,138,84046.624147
-6.254955,300,84049.811328
53.279473,140,84051.188266
-1.619581,300,84054.342614
53.863499,127,84055.638406
-8.276814,300,84058.678319
-2.302372,300,84061.635037
-2.585845,300,84064.543582
53.725962,170,84066.215887
-1.956997,300,84069.158335
54.050662,133,84070.447448
-1.607486,300,84073.470782
-1.993427,300,84076.252342
53.798813,126,84077.424914
-2.642548,300,84080.469884
-2.252767,300,84083.314659
-5.040453,300,84086.096777
-3.125771,300,84089.082785
-3.284363,300,84091.940822
-1.671798,300,84094.656797
2.218977,300,84097.760562
-8.799789,300,84100.872822
-6.556137,300,84103.949329
54.143643,131,84105.25917
-7.132703,300,84108.247303
-1.952886,300,84111.098191
52.171206,145,84112.597779
-3.862949,300,84115.502959
-8.530433,300,84118.347019
-3.063097,300,84121.165785
-2.784002,300,84124.090047
-11.914293,300,84128.747122
-2.052888,300,84131.558306
-3.997386,300,84134.410276
53.491155,143,84135.728899
51.493863,180,84137.363224
-2.891956,300,84140.008289
-10.339997,300,84142.914617
-15.866601,300,84145.58602
-14.534398,300,84148.334151
-2.630551,300,84151.369833
53.397801,154,84153.106834
-8.294181,300,84155.920711
-2.081355,300,84158.751055
-1.058571,300,84161.479048
-16.472855,300,84164.174238
0.314116,300,84166.970671
52.234977,164,84168.477678
-2.952552,300,84171.2508
52.440827,145,84172.708383
-3.698047,300,84175.522327
-9.783373,300,84178.385255
-2.365869,300,84181.261752
-4.030147,300,84184.496096
-1.593442,300,84187.527392
-7.427808,300,84190.396003
53.681827,134,84191.650998
-13.474623,300,84194.52942
-4.544053,300,84197.855558
-9.208887,300,84201.061178
53.44168,162,84202.624777
-7.883248,300,84205.510132
-4.196418,300,84208.420105
-6.704077,300,84211.433892
-1.561232,300,84214.114575
-13.808298,300,84216.845886
-4.827707,300,84219.553287
-3.000453,300,84222.188342
-4.034349,300,84227.01942
-3.057563,300,84229.986553
-2.586915,300,84232.829735
-2.47176,300,84236.180221
-2.118441,300,84239.293157
-19.965851,300,84242.316284
-2.11048,300,84245.26089
-3.233373,300,84248.051246
-12.901753,300,84250.889347
53.298042,161,84252.56366
-5.699885,300,84255.450835
-10.101985,300,84258.710933
-6.208198,300,84261.790294
53.822343,130,84263.063723
-13.859974,300,84266.048267
53.018498,251,84268.48544
-10.584056,300,84271.303168
-17.696935,300,84274.127433
53.155999,158,84275.534982
53.566313,150,84277.022627
-3.173307,300,84279.985259
-25.422513,300,84282.826098
-4.921977,300,84285.899332
-6.134738,300,84288.772809
-13.249302,300,84291.761793
-1.421483,300,84294.91756
-4.451896,300,84297.951195
-2.173594,300,84300.770759
-17.970288,300,84303.630265
-2.475541,300,84306.345885
-1.615769,300,84308.999937
-3.132055,300,84311.719568
-2.071781,300,84314.321029
-4.434967,300,84317.524862
-29.6086,300,84320.545048
-36.316064,300,84323.568299
-3.120642,300,84328.303889
-1.282571,300,84331.444121
-3.669298,300,84334.589556
-3.561186,300,84337.696357
-1.942519,300,84341.071856
-51.743037,300,84344.426488
-3.821267,300,84347.764869
-2.21867,300,84350.94671
-39.998632,300,84354.003679
-13.618935,300,84356.84336
-1.071374,300,84359.580849
-16.287318,300,84362.314311
-0.881965,300,84365.08793
-0.677869,300,84368.158473
-2.725953,300,84371.258339
-1.709774,300,84374.33995
-3.1877,300,84377.253756
-8.986932,300,84380.337237
-13.825798,300,84383.279338
-6.392317,300,84386.303663
-3.200191,300,84389.446705
-17.952592,300,84392.528274
-2.379809,300,84395.71407
-4.523063,300,84398.547186
-4.354606,300,84401.421565
-5.187786,300,84404.191224
-4.371836,300,84406.830554
-1.276393,300,84409.527695
-3.091465,300,84412.176987
-5.259233,300,84414.823073
-3.654511,300,84417.453312
-2.066898,300,84420.147117
53.608651,167,84421.676334
-35.767516,300,84426.63347
-26.742884,300,84429.440404
-1.683413,300,84432.193728
-4.183771,300,84435.132685
-2.065092,300,84437.999498
-55.507709,300,84440.695976
-34.371218,300,84443.667399
-1.808911,300,84446.565567
-10.15164,300,84449.438566
3.688545,300,84452.384983
-5.638438,300,84455.280073
-28.991096,300,84458.182048
-7.262783,300,84460.850633
-2.883389,300,84463.557018
-2.718424,300,84466.138148
-1.63947,300,84468.927161
-3.11022,300,84471.947186
-13.810018,300,84474.588992
-11.792126,300,84477.232335
-0.986033,300,84479.837778
-5.51422,300,84482.647853
-7.816966,300,84485.262505
-5.916019,300,84487.892148
-2.538435,300,84490.543978
-3.001954,300,84493.240185
2.051944,300,84495.851026
-22.040651,300,84498.604127
-17.855025,300,84501.219302
-23.799995,300,84503.908224
53.406945,179,84505.462387
-10.167466,300,84508.215966
-0.391557,300,84510.84507
-1.439493,300,84513.512798
-11.42738,300,84516.128664
-12.674268,300,84520.748231
52.413704,156,84522.149419
-2.141555,300,84524.897723
-13.273951,300,84527.599136
-10.982626,300,84530.267085
-3.653448,300,84532.893919
-6.76777,300,84535.606135
-15.120942,300,84538.276546
-3.047182,300,84540.930725
-7.540823,300,84543.607671
-11.263191,300,84546.301484
-13.266252,300,84548.941203
53.372836,220,84550.853411
-12.611359,300,84553.489259
-4.217801,300,84556.106288
-2.805271,300,84558.717359
-1.90469,300,84561.30809
-27.272693,300,84564.133777
-3.450065,300,84566.883458
-4.961649,300,84569.657285
-6.609485,300,84572.385608
-7.955728,300,84575.066972
-17.396371,300,84577.751569
-8.019509,300,84580.340993
-9.654185,300,84582.982279
-13.86841,300,84585.676679
53.265133,143,84587.050735
-3.928682,300,84589.891272
-3.567935,300,84592.898546
-9.325698,300,84595.848454
-8.089181,300,84598.944695
-13.194375,300,84601.713506
-7.069527,300,84604.681485
-4.391614,300,84607.387597
-8.066895,300,84610.257558
-10.12982,300,84614.493054
-18.615941,300,84617.10544
-12.117213,300,84619.706621
-2.264644,300,84622.390835
54.07704,142,84623.648268
-11.315768,300,84626.250802
53.629951,149,84627.556296
-7.957042,300,84630.216517
53.452854,155,84631.578884
-11.922334,300,84634.237427
-12.311923,300,84636.883413
-13.080146,300,84639.575199
-17.091628,300,84642.33472
52.657192,151,84643.662706
-10.769166,300,84646.285275
-5.90687,300,84649.011185
-5.065596,300,84651.665495
-3.900878,300,84654.304585
54.238404,111,84655.265881
53.6674,134,84656.492816
-11.383107,300,84659.157189
-4.215004,300,84661.796561
-1.30646,300,84664.508775
-2.020626,300,84667.199596
-8.042593,300,84669.82019
-10.896347,300,84672.419094
-12.314725,300,84675.079542
-9.495063,300,84677.824405
52.636681,157,84679.196718
-8.992628,300,84681.840077
-22.013747,300,84684.4888
-0.485154,300,84687.197268
-3.821773,300,84689.877092
-2.493711,300,84692.598711
54.131897,117,84693.791355
-4.328659,300,84696.507583
53.864034,151,84697.865842
-2.908075,300,84700.461916
-3.911153,300,84704.854797
-4.596604,300,84707.541904
-5.351888,300,84710.150104
-0.661949,300,84712.787476
1.592246,300,84715.457299
-2.019757,300,84718.149938
-4.201651,300,84720.759902
-5.513675,300,84723.442232
-2.198388,300,84726.032382
-6.936208,300,84728.713996
-1.895839,300,84731.304739
-1.824962,300,84733.943226
54.056249,152,84735.271106
-2.962963,300,84737.935313
53.985609,120,84738.980317
-2.798499,300,84741.864098
52.283504,213,84743.883989
-3.261439,300,84746.635776
53.99307,128,84747.776325
50.604088,257,84750.10497
-1.45564,300,84752.757311
-4.541807,300,84755.464262
-2.925583,300,84758.070931
53.848547,187,84759.6766
-7.415598,300,84762.375604
-2.070975,300,84765.030189
53.967959,128,84766.151936
54.461188,168,84767.620042
53.70061,138,84768.812691
-3.368472,300,84771.43733
-3.14466,300,84774.088767
-1.26991,300,84776.745192
-7.206307,300,84779.357439
-1.51814,300,84782.022749
-1.933135,300,84784.70408
-1.362901,300,84787.327025
53.429239,212,84789.168978
-1.950817,300,84793.848082
-1.583757,300,84796.759192
-0.885569,300,84799.563315
-3.585972,300,84802.405248
-3.942505,300,84805.040528
-3.51004,300,84807.64125
-3.759645,300,84810.279818
-2.718915,300,84812.939163
3.498167,300,84815.798071
-7.129077,300,84818.569346
53.704558,129,84819.77402
54.010225,119,84820.832105
-2.468464,300,84823.603565
-3.304131,300,84826.167032
-3.404518,300,84829.202356
-1.85064,300,84832.17169
-4.40314,300,84834.970786
-3.494662,300,84837.759057
-0.798085,300,84840.481843
3.943024,300,84843.184305
-6.518062,300,84845.873467
-2.873086,300,84848.46759
-4.185272,300,84851.041864
-1.190149,300,84853.638846
-4.324159,300,84856.403411
52.168909,125,84857.562668
-2.884361,300,84860.146111
-8.572891,300,84862.752148
53.760751,145,84864.08648
-3.022642,300,84866.649499
-0.101898,300,84869.254515
53.568983,138,84870.44053
-1.303059,300,84873.118096
-2.706682,300,84875.709029
53.466899,148,84876.992553
-2.374101,300,84879.594434
-3.825769,300,84882.269227
-4.392544,300,84886.754071
-3.669462,300,84889.358848
-7.820517,300,84891.973093
-4.563305,300,84894.687711
-4.440991,300,84897.460804
-21.074703,300,84900.282485
-8.578538,300,84903.003732
53.920732,138,84904.307657
-2.06544,300,84906.96766
-1.713941,300,84909.645008
53.479803,137,84910.820157
-1.521188,300,84913.459868
-12.949044,300,84916.072536
-2.510558,300,84918.666273
53.006447,150,84919.943397
-9.855552,300,84922.58467
-2.428251,300,84925.268329
-8.463045,300,84927.882534
-2.658857,300,84930.495631
-6.094568,300,84933.171779
-2.460716,300,84935.745734
-9.577565,300,84938.406892
-8.449795,300,84940.979193
51.868402,223,84942.996071
-1.420893,300,84945.584087
52.499665,176,84947.115607
-16.710466,300,84949.710778
-25.62433,300,84952.381671
-4.320985,300,84954.993798
52.853683,140,84956.213474
-3.203768,300,84958.816051
-15.291376,300,84961.402394
54.167022,124,84962.50803
-4.124718,300,84965.114562
-36.437875,300,84967.713417
3.100134,300,84970.364998
-1.373358,300,84972.992913
-5.028958,300,84977.372475
-3.465965,300,84979.953884
-3.391069,300,84982.711545
-4.270969,300,84985.456571
-2.963767,300,84988.431768
1.730828,300,84991.248295
-2.818397,300,84994.04002
-2.632073,300,84996.951077
-15.363431,300,84999.798132
53.900639,147,85001.150905
-11.694829,300,85003.868245
54.138486,132,85005.033181
-1.042677,300,85007.735365
-3.01542,300,85010.513637
-11.029261,300,85013.185817
54.052953,143,85014.467036
-12.560748,300,85017.31086
-3.51762,300,85020.198195
-0.049814,300,85023.081035
-2.012294,300,85025.817433
-9.471426,300,85028.601711
53.940575,159,85030.122156
-1.605847,300,85033.177045
-3.190533,300,85036.003893
53.020292,128,85037.207253
-1.412405,300,85039.825257
-1.918877,300,85042.579011
-0.188122,300,85045.290633
-2.889179,300,85047.936149
1.384431,300,85050.539648
-1.816545,300,85053.213089
-3.242932,300,85055.799304
-9.881588,300,85058.39375
-7.2558,300,85061.001201
-5.925877,300,85063.677636
0.814023,300,85066.280606
-1.678986,300,85070.926023
-8.784256,300,85073.688672
-4.620919,300,85076.360868
52.284282,251,85078.576749
-7.411728,300,85081.187623
-5.776853,300,85083.957413
53.854767,139,85085.217807
54.037055,121,85086.277777
-1.95591,300,85088.882746
-5.948931,300,85091.53413
-4.052953,300,85094.202659
-3.211701,300,85096.819315
-3.701541,300,85099.447684
-3.068167,300,85102.050038
-1.048576,300,85104.803485
-4.327069,300,85107.472034
52.961593,174,85109.004254
-4.072749,300,85111.600853
-4.699285,300,85114.251665
-3.666719,300,85116.884886
53.220951,142,85118.181931
52.827977,154,85119.507773
-3.832934,300,85122.167521
2.058266,300,85124.766274
-1.843017,300,85127.510091
-3.573502,300,85130.343393
-15.41396,300,85133.337383
-0.893913,300,85136.480255
53.383093,158,85138.080685
-2.548874,300,85141.089334
-1.622284,300,85144.263864
52.113505,133,85145.437512
-0.644311,300,85148.478067
54.280411,109,85149.550292
-1.780321,300,85152.46354
-1.636342,300,85155.261794
-11.451978,300,85158.386522
53.750374,152,85159.747798
-4.983593,300,85164.14925
-16.75893,300,85166.778643
-2.267249,300,85169.475553
1.600921,300,85172.049448
-2.300966,300,85174.794898
53.341405,159,85176.309026
53.913032,162,85177.705093
-9.246425,300,85180.277039
2.395127,300,85182.939105
-6.120092,300,85185.486169
-7.816473,300,85188.066816
-10.155463,300,85190.646946
-21.772449,300,85193.238582
53.883501,217,85195.181293
-0.569581,300,85197.94121
-0.76093,300,85200.554368
-2.871502,300,85203.246438
54.004946,145,85204.49834
-2.039707,300,85207.090572
53.678988,130,85208.222239
-2.388447,300,85210.857518
-7.200808,300,85213.448712
51.964214,147,85214.714413
53.710647,179,85216.284625
2.234201,300,85219.09054
-5.000455,300,85221.707445
-14.163228,300,85224.281074
-9.217987,300,85226.983692
-1.585283,300,85229.752111
-20.77886,300,85232.420773
53.991553,150,85233.725099
-2.469262,300,85236.299922
-20.119956,300,85238.950769
-3.889587,300,85241.535616
3.674602,300,85244.173452
-3.436819,300,85246.768793
53.549028,140,85248.049524
53.804775,143,85249.289542
-5.440846,300,85253.870398
51.985472,141,85255.124417
53.798941,134,85256.319555
-2.210239,300,85259.105054
-4.62321,300,85261.683638
-4.850223,300,85264.38711
53.519744,146,85265.694237
52.296011,147,85266.949888
53.577591,136,85268.12838
-4.201427,300,85270.685591
-2.253934,300,85273.383707
-4.154019,300,85275.938714
51.70434,139,85277.171553
52.581056,233,85279.185972
-10.698762,300,85281.848931
52.809738,164,85283.270123
-0.883304,300,85285.936151
3.698963,300,85288.572429
54.032871,132,85289.787975
-11.369455,300,85292.369888
-17.038841,300,85294.983063
-7.702547,300,85297.732649
51.404919,148,85299.169349
-1.583048,300,85302.024857
53.457967,151,85303.472635
53.808252,124,85304.640166
-9.356858,300,85307.507852
-13.738061,300,85310.316805
-12.180512,300,85313.17943
52.884863,167,85314.670096
2.042364,300,85317.392456
-3.739981,300,85319.992493
53.064067,145,85321.236344
53.411551,132,85322.42453
-3.818276,300,85325.069965
-19.983588,300,85327.760155
-18.210387,300,85330.455374
-4.094471,300,85333.029429
53.917648,139,85334.290028
52.8168,142,85335.509755
53.437861,143,85336.76879
-2.836797,300,85339.356146
53.166793,124,85340.478276
53.60526,143,85341.747011
52.960345,140,85344.841598
-5.69882,300,85347.671416
53.450672,148,85349.030999
52.869642,142,85350.277451
52.339013,130,85351.411618
-6.792136,300,85354.342552
-4.034052,300,85357.785169
53.225504,139,85359.00689
-4.297632,300,85361.766342
53.008966,127,85363.023967
-1.311721,300,85365.797231
52.108132,142,85366.998328
53.594864,165,85368.506375
-2.504696,300,85371.267682
-17.68148,300,85374.148174
-19.464357,300,85376.980443
-5.426786,300,85379.597309
51.634128,154,85380.920635
52.829022,141,85382.224149
53.032984,135,85383.403249
52.970708,146,85384.664726
-5.385856,300,85387.269111
-1.303139,300,85389.829972
53.945344,134,85391.030417
-4.046514,300,85393.71653
53.699107,147,85394.970847
-0.266179,300,85397.606714
52.545804,136,85398.781032
53.359574,149,85400.073827
53.371615,138,85401.243658
-4.14279,300,85403.84917
-12.382503,300,85406.398736
-5.413285,300,85409.027525
-20.826537,300,85411.542268
-3.575523,300,85414.148188
53.594613,138,85415.352611
-0.802946,300,85418.012603
-5.309308,300,85420.563635
0.527755,300,85423.193793
-2.766839,300,85425.747924
-15.250199,300,85428.347265
-2.884385,300,85430.930604
-4.74626,300,85435.516521
53.383896,152,85436.858866
53.265283,152,85438.222851
-2.61253,300,85440.825292
-1.96146,300,85443.617461
-3.867023,300,85446.426297
-1.083912,300,85449.201748
-3.833723,300,85451.951823
-3.262657,300,85454.75266
53.00069,136,85456.00695
-7.543136,300,85458.69376
-1.409136,300,85461.271522
-6.105244,300,85463.925062
-0.875215,300,85466.527102
-3.7436,300,85469.129941
-3.167059,300,85471.680065
52.556962,151,85473.069424
52.67666,200,85474.784394
-3.727939,300,85477.347583
-5.264977,300,85479.919927
3.232579,300,85482.590668
52.586634,239,85484.631482
53.936365,190,85486.247404
-4.989801,300,85488.851498
-3.604533,300,85491.815765
-1.844072,300,85494.522755
-9.999663,300,85497.084271
-2.837092,300,85499.679402
-6.478133,300,85502.344213
-3.197105,300,85504.936901
0.931225,300,85507.502815
-2.767377,300,85510.090975
-1.179004,300,85512.72722
53.658288,167,85514.150355
-5.285802,300,85516.720394
53.321307,137,85517.916717
-2.412211,300,85520.548094
-6.291134,300,85523.363636
-13.110363,300,85527.96808
-12.638262,300,85530.531817
52.772543,140,85531.77251
0.703471,300,85534.40229
-29.178082,300,85536.969028
-3.266165,300,85539.634445
-3.63016,300,85542.31958
-3.311218,300,85544.944302
-11.181793,300,85547.60842
-7.013202,300,85550.184925
-2.484115,300,85552.906672
-0.782074,300,85555.752593
-12.288055,300,85558.425916
53.714248,130,85559.570909
-12.548625,300,85562.247516
1.321082,300,85564.910835
-2.754897,300,85567.500655
-2.128081,300,85570.152865
-2.924169,300,85572.81298
53.914099,158,85574.200268
-2.244942,300,85576.798306
-2.325652,300,85579.413708
-1.968638,300,85582.063727
-12.654451,300,85584.670612
-1.830056,300,85587.389029
-11.613722,300,85590.12253
-7.05466,300,85592.80042
2.935676,300,85595.479843
54.180618,117,85596.518451
-2.207959,300,85599.170493
52.485212,143,85600.503303
-11.871176,300,85603.154021
-2.410206,300,85605.759912
-3.382905,300,85608.348765
-2.568975,300,85611.04173
52.734455,143,85612.292511
52.390977,131,85613.437068
53.366859,151,85616.421833
-0.925961,300,85619.095417
-14.291648,300,85621.669025
-1.311099,300,85624.367516
-5.804599,300,85626.948692
-10.763354,300,85629.673401
-29.569459,300,85632.263053
-4.356157,300,85634.859516
-2.335191,300,85637.473837
53.953864,137,85638.701167
53.568179,128,85639.81674
-2.178282,300,85642.496884
-3.91699,300,85645.071596
-15.953337,300,85647.694467
-3.98969,300,85650.329595
-14.472386,300,85652.900305
-5.977271,300,85655.459999
-4.998295,300,85658.13033
52.706346,141,85659.360889
-15.772301,300,85661.927804
-11.438005,300,85664.521671
-6.009814,300,85667.225359
-4.708381,300,85669.829751
-6.170397,300,85672.46055
-0.868686,300,85675.073489
-11.091082,300,85677.750216
-3.968065,300,85680.345663
-3.491351,300,85682.979526
-2.246306,300,85685.58598
-9.707032,300,85688.220475
52.637312,171,85689.709593
1.063206,300,85692.326888
-13.929429,300,85694.922733
-5.436015,300,85697.577837
53.267618,143,85698.83637
-7.426592,300,85701.397922
-2.697122,300,85705.849647
-1.632179,300,85708.543453
-6.321388,300,85711.093763
-2.222355,300,85713.688366
-4.011096,300,85716.294015
-1.918379,300,85719.009398
-1.796901,300,85721.637869
-0.987602,300,85724.192852
53.060012,134,85725.326192
-8.887564,300,85727.888892
-6.423487,300,85730.476643
-7.476894,300,85732.999669
-4.24247,300,85735.522509
-29.956115,300,85738.084012
-6.404534,300,85740.69108
-9.127023,300,85743.298136
-17.910109,300,85745.890954
-11.070532,300,85748.557036
2.617345,300,85751.141182
-19.803806,300,85753.69497
-5.27935,300,85756.253857
-7.063257,300,85758.916547
-6.973555,300,85761.481319
-12.892942,300,85764.044673
-13.122286,300,85766.603245
-9.506276,300,85769.24366
-1.258215,300,85771.790914
-1.92653,300,85774.415329
-9.375752,300,85777.104081
-7.181773,300,85779.72297
-6.217742,300,85782.400554
52.779271,147,85783.696122
-16.102209,300,85786.292077
52.507245,142,85787.58796
-9.955118,300,85790.219449
-9.450348,300,85794.597695
-10.063124,300,85797.476728
53.290463,152,85798.928778
-0.798309,300,85801.561828
-0.834036,300,85804.170429
-3.568565,300,85806.739167
-11.026778,300,85809.381249
-17.692513,300,85811.991107
-11.123578,300,85814.590912
-11.768607,300,85817.145249
52.986608,141,85818.410246
-6.912156,300,85821.033097
-3.040332,300,85823.634364
-12.206991,300,85826.196249
-12.165337,300,85828.856379
-7.434177,300,85831.399412
-6.462668,300,85834.197905
-8.04739,300,85836.799115
-7.61035,300,85839.487547
-5.892027,300,85842.051585
-13.20328,300,85844.684233
-9.703351,300,85847.265541
-26.945548,300,85849.935185
-5.905609,300,85852.542339
-6.897875,300,85855.155564
-3.372026,300,85857.79293
-6.543263,300,85860.400401
-5.201399,300,85863.222033
-4.20014,300,85866.065115
-4.585623,300,85868.778541
-4.099638,300,85871.477101
-5.70169,300,85874.273547
-6.730233,300,85876.962759
-11.334756,300,85879.557818
-11.022754,300,85882.210995
-4.209455,300,85886.649565
-12.513095,300,85889.307626
-11.373638,300,85892.022388
-4.145852,300,85894.64652
-4.880721,300,85897.233072
-5.510505,300,85899.866565
-3.034598,300,85902.462806
-5.87648,300,85905.050098
-2.173077,300,85907.861072
-6.484178,300,85910.810209
-3.101356,300,85914.022415
-5.180043,300,85917.358085
-3.287436,300,85920.020973
-2.440366,300,85922.764295
-4.354288,300,85925.503019
-12.39418,300,85928.408159
-4.102631,300,85931.295291
-1.149263,300,85934.135441
-5.379965,300,85936.974258
-3.517957,300,85939.904001
-9.759538,300,85942.631743
1.94428,300,85945.416432
-2.155745,300,85948.09784
-12.751987,300,85950.762469
-5.394158,300,85953.405304
-3.89393,300,85956.051321
-7.109588,300,85958.641542
-5.15843,300,85961.284333
-2.418914,300,85963.883128
-2.75043,300,85966.796466
-8.02778,300,85969.731119
-2.171829,300,85972.583846
-5.249964,300,85975.593998
-5.494996,300,85980.272207
-2.693988,300,85983.09054
-0.932427,300,85985.926744
-1.280901,300,85989.014714
54.047695,141,85990.48044
-4.126659,300,85993.632298
3.231952,300,85996.572803
-2.626863,300,85999.526317
-3.95804,300,86002.176861
53.480983,155,86003.530729
-3.042634,300,86006.39409
-3.904321,300,86009.329665
-1.519157,300,86012.12703
-2.12506,300,86014.928404
53.523554,148,86016.322344
-5.228025,300,86019.429478
53.248531,146,86021.077608
-8.244417,300,86024.309412
-2.154877,300,86027.493983
-1.271149,300,86030.695574
-2.743013,300,86033.366046
2.515424,300,86036.431853
-2.897713,300,86039.265606
-3.979456,300,86041.973123
-3.681626,300,86044.998409
-2.786438,300,86047.877494
-3.83421,300,86050.706749
-3.704505,300,86053.792768
-1.381787,300,86056.559482
-4.054646,300,86059.979499
52.842402,143,86061.621051
-4.734653,300,86064.809461
-7.035471,300,86067.641358
-2.55083,300,86070.365422
-4.382922,300,86073.111887
53.130259,161,86074.648905
52.604508,153,86076.117448
-22.598065,300,86080.811593
-1.843723,300,86083.78678
-9.256273,300,86087.424957
-2.848563,300,86090.369787
-10.831785,300,86093.801455
53.616269,138,86095.244458
-3.312784,300,86098.021037
-1.770133,300,86100.616745
-5.607787,300,86103.35174
-2.545028,300,86106.1653
-10.345521,300,86109.10497
-8.919152,300,86112.269863
-8.60272,300,86115.145837
52.771464,206,86117.074498
-8.495552,300,86120.451707
-8.155659,300,86123.372144
-1.953945,300,86126.833858
-2.153145,300,86130.31856
-1.023991,300,86133.714147
-2.811303,300,86136.829527
-0.94781,300,86140.001451
-2.779462,300,86143.413038
-4.510332,300,86146.708765
-3.724974,300,86149.938419
-3.35356,300,86153.034471
-1.966786,300,86156.103351
-1.639503,300,86159.199302
-2.049846,300,86162.337353
1.957299,300,86165.437915
-13.4247,300,86168.488605
-8.833891,300,86171.438695
-1.359428,300,86174.73762
-1.458068,300,86178.469913
-8.192705,300,86181.863972
-5.10991,300,86187.206363
-5.108831,300,86190.3267
-5.380939,300,86193.3944
-11.291993,300,86196.475237
-2.52053,300,86199.587652
-4.081116,300,86203.847522
-4.529127,300,86207.294409
2.374728,300,86210.458232
0.617212,300,86213.487432
-3.803441,300,86216.6095
-0.865762,300,86219.633384
-2.295709,300,86222.797119
52.401591,243,86225.618939
-1.019029,300,86229.215966
-3.258653,300,86233.103566
-4.663191,300,86236.890952
52.750478,142,86238.633483
-21.78022,300,86242.37569
-4.26438,300,86246.371539
-9.817508,300,86250.505839
-27.405093,300,86254.157577
-5.061652,300,86257.717855
-5.970579,300,86261.668191
-11.726821,300,86265.656552
-1.473755,300,86269.625787
-3.824448,300,86273.639819
-7.794364,300,86277.73457
53.758867,145,86280.04231
-6.895457,300,86284.403127
-2.161015,300,86288.426461
-3.181666,300,86292.247552
52.547506,138,86294.057014
-5.295201,300,86297.701204
-1.106874,300,86301.168862
-1.173017,300,86304.558733
-2.030926,300,86310.180294
-10.110758,300,86313.530693
-4.238836,300,86316.623213
-2.465775,300,86319.745361
-3.285581,300,86323.090683
-9.74099,300,86326.278814
-2.327659,300,86329.376733
-2.864628,300,86332.39841
52.503215,139,86333.985615
-15.782634,300,86337.080084
52.899363,148,86338.760921
-2.123209,300,86341.904408
-6.848514,300,86345.043295
-2.149009,300,86348.307906
-1.989173,300,86351.224102
-2.510488,300,86354.471464
-4.609544,300,86357.786434
53.585937,131,86359.134346
52.260938,131,86360.462065
-2.304338,300,86363.352323
-3.494165,300,86366.429006
0.787579,300,86369.635205
-2.094706,300,86372.575094
53.162039,158,86374.185872
-2.298896,300,86377.250868
-0.666417,300,86380.30148
-2.255474,300,86383.362648
52.989229,163,86385.093846
-1.404649,300,86388.257639
-1.643057,300,86391.470043
-30.753212,300,86394.843552
-6.035704,300,86398.153941
0.30261,300,86401.364489
52.925233,140,86402.798328
-4.000878,300,86405.984554
53.30497,135,86407.568814
53.732535,128,86408.976689
53.351449,136,86410.408112
-3.038722,300,86413.581233
-1.652826,300,86418.856312
-3.533267,300,86422.043131
53.816614,151,86423.688018
-8.308643,300,86427.355621
-7.996488,300,86430.526402
-3.415639,300,86433.556686
-4.665463,300,86436.576045
-5.721584,300,86439.627787
-9.509738,300,86442.947203
-1.51317,300,86446.073952
-7.830951,300,86449.365974
-9.098358,300,86452.49183
-5.39868,300,86455.689124
-8.794876,300,86458.935599
-1.747595,300,86462.044013
-7.666731,300,86465.151077
49.936341,200,86467.32119
-5.605619,300,86470.573805
-3.590263,300,86473.991372
-1.106462,300,86477.328131
-5.664735,300,86480.765015
-6.83734,300,86484.378421
53.626031,114,86485.734065
-7.924939,300,86489.268834
-7.930406,300,86492.758102
53.20017,129,86494.245079
-3.095304,300,86497.494034
-8.493409,300,86500.527152
-4.58464,300,86503.795611
-3.492283,300,86507.300126
-6.497104,300,86510.537481
0.848241,300,86513.630562
2.942485,300,86516.681952
-5.110771,300,86520.210309
-3.797465,300,86524.062531
-12.702675,300,86529.194911
54.18774,138,86530.692924
53.137132,156,86532.393538
-1.713447,300,86535.492053
1.355603,300,86538.536104
53.915184,270,86541.346194
-3.542478,300,86544.397593
-11.745031,300,86547.786366
-10.195173,300,86551.074657
-4.181772,300,86554.323317
-1.112805,300,86557.156829
-14.287531,300,86560.073651
50.165277,278,86562.822973
51.055444,173,86564.681231
-4.084146,300,86568.208671
-1.394519,300,86571.406646
2.503071,300,86574.598249
-2.136381,300,86577.890781
-6.516381,300,86580.853899
-16.155415,300,86583.858854
-8.938474,300,86586.800026
51.745186,183,86588.593159
-2.10936,300,86591.587963
53.770764,145,86592.997239
-8.3884,300,86595.942004
-1.393778,300,86599.031788
-2.930672,300,86601.968621
-4.969723,300,86605.053365
51.387459,194,86606.979729
-0.971368,300,86609.683456
-2.575194,300,86612.455365
-6.937049,300,86615.235394
-14.477702,300,86618.105931
52.87504,155,86619.545126
-2.340245,300,86622.675156
-0.881885,300,86625.709819
-1.971363,300,86628.473181
52.163546,159,86631.912405
-10.055681,300,86635.081688
54.055824,161,86636.709169
-4.359328,300,86639.559232
-1.433594,300,86642.434447
52.464757,141,86643.788807
-9.073183,300,86646.549652
54.068494,143,86647.934855
-1.288218,300,86650.955379
-1.918286,300,86653.638212
-3.633332,300,86656.340285
-2.120686,300,86659.436101
-1.312008,300,86662.212646
52.987908,143,86663.720572
-4.642016,300,86666.665391
1.038966,300,86669.626737
53.614506,121,86670.8666
-1.731112,300,86674.113206
-18.687695,300,86677.059846
-0.863971,300,86679.88003
53.921887,183,86681.629518
53.039069,152,86683.317753
-6.089503,300,86686.284997
-12.646835,300,86689.472509
-3.621801,300,86692.308836
-3.670639,300,86695.276656
-5.100001,300,86698.324417
-6.050366,300,86701.151103
53.971104,141,86702.486196
-2.064302,300,86705.218941
-2.932163,300,86708.114203
52.271783,141,86709.354226
-3.042571,300,86711.989624
-2.4561,300,86715.040629
-2.954121,300,86717.799813
-4.432391,300,86720.395427
-4.721408,300,86723.159231
-3.867585,300,86725.820941
-3.270725,300,86730.473021
-4.468592,300,86733.447385
-2.426769,300,86736.471772
-2.845655,300,86739.642413
53.437926,149,86741.110682
-21.420219,300,86744.015331
-13.764518,300,86746.749546
-7.077364,300,86749.856177
-2.087258,300,86752.918708
-12.40981,300,86755.813721
-7.047819,300,86758.694061
-12.487693,300,86761.357907
-16.355084,300,86764.050414
-0.170078,300,86766.882
-18.67274,300,86770.295592
-25.391554,300,86773.486778
-0.644196,300,86777.003507
-2.841438,300,86780.154051
-5.827125,300,86783.636156
-5.675841,300,86786.507496
-7.631165,300,86789.772144
-6.494343,300,86792.738515
-1.615523,300,86795.553025
-8.681671,300,86798.353953
-3.908595,300,86801.137474
-7.429216,300,86804.032278
-2.559935,300,86806.809012
-5.90867,300,86809.662807
-6.905601,300,86812.431326
-23.390398,300,86815.154747
-0.186945,300,86817.992926
52.856333,147,86819.564794
53.679932,141,86821.146746
-5.65703,300,86824.222216
53.588834,136,86825.477078
-3.735788,300,86828.251026
-9.487728,300,86833.151359
-5.454407,300,86836.375877
-22.655811,300,86839.408894
51.90608,173,86841.169394
-3.739924,300,86844.022259
-3.445795,300,86846.772151
-4.986528,300,86849.641797
-6.361922,300,86852.374243
-5.480438,300,86855.744808
-1.487037,300,86860.380581
-6.378308,300,86864.558741
-10.991632,300,86867.954255
-6.089715,300,86871.305706
-0.383315,300,86874.661436
-6.399651,300,86878.064953
-5.818603,300,86881.319624
-2.451647,300,86884.597424
-21.406187,300,86887.903135
0.560771,300,86891.021623
-21.403671,300,86894.074675
-11.993978,300,86897.112246
-7.909439,300,86900.13669
-1.833815,300,86903.217897
53.949797,137,86904.623335
1.342441,300,86907.772616
2.195834,300,86910.947953
2.271193,300,86914.015533
-3.837524,300,86917.205543
-3.653017,300,86920.215813
54.170301,138,86921.658994
-5.71545,300,86924.684901
-9.829792,300,86928.024986
54.136912,212,86930.278521
-6.658595,300,86933.564467
-5.543819,300,86936.804033
-5.534109,300,86942.237323
-2.512216,300,86945.252893
-4.602954,300,86948.300227
-2.955102,300,86951.06577
-8.19623,300,86954.060944
2.296309,300,86957.149308
52.8351,131,86958.500207
-1.73559,300,86961.365183
0.304507,300,86964.602229
52.406507,130,86965.85322
52.550237,147,86967.354772
-5.008951,300,86970.599221
53.840991,137,86971.997706
-3.45808,300,86975.037461
-11.172676,300,86977.999516
-4.51095,300,86980.775727
-9.399408,300,86983.576702
-1.487235,300,86986.386665
-3.207665,300,86989.147608
-5.166966,300,86991.943772
-0.752287,300,86994.799292
53.694298,138,86996.162845
-4.293847,300,86999.107877
-4.48505,300,87002.199588
53.811675,137,87003.796524
-9.906711,300,87007.145984
-3.430121,300,87010.543217
53.417132,138,87011.965294
-5.375092,300,87015.09283
-4.827507,300,87018.122653
53.673133,128,87019.34309
-12.812837,300,87022.392384
-0.921789,300,87025.285426
-0.992183,300,87028.321592
53.315312,128,87029.489003
-5.051689,300,87032.403379
53.57158,155,87033.978666
-4.384294,300,87037.039657
-0.64406,300,87041.641676
-3.837947,300,87044.320835
-2.449589,300,87046.986468
-5.473451,300,87049.652359
-2.585224,300,87052.392525
-2.163067,300,87055.172433
-2.026711,300,87058.228941
-6.100696,300,87061.049632
-11.171243,300,87063.7962
-8.072384,300,87066.592866
-9.259309,300,87069.580543
-1.409406,300,87072.568788
-2.497229,300,87075.437643
-5.849721,300,87078.43969
0.471853,300,87081.350076
-3.048882,300,87084.724516
-2.864881,300,87087.721334
-4.414468,300,87090.645798
-0.931267,300,87093.862849
-0.76644,300,87096.89359
-6.575773,300,87099.773167
-2.355937,300,87102.668975
-5.074047,300,87106.048226
-1.207153,300,87109.203849
-10.435705,300,87112.521031
-10.881256,300,87115.46609
-9.341801,300,87118.691533
53.068682,173,87120.351462
-4.691838,300,87123.223402
-9.083471,300,87125.911045
-6.341409,300,87128.653716
-0.987437,300,87131.267218
-32.401714,300,87133.853296
-1.507324,300,87136.461855
-0.878856,300,87140.853078
-14.125001,300,87143.83698
-14.229803,300,87146.796383
-23.471392,300,87150.22657
-1.424191,300,87153.661857
-4.289119,300,87157.058238
54.01528,131,87158.558041
-14.474347,300,87161.748271
-16.51114,300,87165.473778
-2.797437,300,87168.610947
-7.053426,300,87171.833403
-1.878616,300,87174.667461
-2.400166,300,87177.963078
53.192677,182,87179.890062
-2.147111,300,87183.10446
-7.723344,300,87186.361658
-5.626975,300,87189.549948
-10.472833,300,87192.638352
-1.255147,300,87195.56058
52.64206,125,87196.709827
-1.245276,300,87199.594673
-2.252189,300,87202.428453
-43.428632,300,87205.331939
53.380057,146,87206.69615
-0.797713,300,87209.48681
52.739493,150,87210.792388
-2.395831,300,87213.476625
-0.794822,300,87216.201575
-4.423778,300,87219.039419
-7.836213,300,87221.921083
2.967512,300,87224.760563
-6.553949,300,87227.569563
-2.609386,300,87230.236205
-2.996895,300,87232.940532
-5.113067,300,87235.51514
-5.061701,300,87238.184115
-5.018881,300,87242.819154
-9.699916,300,87245.572121
-4.654447,300,87248.448354
-10.370814,300,87251.210258
54.263253,129,87252.452983
2.649619,300,87255.215645
-1.690171,300,87257.980846
-1.031019,300,87260.866677
-2.833167,300,87264.188782
-2.058561,300,87267.003701
-1.516252,300,87269.719861
54.192588,138,87271.088682
-10.693849,300,87274.105352
-2.088954,300,87276.957882
-14.005658,300,87280.021295
-9.870812,300,87283.891176
53.07519,148,87285.421791
-2.079177,300,87288.632896
-3.276745,300,87291.836942
-3.253071,300,87294.968296
-2.958321,300,87298.365792
-3.814784,300,87301.089934
-0.975398,300,87304.191837
-3.916649,300,87306.94608
-2.245848,300,87309.675767
-4.238777,300,87312.468437
-1.938709,300,87315.175966
53.152712,137,87316.542215
-3.86486,300,87319.677392
-2.233919,300,87322.448375
-8.696861,300,87325.218595
-1.404297,300,87328.03249
-14.447317,300,87330.841123
53.376131,130,87331.998152
0.428801,300,87334.711401
-3.694356,300,87337.402688
-3.410898,300,87342.043361
-7.707416,300,87344.902434
-6.286221,300,87347.669628
2.320563,300,87350.339383
-1.953353,300,87353.122218
-2.935043,300,87355.873873
-7.121079,300,87358.713389
-2.820881,300,87361.489623
-3.521272,300,87364.271383
-10.628711,300,87367.017708
-10.647685,300,87369.834894
-0.162478,300,87372.415866
-22.269487,300,87375.055039
-1.287162,300,87377.65013
-2.316596,300,87380.251644
53.089593,153,87381.564073
-4.740071,300,87384.181848
-4.891277,300,87386.748434
52.575078,157,87388.303316
-2.514334,300,87391.030003
52.324687,138,87392.276192
-3.814397,300,87394.898485
-5.523765,300,87397.526674
52.153369,135,87398.671474
50.780421,225,87400.680157
-3.766831,300,87403.293956
-5.531881,300,87405.90108
-4.12677,300,87408.503401
-3.643155,300,87411.119147
-24.601114,300,87413.816351
-1.938852,300,87416.616068
-1.950718,300,87419.474032
-3.461296,300,87422.34019
-4.221624,300,87425.49374
-12.105653,300,87428.398047
-10.70287,300,87431.39734
-2.344312,300,87436.190322
-4.887809,300,87438.927548
-1.106325,300,87441.741071
-2.436853,300,87444.454915
-1.457054,300,87447.366822
-3.262485,300,87450.272888
-2.562758,300,87453.026275
-3.859019,300,87455.641655
-1.807108,300,87458.391822
-6.595425,300,87461.004664
51.580157,162,87462.582242
-3.190428,300,87465.472097
-2.959365,300,87468.377203
-1.12416,300,87471.02447
-1.057004,300,87473.774569
-6.311398,300,87476.524359
51.509786,203,87478.394343
-0.105237,300,87481.018596
51.389264,227,87483.055938
-4.821383,300,87485.876728
0.50804,300,87488.635064
-7.495891,300,87491.481138
53.818097,124,87492.575771
-5.778456,300,87495.175478
-1.006527,300,87497.94566
-4.695082,300,87500.662717
53.358081,147,87501.940641
-5.57784,300,87504.835761
-5.818988,300,87507.673551
-0.023172,300,87510.30081
-6.368738,300,87512.87887
-1.739538,300,87515.474499
-2.284659,300,87518.136448
53.290471,135,87519.292449
-5.495882,300,87521.845316
-2.25973,300,87524.622895
-4.737646,300,87529.437048
-1.226989,300,87532.686206
-1.796159,300,87535.445272
-4.038386,300,87538.144556
-3.531431,300,87540.771997
-2.337357,300,87543.384994
-1.746765,300,87546.024312
53.331259,123,87547.09686
-2.833024,300,87549.692171
-2.455901,300,87552.235846
-47.605185,300,87554.838356
53.629821,134,87555.98628
-1.98934,300,87558.594639
0.01771,300,87561.194479
-2.903377,300,87563.806643
-7.380948,300,87566.361357
-2.88144,300,87569.077945
-1.868851,300,87571.609119
-7.614363,300,87574.246832
-3.496396,300,87576.804369
3.645985,300,87579.472488
-4.321924,300,87582.060786
-3.801301,300,87584.653084
-2.378795,300,87587.223681
-10.934449,300,87589.891429
53.922665,141,87591.090902
-4.514527,300,87593.675993
52.109672,138,87594.87308
-4.996389,300,87597.519665
-4.443262,300,87600.170877
-7.424905,300,87602.737591
-7.048441,300,87605.345543
52.761202,133,87606.536983
-3.213162,300,87609.129553
-3.181589,300,87611.692914
53.239942,130,87612.821621
-3.416909,300,87617.235319
1.00127,300,87619.885546
-2.097392,300,87622.475523
-6.451388,300,87625.021204
-2.371675,300,87627.678064
-5.859026,300,87630.294246
52.585091,133,87631.427631
-1.571684,300,87634.02804
53.39328,163,87635.565701
-9.568921,300,87638.182169
-3.15954,300,87640.744495
-4.993637,300,87643.314497
53.804086,204,87645.140055
-1.611959,300,87647.72855
-5.937348,300,87650.273962
-6.633849,300,87652.82904
-3.351142,300,87655.444005
-2.106265,300,87658.058174
52.915956,119,87659.125517
-39.251143,300,87661.67554
-9.303557,300,87664.358013
-35.923686,300,87666.897397
53.063733,181,87668.459468
53.457917,139,87669.654193
-1.598042,300,87672.276303
52.019635,136,87673.461818
53.951111,134,87674.616858
-2.380887,300,87677.184671
-1.920319,300,87679.847008
53.511643,125,87680.963958
-7.581528,300,87683.536934
-3.559207,300,87686.104771
-1.897064,300,87688.853627
-4.275411,300,87691.4942
53.435833,125,87692.597731
-5.294082,300,87695.157423
-6.558533,300,87697.776448
-8.201843,300,87700.353746
-6.875027,300,87702.916171
-7.486005,300,87707.414157
-3.45956,300,87710.073375
-2.259987,300,87712.649318
-3.030552,300,87715.221643
-5.606023,300,87717.951504
51.880965,124,87719.068605
-5.022986,300,87721.649188
-5.556823,300,87724.255211
-4.08061,300,87726.823502
-10.826607,300,87729.504871
-1.107737,300,87732.24665
-1.803415,300,87734.910739
-4.026881,300,87737.466725
-4.410818,300,87740.145196
-4.701886,300,87742.717067
-1.85687,300,87745.324443
54.025981,120,87746.375107
0.806062,300,87749.064715
-2.860609,300,87751.609554
-1.685437,300,87754.239215
-6.018009,300,87756.775646
-2.230885,300,87759.422855
-1.817346,300,87762.008818
3.458025,300,87764.629419
-9.439031,300,87767.205994
-1.96683,300,87769.995713
-3.085428,300,87772.628529
-1.337132,300,87775.160617
-13.963179,300,87777.701523
52.386552,166,87779.177744
-1.815269,300,87781.742197
-2.266791,300,87784.296881
-8.869224,300,87786.850938
-13.104943,300,87789.54179
-11.367847,300,87792.118295
53.629598,125,87794.953186
-15.488551,300,87797.596354
52.475296,135,87798.789305
-3.931862,300,87801.320259
52.364776,150,87802.673915
-7.827924,300,87805.230009
-46.273469,300,87807.901356
-0.980906,300,87810.551038
-4.380395,300,87813.221285
-25.209052,300,87815.86916
-2.029915,300,87818.538001
-12.657803,300,87821.104292
-7.374256,300,87823.735964
-8.098166,300,87826.300645
-2.748002,300,87828.954237
-4.030488,300,87831.487913
53.791494,141,87832.706362
-16.632478,300,87835.46345
-4.327244,300,87838.289264
53.294517,133,87839.465889
52.771761,149,87840.740442
-4.62471,300,87843.33672
-0.395575,300,87845.929056
-2.260204,300,87848.404136
52.347713,147,87849.690018
-9.878391,300,87852.325628
-0.55193,300,87855.018946
-3.885248,300,87857.752087
-8.322898,300,87860.378747
53.815702,139,87861.574835
-19.494705,300,87864.278071
-1.660314,300,87866.88038
-5.06087,300,87869.505634
53.678015,161,87870.994936
-18.963238,300,87873.745718
-4.220469,300,87876.423424
-14.959735,300,87879.212067
-0.552263,300,87881.949002
-5.070801,300,87886.660322
-1.835519,300,87889.288168
-4.982369,300,87891.979437
52.996129,133,87893.149976
52.486249,167,87894.668511
-2.643885,300,87897.372557
-5.214409,300,87900.106505
-5.638589,300,87902.786388
-103.380519,300,87905.470815
-16.881452,300,87908.18229
-5.977468,300,87910.795394
-29.194957,300,87913.370144
-30.943975,300,87916.016967
-10.832282,300,87918.688715
-7.874006,300,87921.41098
-7.979221,300,87923.983972
-44.10829,300,87926.596984
-11.947014,300,87929.226262
53.906051,135,87930.395092
-1.844192,300,87933.029351
-3.478911,300,87935.573186
-6.270383,300,87938.176622
-3.91109,300,87940.712314
-20.788351,300,87943.256991
-1.098737,300,87945.905197
-4.290145,300,87948.496747
-2.216425,300,87951.121304
-1.965316,300,87953.718683
2.830205,300,87956.453618
-23.420657,300,87959.046875
-33.028484,300,87961.564415
-22.506492,300,87964.195756
51.672854,152,87965.521478
-16.496881,300,87968.117966
-4.704982,300,87970.75564
-16.765029,300,87975.30773
-22.523343,300,87977.911908
-17.177105,300,87980.459877
-7.326329,300,87983.082526
-5.14302,300,87986.015248
-17.1796,300,87988.770351
-6.459994,300,87991.820229
-9.274306,300,87994.625794
-4.736392,300,87997.321436
53.918286,162,87998.787798
-16.785552,300,88001.429847
52.73262,145,88002.757692
-3.971954,300,88005.572153
-8.395698,300,88008.261158
53.556001,127,88009.364984
-2.248975,300,88011.991061
-0.84899,300,88014.644129
-9.398613,300,88017.245295
53.421384,134,88018.44189
-11.817484,300,88021.088119
-8.392508,300,88023.760279
-11.117506,300,88026.356219
-7.168372,300,88028.956337
1.477762,300,88031.643396
-7.495864,300,88034.276066
0.54974,300,88037.040931
-6.459039,300,88039.786478
-8.429055,300,88042.633186
-6.829291,300,88045.473417
-8.875437,300,88048.377971
-5.958037,300,88051.326857
-6.252789,300,88054.124959
53.937028,173,88055.701923
0.994264,300,88058.50954
-3.60952,300,88061.288891
-2.549555,300,88064.130395
53.582569,134,88065.400895
53.625274,138,88069.167799
-6.54604,300,88072.352298
-4.797599,300,88074.736481
3.332174,300,88077.194962
-4.665552,300,88079.701683
53.27889,117,88080.653189
-1.375727,300,88083.135776
-4.383774,300,88085.536934
-6.041757,300,88088.030191
53.819899,117,88088.974884
-4.379907,300,88091.644965
-3.407363,300,88094.522859
0.022792,300,88097.318339
-1.530205,300,88099.955785
-2.361423,300,88102.669244
-1.664503,300,88105.671497
-0.310568,300,88108.70274
-6.095346,300,88113.196523
-6.76164,300,88117.915367
53.979196,117,88119.387395
54.058597,119,88121.184721
-1.596005,300,88127.079664
-1.601469,300,88132.183491
-4.918227,300,88137.142136
-5.26827,300,88142.475471
-1.812107,300,88145.605734
-2.700815,300,88148.611556
-2.518833,300,88151.521252
-4.211593,300,88154.433108
52.549924,144,88155.715855
-5.529122,300,88158.279618
53.382946,128,88159.386405
-7.105827,300,88162.063882
-3.343813,300,88164.754665
-2.347174,300,88167.412452
-2.388245,300,88170.071073
-1.612119,300,88172.903672
-7.033957,300,88177.650701
0.221689,300,88180.560128
52.958455,143,88181.956643
-2.062492,300,88184.808263
51.787965,143,88186.158876
-7.225799,300,88188.877957
52.674854,161,88190.337146
-1.863135,300,88193.095761
52.436933,148,88194.428918
53.255574,138,88195.649517
-5.640291,300,88198.369407
-1.148232,300,88201.17212
-3.189804,300,88204.322531
-5.437615,300,88207.332473
-5.071774,300,88210.095515
-4.110323,300,88212.842036
-2.42499,300,88215.843753
-3.872101,300,88218.547923
-4.162084,300,88221.078582
53.277196,143,88222.338734
-4.870981,300,88224.910668
-6.437594,300,88227.413146
-3.80926,300,88230.011948
-1.311097,300,88232.669737
-8.174421,300,88235.322156
-0.05042,300,88237.989018
-2.302557,300,88240.537504
-5.51026,300,88243.110479
-11.104363,300,88245.666535
-2.038136,300,88248.222133
53.829773,132,88249.358577
-4.348913,300,88252.033878
-13.072394,300,88254.596002
-5.25015,300,88257.119759
53.359703,129,88258.302156
-1.382824,300,88260.961422
53.42884,125,88262.012061
-3.922201,300,88264.630783
-3.982579,300,88268.941827
-1.617112,300,88271.640777
-3.042841,300,88274.300534
-10.402103,300,88276.956767
3.248623,300,88279.632609
-11.572698,300,88282.393329
-11.481594,300,88285.144828
-2.024727,300,88287.88143
-8.085391,300,88290.497928
-3.882425,300,88293.199809
-3.114485,300,88295.855593
-3.63713,300,88298.497281
-14.898102,300,88301.083852
-2.831771,300,88303.739084
-2.706325,300,88306.291
-3.68695,300,88308.888129
-4.831251,300,88311.558358
-15.772706,300,88314.305204
-6.988675,300,88316.965791
-0.916499,300,88319.71462
53.474626,149,88321.032755
-3.306183,300,88323.741398
52.204608,139,88325.000889
-4.485585,300,88327.675051
-2.45459,300,88330.295802
-1.306605,300,88332.972816
-7.154069,300,88335.565976
-4.889645,300,88338.111366
-4.679372,300,88340.621972
-5.194912,300,88343.520924
-4.717419,300,88346.17613
-3.754853,300,88348.81002
-7.633934,300,88351.419716
-2.915051,300,88354.091467
-3.913169,300,88356.720571
2.932747,300,88361.114066
0.566908,300,88363.761567
-2.653465,300,88366.396017
-4.601524,300,88369.061117
-10.443693,300,88371.615042
-4.703206,300,88374.240024
52.208651,140,88375.507782
2.458959,300,88378.133603
53.304462,159,88379.452871
-11.461995,300,88381.960207
-7.561355,300,88384.628132
-5.009182,300,88387.147866
51.494579,162,88388.520714
-3.764959,300,88391.035389
53.42537,168,88392.619185
51.353581,147,88394.012499
-22.731294,300,88396.80985
-2.697654,300,88399.641286
52.528982,151,88401.096714
-1.407338,300,88403.719525
-13.351212,300,88406.326932
-2.521164,300,88408.852468
-2.350796,300,88411.410232
-16.238624,300,88414.06435
-0.737717,300,88416.82757
-14.347692,300,88419.34057
-12.921822,300,88422.081858
-4.330711,300,88424.702799
53.058942,151,88426.041365
-22.874611,300,88428.737656
-20.869993,300,88431.308152
-5.492013,300,88433.92553
-1.791769,300,88436.648851
-17.98804,300,88439.265833
-2.307365,300,88441.806502
53.677982,115,88443.056228
-17.221103,300,88445.738225
-2.694243,300,88540.059769
-3.404156,300,88544.250752
-3.186179,300,88547.251803
-4.34371,300,88550.269952
54.050444,151,88552.109326
54.24068,140,88554.270985
-3.198324,300,88557.888093
-1.510715,300,88561.065844
-7.341987,300,88563.93287
51.533181,142,88565.412144
-6.660645,300,88568.285272
-1.933372,300,88571.135959
-8.728974,300,88573.959346
-1.958676,300,88577.06152
-4.564035,300,88580.075614
-21.594082,300,88582.991896
-21.674688,300,88586.161905
-21.097367,300,88589.202019
-18.267148,300,88592.430363
-27.123217,300,88595.480357
-16.676625,300,88598.274081
-1.787613,300,88601.279336
-17.957614,300,88604.982408
-21.651001,300,88608.268395
-25.812694,300,88611.393468
-25.673948,300,88614.978275
-18.16931,300,88618.247863
-21.817947,300,88621.483478
-29.168034,300,88624.738011
-28.438081,300,88627.878863
-16.624607,300,88630.987196
-25.782138,300,88634.053991
-6.068471,300,88636.806321
-18.705944,300,88639.659737
-23.285799,300,88642.371068
-4.245235,300,88647.113851
-14.390367,300,88649.774048
-1.461549,300,88652.742862
-20.978718,300,88655.823933
-11.599544,300,88658.78644
-14.259347,300,88661.794934
-19.371484,300,88664.530206
-20.515818,300,88667.254491
-6.440769,300,88670.239186
-2.895227,300,88673.97377
-16.099558,300,88677.233288
-0.894354,300,88680.312197
-11.173219,300,88683.335673
-12.365992,300,88686.427572
-11.396498,300,88689.997865
-14.1895,300,88693.201171
-14.922007,300,88696.284771
-1.728413,300,88699.099024
-9.927596,300,88702.232215
-1.30144,300,88704.978332
-3.642832,300,88707.828608
-30.194749,300,88710.606469
-3.319916,300,88713.399019
-5.402365,300,88716.124537
-3.983517,300,88719.029924
-1.608093,300,88721.817424
-3.615554,300,88724.632536
-5.167038,300,88727.423087
-3.239184,300,88730.22634
-2.877073,300,88733.004593
52.598171,141,88734.298207
-4.161912,300,88736.960022
50.34304,201,88738.847163
-2.266624,300,88741.509523
-6.072469,300,88746.127544
-4.195665,300,88749.121772
-2.210294,300,88752.656269
-1.456091,300,88755.877724
-9.55263,300,88759.422199
-6.946988,300,88762.400344
53.110456,129,88763.673809
51.138326,238,88765.978241
-1.101205,300,88768.776263
1.258123,300,88771.610791
-3.716496,300,88774.479949
-2.824244,300,88777.344315
54.136213,104,88778.377065
-4.552803,300,88781.099166
53.990785,144,88782.448854
53.353062,149,88784.024081
-3.757679,300,88786.9777
-15.14169,300,88789.665888
-4.362623,300,88792.879832
-3.271324,300,88796.094105
-0.682164,300,88799.103755
2.307312,300,88801.871731
-19.617867,300,88804.596762
-1.05905,300,88807.290989
-1.648402,300,88810.17311
-3.907462,300,88812.915793
-3.684205,300,88815.70433
1.026484,300,88818.377784
-0.049948,300,88821.141911
-4.513798,300,88823.865083
52.663067,183,88825.520884
-21.821702,300,88828.450468
2.005267,300,88831.588321
52.797026,135,88832.849565
52.13252,132,88834.072607
-10.834132,300,88837.932405
1.979744,300,88841.750202
53.36635,124,88843.149571
-6.099304,300,88848.25174
2.406539,300,88851.587507
-4.9814,300,88854.396075
-2.794897,300,88857.280733
-0.716942,300,88860.089721
-3.283695,300,88862.927003
-1.584946,300,88865.751249
-11.863999,300,88868.577006
-0.765774,300,88871.581212
-9.361694,300,88874.577046
-4.871661,300,88877.549353
-0.328999,300,88880.421446
-10.441633,300,88883.164287
1.394791,300,88886.253978
53.85198,134,88887.846179
1.299724,300,88890.771938
-3.875196,300,88893.552126
-9.348181,300,88896.423607
-0.625962,300,88899.250389
-10.903788,300,88902.078609
53.736265,145,88903.468812
-12.598287,300,88906.270477
-3.21547,300,88909.107938
0.313256,300,88912.026958
-5.126494,300,88914.792759
-10.319813,300,88917.61642
-3.848795,300,88920.540767
0.159273,300,88923.301332
-2.556019,300,88926.111481
-5.720861,300,88928.976513
-5.451066,300,88931.986604
-13.211773,300,88934.830762
-15.258971,300,88937.686599
-4.918666,300,88940.535113
-10.74361,300,88945.301623
53.020664,139,88946.581768
53.016531,142,88948.036861
-5.286647,300,88950.790007
-3.366889,300,88953.978915
-11.386206,300,88956.892448
-6.031601,300,88959.703695
-3.343639,300,88962.444507
-1.247482,300,88965.268377
-1.382907,300,88968.283078
52.824212,167,88969.793906
-5.875128,300,88972.351427
-1.31244,300,88974.953013
-2.594435,300,88977.655882
-10.098912,300,88980.163574
-3.290119,300,88982.737671
-7.155149,300,88985.565091
-1.289994,300,88988.494632
-0.475863,300,88991.482454
-22.786187,300,88994.389434
-4.497369,300,88997.191118
-6.19814,300,89000.064059
-9.422013,300,89002.831434
-1.322017,300,89005.645727
-3.079336,300,89008.458072
-3.758024,300,89011.222669
-0.966235,300,89014.098254
-5.113696,300,89017.099106
52.82646,140,89018.690661
-12.362166,300,89021.752419
-9.004091,300,89024.623835
-3.189126,300,89028.720482
-9.521805,300,89031.881942
51.277351,181,89033.911899
53.37826,128,89035.303417
-7.849706,300,89038.866578
-1.350034,300,89042.878893
-6.700916,300,89049.546415
-1.228752,300,89053.386995
-8.050428,300,89056.617362
-7.94856,300,89060.001338
-4.236819,300,89063.47273
-18.971815,300,89066.804168
-3.292923,300,89070.253675
-1.161154,300,89073.41335
-8.006786,300,89076.795208
-2.644802,300,89080.010085
-1.6037,300,89083.374643
-7.018966,300,89086.324965
-6.992995,300,89089.31784
51.925554,129,89090.837384
-1.952244,300,89094.077504
-4.883136,300,89097.403897
-1.698315,300,89100.571296
52.559547,134,89101.95236
-10.275405,300,89105.135352
-12.925051,300,89108.415104
-12.95416,300,89111.755105
53.640531,139,89113.251673
-4.662806,300,89116.339533
-3.998106,300,89119.52982
-7.285612,300,89122.491048
-1.041184,300,89125.249757
-8.786454,300,89128.135634
-9.097566,300,89130.915834
-1.81404,300,89133.64997
-4.47756,300,89136.432425
-5.638448,300,89139.440075
-5.319719,300,89142.260238
-5.725258,300,89144.924936
-7.617194,300,89147.711327
-28.814933,300,89150.461648
-3.266182,300,89155.152671
-1.747393,300,89158.019762
-1.551972,300,89160.724448
-11.675453,300,89163.403243
-3.015722,300,89166.168219
-3.641181,300,89168.929329
-6.080983,300,89171.77313
-7.464153,300,89174.45541
-4.204621,300,89177.18547
-2.739699,300,89179.83399
-2.111983,300,89182.491075
-6.137521,300,89185.131911
-5.389672,300,89187.825183
-1.130775,300,89190.629908
-0.620891,300,89193.42466
-12.279236,300,89196.154057
53.719287,139,89197.423289
-16.294181,300,89200.081033
-14.19042,300,89203.002458
-7.63454,300,89205.693471
1.56381,300,89208.433927
-5.132277,300,89211.127719
-3.926379,300,89213.861146
-15.822599,300,89216.604262
53.593944,125,89217.820822
53.505274,124,89218.920601
-2.057813,300,89221.825424
-6.92199,300,89224.509242
-2.069189,300,89227.18738
-2.243424,300,89229.827633
-4.082329,300,89232.657212
-2.94487,300,89235.540417
-3.80915,300,89238.263848
-0.611254,300,89241.154631
-0.677118,300,89243.951696
-5.89656,300,89248.825264
-1.208966,300,89251.684979
-2.936733,300,89254.450748
-14.337256,300,89257.286206
-17.901574,300,89259.945463
-0.933281,300,89262.669166
-2.349462,300,89265.297488
-21.356439,300,89268.146695
-13.836809,300,89270.957942
-15.844259,300,89273.647231
-2.176507,300,89276.281137
54.04056,130,89277.441805
-3.707413,300,89280.128709
-3.093501,300,89282.814589
-4.495296,300,89285.578117
-11.803062,300,89288.208217
53.780918,130,89289.378892
-4.515026,300,89292.08889
-1.698846,300,89294.71811
-4.203177,300,89297.393164
-2.509856,300,89300.095224
-10.809504,300,89302.81139
52.296657,136,89303.993153
54.252314,118,89305.03928
-3.18331,300,89307.684099
-2.547018,300,89310.455311
-15.479821,300,89313.11802
-4.9295,300,89315.857517
-1.342629,300,89318.516264
-1.802995,300,89321.254293
-19.235014,300,89323.865176
-3.344887,300,89326.537557
-15.346909,300,89329.207033
52.00212,133,89330.424742
-1.653981,300,89333.072236
-16.537542,300,89335.75445
-2.233664,300,89340.492728
-12.273063,300,89343.368204
-3.109594,300,89346.024745
-0.848248,300,89348.702592
-1.534358,300,89351.426611
-2.693684,300,89354.108246
-1.551435,300,89356.747481
-5.562556,300,89359.378931
0.990985,300,89362.0634
-5.820959,300,89364.73216
-4.473753,300,89367.382966
-1.245791,300,89370.189585
-1.234643,300,89373.094343
-10.83938,300,89375.989467
-2.898151,300,89378.694771
-2.478155,300,89381.598483
-3.540853,300,89384.773321
-5.498494,300,89387.812166
-2.610444,300,89390.773654
-4.498819,300,89393.588942
-0.068382,300,89396.413659
-2.942839,300,89399.273373
-1.939662,300,89402.02937
-2.754278,300,89404.726232
54.013529,150,89406.227214
-0.915899,300,89408.98571
-5.423958,300,89411.702974
-3.942197,300,89414.520004
-23.755091,300,89417.191467
-5.742573,300,89420.258036
52.963177,150,89421.782206
-2.89428,300,89424.866479
-5.258175,300,89427.85512
-1.1335,300,89431.053236
-3.124727,300,89436.457283
53.315339,165,89438.228649
-2.018378,300,89441.200405
53.504054,130,89442.541696
-1.478783,300,89445.694954
-82.638032,300,89448.600572
-11.172712,300,89451.79318
1.750437,300,89454.860206
-1.55403,300,89457.848265
53.5021,158,89459.307762
-3.754973,300,89462.391421
-8.607054,300,89465.573173
-2.561248,300,89468.347701
-1.00326,300,89471.05551
-14.158326,300,89473.711609
-1.472269,300,89476.68879
-22.561398,300,89479.58054
51.659094,250,89481.918974
-1.393236,300,89484.886479
-2.834817,300,89487.632122
-6.104522,300,89490.430067
53.212152,146,89491.792628
53.706174,163,89493.313314
-5.691308,300,89496.18257
-5.023146,300,89498.795068
-2.764429,300,89501.465983
-2.561258,300,89504.104017
-2.133191,300,89506.855215
-2.838035,300,89509.633722
-1.451579,300,89512.372252
-1.952382,300,89515.077209
53.374568,193,89516.866062
52.833026,203,89518.714774
53.100946,245,89520.930681
-4.147392,300,89523.623915
-15.759906,300,89526.481083
-2.285617,300,89529.203927
-3.16173,300,89533.9338
53.762196,137,89535.268117
-6.541296,300,89538.056998
52.933416,167,89539.619737
-15.096141,300,89542.422907
-5.271885,300,89545.226043
-27.105684,300,89547.979141
-6.453151,300,89550.79937
-1.9683,300,89553.63758
-2.537499,300,89556.530172
-2.772739,300,89559.407985
-2.153958,300,89562.33252
-6.374621,300,89565.024819
-4.230172,300,89567.797159
-2.53218,300,89570.881593
-5.860726,300,89573.868569
-1.419134,300,89577.043457
-14.115554,300,89579.938595
53.621638,144,89581.371938
53.460874,136,89582.626864
-4.046312,300,89585.417718
-1.569066,300,89588.258571
1.802726,300,89591.021705
-1.001135,300,89593.864001
-15.300618,300,89596.875064
53.912749,146,89598.230982
52.852868,219,89600.268963
-6.227427,300,89603.137137
-4.153366,300,89605.969127
-12.397131,300,89608.831395
-2.922106,300,89611.601736
-3.700178,300,89614.424068
53.770581,133,89615.85478
53.25699,153,89617.376136
53.297253,219,89619.869262
-7.012093,300,89622.826607
-0.438351,300,89625.801338
-0.112732,300,89628.95162
-4.557706,300,89633.592841
-6.318482,300,89636.339509
-0.874692,300,89639.058232
-10.956227,300,89641.840231
-11.304748,300,89644.710457
-1.767645,300,89647.532996
2.755196,300,89650.437404
-1.589141,300,89653.342413
-2.629161,300,89656.190266
-4.526657,300,89659.775443
-6.947555,300,89663.085604
-0.15078,300,89666.022656
-8.565767,300,89668.865918
53.086308,124,89669.977983
-1.335569,300,89672.655251
-2.835711,300,89675.391311
-4.079855,300,89678.625857
-4.729291,300,89681.615557
-1.221884,300,89684.438374
-9.860848,300,89687.384622
-5.14172,300,89690.164278
-11.472136,300,89692.837468
-3.237167,300,89695.519204
1.183178,300,89698.247007
-4.306391,300,89700.934791
-5.048948,300,89703.607143
-3.831452,300,89706.278805
-0.702726,300,89708.945192
-5.879322,300,89711.727744
48.834282,273,89714.196207
-2.056044,300,89717.029829
-3.085775,300,89719.722859
-8.763235,300,89722.930363
-9.119373,300,89726.098502
-4.734427,300,89730.92856
-1.71334,300,89733.79225
-6.909314,300,89736.64012
-4.885147,300,89739.330001
-5.120162,300,89742.020657
-3.832216,300,89744.779108
53.789294,131,89746.140409
-5.035693,300,89748.937686
-3.822614,300,89753.173194
-5.845562,300,89757.46616
-8.424101,300,89761.04246
-3.820035,300,89764.402369
-4.50834,300,89767.508251
-6.711459,300,89770.471855
-7.704727,300,89773.547348
-3.372036,300,89776.470013
-6.904899,300,89779.376978
-6.201802,300,89782.411038
53.662384,135,89783.796464
-5.58193,300,89786.776521
-5.174232,300,89789.774342
53.591771,127,89791.082613
-9.171663,300,89794.229203
53.882855,143,89795.810932
-13.113898,300,89798.811105
-4.305301,300,89801.805515
-3.170334,300,89804.791093
-14.12255,300,89807.646737
-4.745026,300,89810.626666
-7.254042,300,89813.713338
-10.67147,300,89816.846732
-12.42796,300,89819.808974
53.712231,219,89821.978816
-2.380119,300,89825.037476
-2.263591,300,89828.092184
-1.762413,300,89832.979444
-9.49426,300,89836.018663
-5.620874,300,89839.206527
-6.354346,300,89842.496544
-0.069378,300,89845.773714
-3.634919,300,89848.821584
-2.17443,300,89851.786632
-4.74454,300,89854.930452
-13.070093,300,89858.134846
-3.458049,300,89861.208523
-2.93945,300,89864.265908
-3.033041,300,89867.318765
-2.246145,300,89870.312525
-1.438827,300,89873.248942
53.946933,132,89874.559546
1.028135,300,89877.660273
-6.689511,300,89880.669117
53.16673,127,89881.983721
53.226741,160,89883.651253
52.884157,135,89885.069678
53.671915,140,89886.499479
-5.369225,300,89889.462945
-1.24385,300,89892.709068
-0.694275,300,89895.799465
-12.494522,300,89898.767936
53.456189,146,89900.300147
-3.759524,300,89903.520478
-9.053192,300,89906.728333
-4.967892,300,89909.718998
-4.184003,300,89912.730113
-5.767432,300,89915.812593
-2.118077,300,89918.817013
0.201018,300,89921.809044
-15.270273,300,89924.852114
-2.562858,300,89927.956224
-5.725843,300,89931.097702
-2.913981,300,89934.109791
-3.985724,300,89939.318893
-1.376872,300,89942.238255
53.632378,133,89943.607104
-4.34546,300,89946.576246
-2.452227,300,89949.478113
-0.90359,300,89952.430863
-4.715251,300,89955.399293
-1.329731,300,89958.427124
-2.922138,300,89961.438521
-1.566383,300,89964.413799
-8.131312,300,89967.428214
51.351896,169,89969.035871
-11.290644,300,89971.989592
-1.386097,300,89975.083171
51.696725,163,89976.85924
-6.167423,300,89980.103835
-3.779147,300,89983.109592
53.916759,133,89984.43308
-10.318744,300,89987.497848
-3.906263,300,89990.467323
-1.208085,300,89993.8497
53.322064,139,89995.17649
-2.101708,300,89998.228943
-1.733809,300,90001.111694
2.724744,300,90004.027959
-1.734109,300,90006.950131
-8.147872,300,90009.948028
53.922395,142,90011.296374
53.823568,121,90012.459703
-7.356728,300,90015.500206
-1.49208,300,90018.431955
-1.755563,300,90021.264453
1.553744,300,90024.198525
-15.118793,300,90027.090709
-2.634385,300,90030.108966
-19.817966,300,90033.185826
-1.06014,300,90036.537798
-6.380185,300,90041.668812
0.455107,300,90044.750143
-3.708371,300,90047.584471
-15.687864,300,90050.591456
-3.122389,300,90053.670572
-1.096244,300,90056.8989
-1.436082,300,90060.231474
-7.338441,300,90063.596865
-4.362227,300,90066.567317
-8.716553,300,90069.49829
-4.060664,300,90072.337836
1.583312,300,90075.18674
-22.535894,300,90078.135997
-2.580583,300,90081.198661
-3.935119,300,90084.490577
3.055434,300,90088.003107
-7.337484,300,90091.000029
-3.628137,300,90094.094428
-3.093798,300,90097.258993
-3.737421,300,90100.418416
-1.802694,300,90103.347556
-3.303022,300,90106.468931
-2.505184,300,90109.448626
-0.612541,300,90112.377616
-6.680677,300,90115.329318
-4.192205,300,90118.578727
-16.195204,300,90121.75593
-10.553584,300,90124.727791
-8.156067,300,90127.698643
-2.867252,300,90130.64897
-19.354238,300,90133.690667
-2.562857,300,90136.722289
-4.029844,300,90139.801713
52.672609,144,90141.353
-2.28786,300,90146.67281
-2.551483,300,90149.728159
-4.653129,300,90152.768254
-0.811267,300,90156.029123
-4.887565,300,90159.04988
-4.671172,300,90162.161954
-5.426127,300,90165.207699
-2.415274,300,90168.29883
-8.49201,300,90171.360987
-9.92246,300,90174.387322
-5.073881,300,90177.442275
-4.538164,300,90180.55341
-1.715593,300,90183.68489
-8.681762,300,90186.69705
53.525469,229,90188.98593
-7.477614,300,90192.018275
-2.414188,300,90195.101858
-2.94906,300,90198.10253
-4.781744,300,90201.151407
52.943637,147,90202.688063
-13.616218,300,90205.745606
-13.036044,300,90208.792158
53.069277,129,90210.119746
-2.383506,300,90213.200388
-11.890252,300,90216.434208
-6.97273,300,90219.509647
-5.482216,300,90222.557116
53.930739,218,90224.716215
-4.904125,300,90227.649035
-4.718055,300,90230.596857
1.028834,300,90233.55038
-3.853288,300,90236.961118
-3.568376,300,90239.977843
-13.537829,300,90243.048636
-48.033167,300,90246.142218
-16.4541,300,90251.269873
-2.895167,300,90254.516982
-0.795075,300,90257.591357
-12.575933,300,90261.001733
50.817569,283,90264.156213
-3.806836,300,90267.431507
52.141376,154,90269.041105
-8.104664,300,90272.199272
-6.040866,300,90275.400694
52.852562,142,90276.860384
-10.947497,300,90279.993248
53.546277,163,90281.697708
-11.160638,300,90284.823496
-5.975012,300,90287.903024
-3.682901,300,90291.071469
-3.920463,300,90294.20306
-19.699993,300,90297.493319
-5.157292,300,90300.688812
52.062794,286,90303.594936
0.12658,300,90306.694834
-18.917235,300,90309.938461
-3.488136,300,90313.127678
-7.17365,300,90316.277192
-10.215515,300,90319.412818
-6.746491,300,90322.600721
1.939182,300,90325.7307
-1.484684,300,90328.849873
-9.617561,300,90331.924838
-8.699873,300,90335.21319
1.776072,300,90338.319573
-1.359408,300,90341.459427
-3.757711,300,90344.511974
53.157473,149,90346.166805
0.77666,300,90349.306861
-3.268388,300,90352.420526
-3.900677,300,90357.885301
-3.661907,300,90361.422837
53.381001,144,90362.994939
-1.145987,300,90366.273357
-4.08936,300,90369.503274
-3.978041,300,90372.870725
-19.103034,300,90376.065187
-5.177239,300,90379.129143
-8.487315,300,90382.324785
52.942525,222,90384.918193
-16.022941,300,90388.276677
-17.273679,300,90391.665977
-2.100523,300,90395.474509
-2.76074,300,90398.943184
-1.38787,300,90402.121533
-2.322425,300,90405.45972
2.398621,300,90408.73173
-1.349766,300,90412.43506
-2.281357,300,90415.760907
-4.836562,300,90418.939784
53.452037,168,90420.705931
-14.090417,300,90423.8612
-0.006748,300,90427.028273
-3.931027,300,90430.132975
53.801737,174,90432.046436
52.856601,162,90433.858351
-4.338895,300,90436.930173
-0.797483,300,90440.181051
-11.074454,300,90443.327729
53.976297,157,90444.969879
-3.160895,300,90448.220255
-2.006965,300,90451.26823
-5.217711,300,90454.602115
1.405022,300,90457.793759
0.600375,300,90460.90452
52.547575,189,90462.883995
53.944453,129,90464.171833
-2.919685,300,90469.332006
-1.313461,300,90472.612522
-22.230074,300,90476.018596
-9.235705,300,90479.627139
-30.508253,300,90482.899599
53.772254,180,90484.786105
-0.992448,300,90487.932752
53.489178,154,90489.567029
-4.335235,300,90492.831382
-1.588186,300,90496.006366
-2.390695,300,90499.115663
-1.099128,300,90502.365734
-10.79953,300,90505.503013
-2.828442,300,90508.652845
53.075944,162,90510.450715
-0.853371,300,90513.607983
53.775733,129,90515.147113
51.460814,149,90516.77139
-2.183606,300,90519.926992
-7.351449,300,90523.055925
-3.468344,300,90526.385925
-2.667127,300,90529.764353
-21.054907,300,90533.02838
-2.864598,300,90536.357263
-1.370346,300,90539.636208
-2.215297,300,90542.932833
-2.519586,300,90546.5978
-3.20558,300,90549.63765
-4.754546,300,90552.860731
-6.259646,300,90556.558411
-1.446224,300,90560.052133
-1.761935,300,90563.36602
53.155791,133,90564.863736
-2.213271,300,90568.173582
-1.55521,300,90571.738969
-2.599013,300,90574.981278
-13.127005,300,90580.624012
-4.282849,300,90584.343829
-3.219528,300,90587.839714
-12.85374,300,90591.365081
-2.845437,300,90594.977097
-5.26692,300,90598.633889
-4.434539,300,90601.961624
52.825667,135,90603.490288
-10.722048,300,90607.366978
-15.781936,300,90610.493886
-9.257024,300,90613.666584
-2.323525,300,90616.887675
-2.130341,300,90620.058095
52.675142,147,90621.627067
-2.22289,300,90624.87912
