=== START 2026-05-11T15:07:30+02:00 ===
PWD: /Users/christelle.nollet/Desktop/ROBOT
CMD: lerobot-record ... eval_ACT2_v3
objc[63608]: Class AVFFrameReceiver is implemented in both /Users/christelle.nollet/miniconda3/envs/lerobot-vla/lib/python3.11/site-packages/cv2/.dylibs/libavdevice.61.3.100.dylib (0x101b843a8) and /Users/christelle.nollet/miniconda3/envs/lerobot-vla/lib/python3.11/site-packages/av/.dylibs/libavdevice.61.3.100.dylib (0x11de643a8). This may cause spurious casting failures and mysterious crashes. One of the duplicates must be removed or renamed.
objc[63608]: Class AVFAudioReceiver is implemented in both /Users/christelle.nollet/miniconda3/envs/lerobot-vla/lib/python3.11/site-packages/cv2/.dylibs/libavdevice.61.3.100.dylib (0x101b843f8) and /Users/christelle.nollet/miniconda3/envs/lerobot-vla/lib/python3.11/site-packages/av/.dylibs/libavdevice.61.3.100.dylib (0x11de643f8). This may cause spurious casting failures and mysterious crashes. One of the duplicates must be removed or renamed.
INFO 2026-05-11 15:07:42 t_record.py:431 {'dataset': {'encoder_queue_maxsize': 30,
             'encoder_threads': None,
             'episode_time_s': 30,
             'fps': 30,
             'num_episodes': 5,
             'num_image_writer_processes': 0,
             'num_image_writer_threads_per_camera': 4,
             'private': False,
             'push_to_hub': False,
             'rename_map': {},
             'repo_id': 'Christelle04/eval_ACT2_v3',
             'reset_time_s': 10,
             'root': None,
             'single_task': 'Pick and place evaluation',
             'streaming_encoding': False,
             'tags': None,
             'vcodec': 'libsvtav1',
             'video': True,
             'video_encoding_batch_size': 1},
 'display_compressed_images': False,
 'display_data': False,
 'display_ip': None,
 'display_port': None,
 'play_sounds': True,
 'policy': {'chunk_size': 100,
            'device': 'mps',
            'dim_feedforward': 3200,
            'dim_model': 512,
            'dropout': 0.1,
            'feedforward_activation': 'relu',
            'input_features': {'observation.images.camera1': {'shape': (3,
                                                                        480,
                                                                        640),
                                                              'type': <FeatureType.VISUAL: 'VISUAL'>},
                               'observation.images.camera2': {'shape': (3,
                                                                        480,
                                                                        640),
                                                              'type': <FeatureType.VISUAL: 'VISUAL'>},
                               'observation.state': {'shape': (6,),
                                                     'type': <FeatureType.STATE: 'STATE'>}},
            'kl_weight': 10.0,
            'latent_dim': 32,
            'license': None,
            'n_action_steps': 100,
            'n_decoder_layers': 1,
            'n_encoder_layers': 4,
            'n_heads': 8,
            'n_obs_steps': 1,
            'n_vae_encoder_layers': 4,
            'normalization_mapping': {'ACTION': <NormalizationMode.MEAN_STD: 'MEAN_STD'>,
                                      'STATE': <NormalizationMode.MEAN_STD: 'MEAN_STD'>,
                                      'VISUAL': <NormalizationMode.MEAN_STD: 'MEAN_STD'>},
            'optimizer_lr': 1e-05,
            'optimizer_lr_backbone': 1e-05,
            'optimizer_weight_decay': 0.0001,
            'output_features': {'action': {'shape': (6,),
                                           'type': <FeatureType.ACTION: 'ACTION'>}},
            'pre_norm': False,
            'pretrained_backbone_weights': 'ResNet18_Weights.IMAGENET1K_V1',
            'pretrained_path': 'Christelle04/ACT2',
            'private': None,
            'push_to_hub': False,
            'replace_final_stride_with_dilation': 0,
            'repo_id': None,
            'tags': None,
            'temporal_ensemble_coeff': None,
            'use_amp': False,
            'use_peft': False,
            'use_vae': True,
            'vision_backbone': 'resnet18'},
 'resume': False,
 'robot': {'calibration_dir': None,
           'cameras': {'camera1': {'backend': <Cv2Backends.ANY: 0>,
                                   'color_mode': <ColorMode.RGB: 'rgb'>,
                                   'fourcc': None,
                                   'fps': 30,
                                   'height': 480,
                                   'index_or_path': 0,
                                   'rotation': <Cv2Rotation.NO_ROTATION: 0>,
                                   'warmup_s': 1,
                                   'width': 640},
                       'camera2': {'backend': <Cv2Backends.ANY: 0>,
                                   'color_mode': <ColorMode.RGB: 'rgb'>,
                                   'fourcc': None,
                                   'fps': 30,
                                   'height': 480,
                                   'index_or_path': 1,
                                   'rotation': <Cv2Rotation.NO_ROTATION: 0>,
                                   'warmup_s': 1,
                                   'width': 640}},
           'disable_torque_on_disconnect': True,
           'id': 'my_awesome_follower_arm',
           'max_relative_target': None,
           'port': '/dev/tty.usbmodem59700734041',
           'use_degrees': True},
 'teleop': None}
INFO 2026-05-11 15:07:42 eo_utils.py:106 Using video codec: libsvtav1
INFO 2026-05-11 15:07:45 a_opencv.py:179 OpenCVCamera(0) connected.
INFO 2026-05-11 15:07:47 a_opencv.py:179 OpenCVCamera(1) connected.
INFO 2026-05-11 15:07:47 follower.py:106 my_awesome_follower_arm SOFollower connected.
INFO 2026-05-11 15:07:47 t_record.py:522 Streaming encoding is disabled. If you have capable hardware, consider enabling it for way faster episode saving. --dataset.streaming_encoding=true --dataset.encoder_threads=2 # --dataset.vcodec=auto. More info in the documentation: https://huggingface.co/docs/lerobot/streaming_video_encoding
INFO 2026-05-11 15:07:47 ls/utils.py:227 Recording episode 0
WARNING 2026-05-11 15:07:48 t_record.py:419 Record loop is running slower (1.5 Hz) than the target FPS (30 Hz). Dataset frames might be dropped and robot control might be unstable. Common causes are: 1) Camera FPS not keeping up 2) Policy inference taking too long 3) CPU starvation
WARNING 2026-05-11 15:07:51 t_record.py:419 Record loop is running slower (13.4 Hz) than the target FPS (30 Hz). Dataset frames might be dropped and robot control might be unstable. Common causes are: 1) Camera FPS not keeping up 2) Policy inference taking too long 3) CPU starvation
WARNING 2026-05-11 15:07:55 t_record.py:419 Record loop is running slower (14.8 Hz) than the target FPS (30 Hz). Dataset frames might be dropped and robot control might be unstable. Common causes are: 1) Camera FPS not keeping up 2) Policy inference taking too long 3) CPU starvation
WARNING 2026-05-11 15:07:58 t_record.py:419 Record loop is running slower (13.9 Hz) than the target FPS (30 Hz). Dataset frames might be dropped and robot control might be unstable. Common causes are: 1) Camera FPS not keeping up 2) Policy inference taking too long 3) CPU starvation
WARNING 2026-05-11 15:08:01 t_record.py:419 Record loop is running slower (13.2 Hz) than the target FPS (30 Hz). Dataset frames might be dropped and robot control might be unstable. Common causes are: 1) Camera FPS not keeping up 2) Policy inference taking too long 3) CPU starvation
WARNING 2026-05-11 15:08:05 t_record.py:419 Record loop is running slower (14.7 Hz) than the target FPS (30 Hz). Dataset frames might be dropped and robot control might be unstable. Common causes are: 1) Camera FPS not keeping up 2) Policy inference taking too long 3) CPU starvation
WARNING 2026-05-11 15:08:08 t_record.py:419 Record loop is running slower (15.0 Hz) than the target FPS (30 Hz). Dataset frames might be dropped and robot control might be unstable. Common causes are: 1) Camera FPS not keeping up 2) Policy inference taking too long 3) CPU starvation
WARNING 2026-05-11 15:08:12 t_record.py:419 Record loop is running slower (14.1 Hz) than the target FPS (30 Hz). Dataset frames might be dropped and robot control might be unstable. Common causes are: 1) Camera FPS not keeping up 2) Policy inference taking too long 3) CPU starvation
WARNING 2026-05-11 15:08:15 t_record.py:419 Record loop is running slower (14.9 Hz) than the target FPS (30 Hz). Dataset frames might be dropped and robot control might be unstable. Common causes are: 1) Camera FPS not keeping up 2) Policy inference taking too long 3) CPU starvation
INFO 2026-05-11 15:08:17 ls/utils.py:227 Reset the environment
INFO 2026-05-11 15:08:17 t_record.py:383 No policy or teleoperator provided, skipping action generation.This is likely to happen when resetting the environment without a teleop device.The robot won't be at its rest position at the start of the next episode.
INFO 2026-05-11 15:08:17 t_record.py:383 No policy or teleoperator provided, skipping action generation.This is likely to happen when resetting the environment without a teleop device.The robot won't be at its rest position at the start of the next episode.
INFO 2026-05-11 15:08:17 t_record.py:383 No policy or teleoperator provided, skipping action generation.This is likely to happen when resetting the environment without a teleop device.The robot won't be at its rest position at the start of the next episode.
INFO 2026-05-11 15:08:17 t_record.py:383 No policy or teleoperator provided, skipping action generation.This is likely to happen when resetting the environment without a teleop device.The robot won't be at its rest position at the start of the next episode.
INFO 2026-05-11 15:08:17 t_record.py:383 No policy or teleoperator provided, skipping action generation.This is likely to happen when resetting the environment without a teleop device.The robot won't be at its rest position at the start of the next episode.
INFO 2026-05-11 15:08:17 t_record.py:383 No policy or teleoperator provided, skipping action generation.This is likely to happen when resetting the environment without a teleop device.The robot won't be at its rest position at the start of the next episode.
INFO 2026-05-11 15:08:17 t_record.py:383 No policy or teleoperator provided, skipping action generation.This is likely to happen when resetting the environment without a teleop device.The robot won't be at its rest position at the start of the next episode.
INFO 2026-05-11 15:08:17 t_record.py:383 No policy or teleoperator provided, skipping action generation.This is likely to happen when resetting the environment without a teleop device.The robot won't be at its rest position at the start of the next episode.
INFO 2026-05-11 15:08:17 t_record.py:383 No policy or teleoperator provided, skipping action generation.This is likely to happen when resetting the environment without a teleop device.The robot won't be at its rest position at the start of the next episode.
INFO 2026-05-11 15:08:17 t_record.py:383 No policy or teleoperator provided, skipping action generation.This is likely to happen when resetting the environment without a teleop device.The robot won't be at its rest position at the start of the next episode.
INFO 2026-05-11 15:08:17 t_record.py:383 No policy or teleoperator provided, skipping action generation.This is likely to happen when resetting the environment without a teleop device.The robot won't be at its rest position at the start of the next episode.
INFO 2026-05-11 15:08:17 t_record.py:383 No policy or teleoperator provided, skipping action generation.This is likely to happen when resetting the environment without a teleop device.The robot won't be at its rest position at the start of the next episode.
INFO 2026-05-11 15:08:17 t_record.py:383 No policy or teleoperator provided, skipping action generation.This is likely to happen when resetting the environment without a teleop device.The robot won't be at its rest position at the start of the next episode.
INFO 2026-05-11 15:08:17 t_record.py:383 No policy or teleoperator provided, skipping action generation.This is likely to happen when resetting the environment without a teleop device.The robot won't be at its rest position at the start of the next episode.
INFO 2026-05-11 15:08:17 t_record.py:383 No policy or teleoperator provided, skipping action generation.This is likely to happen when resetting the environment without a teleop device.The robot won't be at its rest position at the start of the next episode.
INFO 2026-05-11 15:08:17 t_record.py:383 No policy or teleoperator provided, skipping action generation.This is likely to happen when resetting the environment without a teleop device.The robot won't be at its rest position at the start of the next episode.
INFO 2026-05-11 15:08:17 t_record.py:383 No policy or teleoperator provided, skipping action generation.This is likely to happen when resetting the environment without a teleop device.The robot won't be at its rest position at the start of the next episode.
INFO 2026-05-11 15:08:17 t_record.py:383 No policy or teleoperator provided, skipping action generation.This is likely to happen when resetting the environment without a teleop device.The robot won't be at its rest position at the start of the next episode.
INFO 2026-05-11 15:08:17 t_record.py:383 No policy or teleoperator provided, skipping action generation.This is likely to happen when resetting the environment without a teleop device.The robot won't be at its rest position at the start of the next episode.
INFO 2026-05-11 15:08:17 t_record.py:383 No policy or teleoperator provided, skipping action generation.This is likely to happen when resetting the environment without a teleop device.The robot won't be at its rest position at the start of the next episode.
INFO 2026-05-11 15:08:17 t_record.py:383 No policy or teleoperator provided, skipping action generation.This is likely to happen when resetting the environment without a teleop device.The robot won't be at its rest position at the start of the next episode.
INFO 2026-05-11 15:08:17 t_record.py:383 No policy or teleoperator provided, skipping action generation.This is likely to happen when resetting the environment without a teleop device.The robot won't be at its rest position at the start of the next episode.
INFO 2026-05-11 15:08:17 t_record.py:383 No policy or teleoperator provided, skipping action generation.This is likely to happen when resetting the environment without a teleop device.The robot won't be at its rest position at the start of the next episode.
INFO 2026-05-11 15:08:17 t_record.py:383 No policy or teleoperator provided, skipping action generation.This is likely to happen when resetting the environment without a teleop device.The robot won't be at its rest position at the start of the next episode.
INFO 2026-05-11 15:08:17 t_record.py:383 No policy or teleoperator provided, skipping action generation.This is likely to happen when resetting the environment without a teleop device.The robot won't be at its rest position at the start of the next episode.
INFO 2026-05-11 15:08:17 t_record.py:383 No policy or teleoperator provided, skipping action generation.This is likely to happen when resetting the environment without a teleop device.The robot won't be at its rest position at the start of the next episode.
INFO 2026-05-11 15:08:17 t_record.py:383 No policy or teleoperator provided, skipping action generation.This is likely to happen when resetting the environment without a teleop device.The robot won't be at its rest position at the start of the next episode.
INFO 2026-05-11 15:08:17 t_record.py:383 No policy or teleoperator provided, skipping action generation.This is likely to happen when resetting the environment without a teleop device.The robot won't be at its rest position at the start of the next episode.
INFO 2026-05-11 15:08:17 t_record.py:383 No policy or teleoperator provided, skipping action generation.This is likely to happen when resetting the environment without a teleop device.The robot won't be at its rest position at the start of the next episode.
INFO 2026-05-11 15:08:17 t_record.py:383 No policy or teleoperator provided, skipping action generation.This is likely to happen when resetting the environment without a teleop device.The robot won't be at its rest position at the start of the next episode.
INFO 2026-05-11 15:08:17 t_record.py:383 No policy or teleoperator provided, skipping action generation.This is likely to happen when resetting the environment without a teleop device.The robot won't be at its rest position at the start of the next episode.
INFO 2026-05-11 15:08:17 t_record.py:383 No policy or teleoperator provided, skipping action generation.This is likely to happen when resetting the environment without a teleop device.The robot won't be at its rest position at the start of the next episode.
INFO 2026-05-11 15:08:17 t_record.py:383 No policy or teleoperator provided, skipping action generation.This is likely to happen when resetting the environment without a teleop device.The robot won't be at its rest position at the start of the next episode.
INFO 2026-05-11 15:08:17 t_record.py:383 No policy or teleoperator provided, skipping action generation.This is likely to happen when resetting the environment without a teleop device.The robot won't be at its rest position at the start of the next episode.
INFO 2026-05-11 15:08:17 t_record.py:383 No policy or teleoperator provided, skipping action generation.This is likely to happen when resetting the environment without a teleop device.The robot won't be at its rest position at the start of the next episode.
INFO 2026-05-11 15:08:17 t_record.py:383 No policy or teleoperator provided, skipping action generation.This is likely to happen when resetting the environment without a teleop device.The robot won't be at its rest position at the start of the next episode.
INFO 2026-05-11 15:08:17 t_record.py:383 No policy or teleoperator provided, skipping action generation.This is likely to happen when resetting the environment without a teleop device.The robot won't be at its rest position at the start of the next episode.
INFO 2026-05-11 15:08:17 t_record.py:383 No policy or teleoperator provided, skipping action generation.This is likely to happen when resetting the environment without a teleop device.The robot won't be at its rest position at the start of the next episode.
INFO 2026-05-11 15:08:17 t_record.py:383 No policy or teleoperator provided, skipping action generation.This is likely to happen when resetting the environment without a teleop device.The robot won't be at its rest position at the start of the next episode.
INFO 2026-05-11 15:08:17 t_record.py:383 No policy or teleoperator provided, skipping action generation.This is likely to happen when resetting the environment without a teleop device.The robot won't be at its rest position at the start of the next episode.
INFO 2026-05-11 15:08:17 t_record.py:383 No policy or teleoperator provided, skipping action generation.This is likely to happen when resetting the environment without a teleop device.The robot won't be at its rest position at the start of the next episode.
INFO 2026-05-11 15:08:17 t_record.py:383 No policy or teleoperator provided, skipping action generation.This is likely to happen when resetting the environment without a teleop device.The robot won't be at its rest position at the start of the next episode.
INFO 2026-05-11 15:08:17 t_record.py:383 No policy or teleoperator provided, skipping action generation.This is likely to happen when resetting the environment without a teleop device.The robot won't be at its rest position at the start of the next episode.
INFO 2026-05-11 15:08:17 t_record.py:383 No policy or teleoperator provided, skipping action generation.This is likely to happen when resetting the environment without a teleop device.The robot won't be at its rest position at the start of the next episode.
INFO 2026-05-11 15:08:17 t_record.py:383 No policy or teleoperator provided, skipping action generation.This is likely to happen when resetting the environment without a teleop device.The robot won't be at its rest position at the start of the next episode.
INFO 2026-05-11 15:08:17 t_record.py:383 No policy or teleoperator provided, skipping action generation.This is likely to happen when resetting the environment without a teleop device.The robot won't be at its rest position at the start of the next episode.
INFO 2026-05-11 15:08:17 t_record.py:383 No policy or teleoperator provided, skipping action generation.This is likely to happen when resetting the environment without a teleop device.The robot won't be at its rest position at the start of the next episode.
INFO 2026-05-11 15:08:17 t_record.py:383 No policy or teleoperator provided, skipping action generation.This is likely to happen when resetting the environment without a teleop device.The robot won't be at its rest position at the start of the next episode.
INFO 2026-05-11 15:08:17 t_record.py:383 No policy or teleoperator provided, skipping action generation.This is likely to happen when resetting the environment without a teleop device.The robot won't be at its rest position at the start of the next episode.
INFO 2026-05-11 15:08:17 t_record.py:383 No policy or teleoperator provided, skipping action generation.This is likely to happen when resetting the environment without a teleop device.The robot won't be at its rest position at the start of the next episode.
INFO 2026-05-11 15:08:17 t_record.py:383 No policy or teleoperator provided, skipping action generation.This is likely to happen when resetting the environment without a teleop device.The robot won't be at its rest position at the start of the next episode.
INFO 2026-05-11 15:08:17 t_record.py:383 No policy or teleoperator provided, skipping action generation.This is likely to happen when resetting the environment without a teleop device.The robot won't be at its rest position at the start of the next episode.
INFO 2026-05-11 15:08:17 t_record.py:383 No policy or teleoperator provided, skipping action generation.This is likely to happen when resetting the environment without a teleop device.The robot won't be at its rest position at the start of the next episode.
INFO 2026-05-11 15:08:17 t_record.py:383 No policy or teleoperator provided, skipping action generation.This is likely to happen when resetting the environment without a teleop device.The robot won't be at its rest position at the start of the next episode.
INFO 2026-05-11 15:08:17 t_record.py:383 No policy or teleoperator provided, skipping action generation.This is likely to happen when resetting the environment without a teleop device.The robot won't be at its rest position at the start of the next episode.
INFO 2026-05-11 15:08:17 t_record.py:383 No policy or teleoperator provided, skipping action generation.This is likely to happen when resetting the environment without a teleop device.The robot won't be at its rest position at the start of the next episode.
INFO 2026-05-11 15:08:17 t_record.py:383 No policy or teleoperator provided, skipping action generation.This is likely to happen when resetting the environment without a teleop device.The robot won't be at its rest position at the start of the next episode.
INFO 2026-05-11 15:08:17 t_record.py:383 No policy or teleoperator provided, skipping action generation.This is likely to happen when resetting the environment without a teleop device.The robot won't be at its rest position at the start of the next episode.
INFO 2026-05-11 15:08:17 t_record.py:383 No policy or teleoperator provided, skipping action generation.This is likely to happen when resetting the environment without a teleop device.The robot won't be at its rest position at the start of the next episode.
INFO 2026-05-11 15:08:17 t_record.py:383 No policy or teleoperator provided, skipping action generation.This is likely to happen when resetting the environment without a teleop device.The robot won't be at its rest position at the start of the next episode.
INFO 2026-05-11 15:08:17 t_record.py:383 No policy or teleoperator provided, skipping action generation.This is likely to happen when resetting the environment without a teleop device.The robot won't be at its rest position at the start of the next episode.
INFO 2026-05-11 15:08:17 t_record.py:383 No policy or teleoperator provided, skipping action generation.This is likely to happen when resetting the environment without a teleop device.The robot won't be at its rest position at the start of the next episode.
INFO 2026-05-11 15:08:17 t_record.py:383 No policy or teleoperator provided, skipping action generation.This is likely to happen when resetting the environment without a teleop device.The robot won't be at its rest position at the start of the next episode.
INFO 2026-05-11 15:08:17 t_record.py:383 No policy or teleoperator provided, skipping action generation.This is likely to happen when resetting the environment without a teleop device.The robot won't be at its rest position at the start of the next episode.
INFO 2026-05-11 15:08:17 t_record.py:383 No policy or teleoperator provided, skipping action generation.This is likely to happen when resetting the environment without a teleop device.The robot won't be at its rest position at the start of the next episode.
INFO 2026-05-11 15:08:17 t_record.py:383 No policy or teleoperator provided, skipping action generation.This is likely to happen when resetting the environment without a teleop device.The robot won't be at its rest position at the start of the next episode.
INFO 2026-05-11 15:08:17 t_record.py:383 No policy or teleoperator provided, skipping action generation.This is likely to happen when resetting the environment without a teleop device.The robot won't be at its rest position at the start of the next episode.
INFO 2026-05-11 15:08:17 t_record.py:383 No policy or teleoperator provided, skipping action generation.This is likely to happen when resetting the environment without a teleop device.The robot won't be at its rest position at the start of the next episode.
INFO 2026-05-11 15:08:17 t_record.py:383 No policy or teleoperator provided, skipping action generation.This is likely to happen when resetting the environment without a teleop device.The robot won't be at its rest position at the start of the next episode.
INFO 2026-05-11 15:08:17 t_record.py:383 No policy or teleoperator provided, skipping action generation.This is likely to happen when resetting the environment without a teleop device.The robot won't be at its rest position at the start of the next episode.
INFO 2026-05-11 15:08:17 t_record.py:383 No policy or teleoperator provided, skipping action generation.This is likely to happen when resetting the environment without a teleop device.The robot won't be at its rest position at the start of the next episode.
INFO 2026-05-11 15:08:17 t_record.py:383 No policy or teleoperator provided, skipping action generation.This is likely to happen when resetting the environment without a teleop device.The robot won't be at its rest position at the start of the next episode.
INFO 2026-05-11 15:08:17 t_record.py:383 No policy or teleoperator provided, skipping action generation.This is likely to happen when resetting the environment without a teleop device.The robot won't be at its rest position at the start of the next episode.
INFO 2026-05-11 15:08:17 t_record.py:383 No policy or teleoperator provided, skipping action generation.This is likely to happen when resetting the environment without a teleop device.The robot won't be at its rest position at the start of the next episode.
INFO 2026-05-11 15:08:17 t_record.py:383 No policy or teleoperator provided, skipping action generation.This is likely to happen when resetting the environment without a teleop device.The robot won't be at its rest position at the start of the next episode.
INFO 2026-05-11 15:08:17 t_record.py:383 No policy or teleoperator provided, skipping action generation.This is likely to happen when resetting the environment without a teleop device.The robot won't be at its rest position at the start of the next episode.
INFO 2026-05-11 15:08:17 t_record.py:383 No policy or teleoperator provided, skipping action generation.This is likely to happen when resetting the environment without a teleop device.The robot won't be at its rest position at the start of the next episode.
INFO 2026-05-11 15:08:17 t_record.py:383 No policy or teleoperator provided, skipping action generation.This is likely to happen when resetting the environment without a teleop device.The robot won't be at its rest position at the start of the next episode.
INFO 2026-05-11 15:08:17 t_record.py:383 No policy or teleoperator provided, skipping action generation.This is likely to happen when resetting the environment without a teleop device.The robot won't be at its rest position at the start of the next episode.
INFO 2026-05-11 15:08:17 t_record.py:383 No policy or teleoperator provided, skipping action generation.This is likely to happen when resetting the environment without a teleop device.The robot won't be at its rest position at the start of the next episode.
INFO 2026-05-11 15:08:17 t_record.py:383 No policy or teleoperator provided, skipping action generation.This is likely to happen when resetting the environment without a teleop device.The robot won't be at its rest position at the start of the next episode.
INFO 2026-05-11 15:08:17 t_record.py:383 No policy or teleoperator provided, skipping action generation.This is likely to happen when resetting the environment without a teleop device.The robot won't be at its rest position at the start of the next episode.
INFO 2026-05-11 15:08:17 t_record.py:383 No policy or teleoperator provided, skipping action generation.This is likely to happen when resetting the environment without a teleop device.The robot won't be at its rest position at the start of the next episode.
INFO 2026-05-11 15:08:17 t_record.py:383 No policy or teleoperator provided, skipping action generation.This is likely to happen when resetting the environment without a teleop device.The robot won't be at its rest position at the start of the next episode.
INFO 2026-05-11 15:08:17 t_record.py:383 No policy or teleoperator provided, skipping action generation.This is likely to happen when resetting the environment without a teleop device.The robot won't be at its rest position at the start of the next episode.
INFO 2026-05-11 15:08:17 t_record.py:383 No policy or teleoperator provided, skipping action generation.This is likely to happen when resetting the environment without a teleop device.The robot won't be at its rest position at the start of the next episode.
INFO 2026-05-11 15:08:17 t_record.py:383 No policy or teleoperator provided, skipping action generation.This is likely to happen when resetting the environment without a teleop device.The robot won't be at its rest position at the start of the next episode.
INFO 2026-05-11 15:08:17 t_record.py:383 No policy or teleoperator provided, skipping action generation.This is likely to happen when resetting the environment without a teleop device.The robot won't be at its rest position at the start of the next episode.
INFO 2026-05-11 15:08:17 t_record.py:383 No policy or teleoperator provided, skipping action generation.This is likely to happen when resetting the environment without a teleop device.The robot won't be at its rest position at the start of the next episode.
INFO 2026-05-11 15:08:17 t_record.py:383 No policy or teleoperator provided, skipping action generation.This is likely to happen when resetting the environment without a teleop device.The robot won't be at its rest position at the start of the next episode.
INFO 2026-05-11 15:08:17 t_record.py:383 No policy or teleoperator provided, skipping action generation.This is likely to happen when resetting the environment without a teleop device.The robot won't be at its rest position at the start of the next episode.
INFO 2026-05-11 15:08:17 t_record.py:383 No policy or teleoperator provided, skipping action generation.This is likely to happen when resetting the environment without a teleop device.The robot won't be at its rest position at the start of the next episode.
INFO 2026-05-11 15:08:17 t_record.py:383 No policy or teleoperator provided, skipping action generation.This is likely to happen when resetting the environment without a teleop device.The robot won't be at its rest position at the start of the next episode.
INFO 2026-05-11 15:08:17 t_record.py:383 No policy or teleoperator provided, skipping action generation.This is likely to happen when resetting the environment without a teleop device.The robot won't be at its rest position at the start of the next episode.
INFO 2026-05-11 15:08:17 t_record.py:383 No policy or teleoperator provided, skipping action generation.This is likely to happen when resetting the environment without a teleop device.The robot won't be at its rest position at the start of the next episode.
INFO 2026-05-11 15:08:17 t_record.py:383 No policy or teleoperator provided, skipping action generation.This is likely to happen when resetting the environment without a teleop device.The robot won't be at its rest position at the start of the next episode.
INFO 2026-05-11 15:08:17 t_record.py:383 No policy or teleoperator provided, skipping action generation.This is likely to happen when resetting the environment without a teleop device.The robot won't be at its rest position at the start of the next episode.
INFO 2026-05-11 15:08:17 t_record.py:383 No policy or teleoperator provided, skipping action generation.This is likely to happen when resetting the environment without a teleop device.The robot won't be at its rest position at the start of the next episode.
INFO 2026-05-11 15:08:17 t_record.py:383 No policy or teleoperator provided, skipping action generation.This is likely to happen when resetting the environment without a teleop device.The robot won't be at its rest position at the start of the next episode.
INFO 2026-05-11 15:08:17 t_record.py:383 No policy or teleoperator provided, skipping action generation.This is likely to happen when resetting the environment without a teleop device.The robot won't be at its rest position at the start of the next episode.
INFO 2026-05-11 15:08:17 t_record.py:383 No policy or teleoperator provided, skipping action generation.This is likely to happen when resetting the environment without a teleop device.The robot won't be at its rest position at the start of the next episode.
INFO 2026-05-11 15:08:17 t_record.py:383 No policy or teleoperator provided, skipping action generation.This is likely to happen when resetting the environment without a teleop device.The robot won't be at its rest position at the start of the next episode.
INFO 2026-05-11 15:08:17 t_record.py:383 No policy or teleoperator provided, skipping action generation.This is likely to happen when resetting the environment without a teleop device.The robot won't be at its rest position at the start of the next episode.
INFO 2026-05-11 15:08:17 t_record.py:383 No policy or teleoperator provided, skipping action generation.This is likely to happen when resetting the environment without a teleop device.The robot won't be at its rest position at the start of the next episode.
INFO 2026-05-11 15:08:17 t_record.py:383 No policy or teleoperator provided, skipping action generation.This is likely to happen when resetting the environment without a teleop device.The robot won't be at its rest position at the start of the next episode.
INFO 2026-05-11 15:08:17 t_record.py:383 No policy or teleoperator provided, skipping action generation.This is likely to happen when resetting the environment without a teleop device.The robot won't be at its rest position at the start of the next episode.
INFO 2026-05-11 15:08:17 t_record.py:383 No policy or teleoperator provided, skipping action generation.This is likely to happen when resetting the environment without a teleop device.The robot won't be at its rest position at the start of the next episode.
INFO 2026-05-11 15:08:17 t_record.py:383 No policy or teleoperator provided, skipping action generation.This is likely to happen when resetting the environment without a teleop device.The robot won't be at its rest position at the start of the next episode.
INFO 2026-05-11 15:08:17 t_record.py:383 No policy or teleoperator provided, skipping action generation.This is likely to happen when resetting the environment without a teleop device.The robot won't be at its rest position at the start of the next episode.
INFO 2026-05-11 15:08:17 t_record.py:383 No policy or teleoperator provided, skipping action generation.This is likely to happen when resetting the environment without a teleop device.The robot won't be at its rest position at the start of the next episode.
INFO 2026-05-11 15:08:17 t_record.py:383 No policy or teleoperator provided, skipping action generation.This is likely to happen when resetting the environment without a teleop device.The robot won't be at its rest position at the start of the next episode.
INFO 2026-05-11 15:08:17 t_record.py:383 No policy or teleoperator provided, skipping action generation.This is likely to happen when resetting the environment without a teleop device.The robot won't be at its rest position at the start of the next episode.
INFO 2026-05-11 15:08:17 t_record.py:383 No policy or teleoperator provided, skipping action generation.This is likely to happen when resetting the environment without a teleop device.The robot won't be at its rest position at the start of the next episode.
INFO 2026-05-11 15:08:17 t_record.py:383 No policy or teleoperator provided, skipping action generation.This is likely to happen when resetting the environment without a teleop device.The robot won't be at its rest position at the start of the next episode.
INFO 2026-05-11 15:08:17 t_record.py:383 No policy or teleoperator provided, skipping action generation.This is likely to happen when resetting the environment without a teleop device.The robot won't be at its rest position at the start of the next episode.
INFO 2026-05-11 15:08:17 t_record.py:383 No policy or teleoperator provided, skipping action generation.This is likely to happen when resetting the environment without a teleop device.The robot won't be at its rest position at the start of the next episode.
INFO 2026-05-11 15:08:17 t_record.py:383 No policy or teleoperator provided, skipping action generation.This is likely to happen when resetting the environment without a teleop device.The robot won't be at its rest position at the start of the next episode.
INFO 2026-05-11 15:08:17 t_record.py:383 No policy or teleoperator provided, skipping action generation.This is likely to happen when resetting the environment without a teleop device.The robot won't be at its rest position at the start of the next episode.
INFO 2026-05-11 15:08:17 t_record.py:383 No policy or teleoperator provided, skipping action generation.This is likely to happen when resetting the environment without a teleop device.The robot won't be at its rest position at the start of the next episode.
INFO 2026-05-11 15:08:17 t_record.py:383 No policy or teleoperator provided, skipping action generation.This is likely to happen when resetting the environment without a teleop device.The robot won't be at its rest position at the start of the next episode.
INFO 2026-05-11 15:08:17 t_record.py:383 No policy or teleoperator provided, skipping action generation.This is likely to happen when resetting the environment without a teleop device.The robot won't be at its rest position at the start of the next episode.
INFO 2026-05-11 15:08:17 t_record.py:383 No policy or teleoperator provided, skipping action generation.This is likely to happen when resetting the environment without a teleop device.The robot won't be at its rest position at the start of the next episode.
INFO 2026-05-11 15:08:17 t_record.py:383 No policy or teleoperator provided, skipping action generation.This is likely to happen when resetting the environment without a teleop device.The robot won't be at its rest position at the start of the next episode.
INFO 2026-05-11 15:08:17 t_record.py:383 No policy or teleoperator provided, skipping action generation.This is likely to happen when resetting the environment without a teleop device.The robot won't be at its rest position at the start of the next episode.
INFO 2026-05-11 15:08:17 t_record.py:383 No policy or teleoperator provided, skipping action generation.This is likely to happen when resetting the environment without a teleop device.The robot won't be at its rest position at the start of the next episode.
INFO 2026-05-11 15:08:17 t_record.py:383 No policy or teleoperator provided, skipping action generation.This is likely to happen when resetting the environment without a teleop device.The robot won't be at its rest position at the start of the next episode.
INFO 2026-05-11 15:08:17 t_record.py:383 No policy or teleoperator provided, skipping action generation.This is likely to happen when resetting the environment without a teleop device.The robot won't be at its rest position at the start of the next episode.
INFO 2026-05-11 15:08:17 t_record.py:383 No policy or teleoperator provided, skipping action generation.This is likely to happen when resetting the environment without a teleop device.The robot won't be at its rest position at the start of the next episode.
INFO 2026-05-11 15:08:17 t_record.py:383 No policy or teleoperator provided, skipping action generation.This is likely to happen when resetting the environment without a teleop device.The robot won't be at its rest position at the start of the next episode.
INFO 2026-05-11 15:08:17 t_record.py:383 No policy or teleoperator provided, skipping action generation.This is likely to happen when resetting the environment without a teleop device.The robot won't be at its rest position at the start of the next episode.
INFO 2026-05-11 15:08:17 t_record.py:383 No policy or teleoperator provided, skipping action generation.This is likely to happen when resetting the environment without a teleop device.The robot won't be at its rest position at the start of the next episode.
INFO 2026-05-11 15:08:17 t_record.py:383 No policy or teleoperator provided, skipping action generation.This is likely to happen when resetting the environment without a teleop device.The robot won't be at its rest position at the start of the next episode.
INFO 2026-05-11 15:08:17 t_record.py:383 No policy or teleoperator provided, skipping action generation.This is likely to happen when resetting the environment without a teleop device.The robot won't be at its rest position at the start of the next episode.
INFO 2026-05-11 15:08:17 t_record.py:383 No policy or teleoperator provided, skipping action generation.This is likely to happen when resetting the environment without a teleop device.The robot won't be at its rest position at the start of the next episode.
INFO 2026-05-11 15:08:17 t_record.py:383 No policy or teleoperator provided, skipping action generation.This is likely to happen when resetting the environment without a teleop device.The robot won't be at its rest position at the start of the next episode.
INFO 2026-05-11 15:08:17 t_record.py:383 No policy or teleoperator provided, skipping action generation.This is likely to happen when resetting the environment without a teleop device.The robot won't be at its rest position at the start of the next episode.
INFO 2026-05-11 15:08:17 t_record.py:383 No policy or teleoperator provided, skipping action generation.This is likely to happen when resetting the environment without a teleop device.The robot won't be at its rest position at the start of the next episode.
INFO 2026-05-11 15:08:17 t_record.py:383 No policy or teleoperator provided, skipping action generation.This is likely to happen when resetting the environment without a teleop device.The robot won't be at its rest position at the start of the next episode.
INFO 2026-05-11 15:08:18 t_record.py:383 No policy or teleoperator provided, skipping action generation.This is likely to happen when resetting the environment without a teleop device.The robot won't be at its rest position at the start of the next episode.
INFO 2026-05-11 15:08:18 t_record.py:383 No policy or teleoperator provided, skipping action generation.This is likely to happen when resetting the environment without a teleop device.The robot won't be at its rest position at the start of the next episode.
INFO 2026-05-11 15:08:18 t_record.py:383 No policy or teleoperator provided, skipping action generation.This is likely to happen when resetting the environment without a teleop device.The robot won't be at its rest position at the start of the next episode.
INFO 2026-05-11 15:08:18 t_record.py:383 No policy or teleoperator provided, skipping action generation.This is likely to happen when resetting the environment without a teleop device.The robot won't be at its rest position at the start of the next episode.
INFO 2026-05-11 15:08:18 t_record.py:383 No policy or teleoperator provided, skipping action generation.This is likely to happen when resetting the environment without a teleop device.The robot won't be at its rest position at the start of the next episode.
INFO 2026-05-11 15:08:18 t_record.py:383 No policy or teleoperator provided, skipping action generation.This is likely to happen when resetting the environment without a teleop device.The robot won't be at its rest position at the start of the next episode.
INFO 2026-05-11 15:08:18 t_record.py:383 No policy or teleoperator provided, skipping action generation.This is likely to happen when resetting the environment without a teleop device.The robot won't be at its rest position at the start of the next episode.
INFO 2026-05-11 15:08:18 t_record.py:383 No policy or teleoperator provided, skipping action generation.This is likely to happen when resetting the environment without a teleop device.The robot won't be at its rest position at the start of the next episode.
INFO 2026-05-11 15:08:18 t_record.py:383 No policy or teleoperator provided, skipping action generation.This is likely to happen when resetting the environment without a teleop device.The robot won't be at its rest position at the start of the next episode.
INFO 2026-05-11 15:08:18 t_record.py:383 No policy or teleoperator provided, skipping action generation.This is likely to happen when resetting the environment without a teleop device.The robot won't be at its rest position at the start of the next episode.
INFO 2026-05-11 15:08:18 t_record.py:383 No policy or teleoperator provided, skipping action generation.This is likely to happen when resetting the environment without a teleop device.The robot won't be at its rest position at the start of the next episode.
INFO 2026-05-11 15:08:18 t_record.py:383 No policy or teleoperator provided, skipping action generation.This is likely to happen when resetting the environment without a teleop device.The robot won't be at its rest position at the start of the next episode.
INFO 2026-05-11 15:08:18 t_record.py:383 No policy or teleoperator provided, skipping action generation.This is likely to happen when resetting the environment without a teleop device.The robot won't be at its rest position at the start of the next episode.
INFO 2026-05-11 15:08:18 t_record.py:383 No policy or teleoperator provided, skipping action generation.This is likely to happen when resetting the environment without a teleop device.The robot won't be at its rest position at the start of the next episode.
INFO 2026-05-11 15:08:18 t_record.py:383 No policy or teleoperator provided, skipping action generation.This is likely to happen when resetting the environment without a teleop device.The robot won't be at its rest position at the start of the next episode.
INFO 2026-05-11 15:08:18 t_record.py:383 No policy or teleoperator provided, skipping action generation.This is likely to happen when resetting the environment without a teleop device.The robot won't be at its rest position at the start of the next episode.
INFO 2026-05-11 15:08:18 t_record.py:383 No policy or teleoperator provided, skipping action generation.This is likely to happen when resetting the environment without a teleop device.The robot won't be at its rest position at the start of the next episode.
INFO 2026-05-11 15:08:18 t_record.py:383 No policy or teleoperator provided, skipping action generation.This is likely to happen when resetting the environment without a teleop device.The robot won't be at its rest position at the start of the next episode.
INFO 2026-05-11 15:08:18 t_record.py:383 No policy or teleoperator provided, skipping action generation.This is likely to happen when resetting the environment without a teleop device.The robot won't be at its rest position at the start of the next episode.
INFO 2026-05-11 15:08:18 t_record.py:383 No policy or teleoperator provided, skipping action generation.This is likely to happen when resetting the environment without a teleop device.The robot won't be at its rest position at the start of the next episode.
INFO 2026-05-11 15:08:18 t_record.py:383 No policy or teleoperator provided, skipping action generation.This is likely to happen when resetting the environment without a teleop device.The robot won't be at its rest position at the start of the next episode.
INFO 2026-05-11 15:08:18 t_record.py:383 No policy or teleoperator provided, skipping action generation.This is likely to happen when resetting the environment without a teleop device.The robot won't be at its rest position at the start of the next episode.
INFO 2026-05-11 15:08:18 t_record.py:383 No policy or teleoperator provided, skipping action generation.This is likely to happen when resetting the environment without a teleop device.The robot won't be at its rest position at the start of the next episode.
INFO 2026-05-11 15:08:18 t_record.py:383 No policy or teleoperator provided, skipping action generation.This is likely to happen when resetting the environment without a teleop device.The robot won't be at its rest position at the start of the next episode.
INFO 2026-05-11 15:08:18 t_record.py:383 No policy or teleoperator provided, skipping action generation.This is likely to happen when resetting the environment without a teleop device.The robot won't be at its rest position at the start of the next episode.
INFO 2026-05-11 15:08:18 t_record.py:383 No policy or teleoperator provided, skipping action generation.This is likely to happen when resetting the environment without a teleop device.The robot won't be at its rest position at the start of the next episode.
INFO 2026-05-11 15:08:18 t_record.py:383 No policy or teleoperator provided, skipping action generation.This is likely to happen when resetting the environment without a teleop device.The robot won't be at its rest position at the start of the next episode.
INFO 2026-05-11 15:08:18 t_record.py:383 No policy or teleoperator provided, skipping action generation.This is likely to happen when resetting the environment without a teleop device.The robot won't be at its rest position at the start of the next episode.
INFO 2026-05-11 15:08:18 t_record.py:383 No policy or teleoperator provided, skipping action generation.This is likely to happen when resetting the environment without a teleop device.The robot won't be at its rest position at the start of the next episode.
INFO 2026-05-11 15:08:18 t_record.py:383 No policy or teleoperator provided, skipping action generation.This is likely to happen when resetting the environment without a teleop device.The robot won't be at its rest position at the start of the next episode.
INFO 2026-05-11 15:08:18 t_record.py:383 No policy or teleoperator provided, skipping action generation.This is likely to happen when resetting the environment without a teleop device.The robot won't be at its rest position at the start of the next episode.
INFO 2026-05-11 15:08:18 t_record.py:383 No policy or teleoperator provided, skipping action generation.This is likely to happen when resetting the environment without a teleop device.The robot won't be at its rest position at the start of the next episode.
INFO 2026-05-11 15:08:18 t_record.py:383 No policy or teleoperator provided, skipping action generation.This is likely to happen when resetting the environment without a teleop device.The robot won't be at its rest position at the start of the next episode.
INFO 2026-05-11 15:08:18 t_record.py:383 No policy or teleoperator provided, skipping action generation.This is likely to happen when resetting the environment without a teleop device.The robot won't be at its rest position at the start of the next episode.
INFO 2026-05-11 15:08:18 t_record.py:383 No policy or teleoperator provided, skipping action generation.This is likely to happen when resetting the environment without a teleop device.The robot won't be at its rest position at the start of the next episode.
INFO 2026-05-11 15:08:18 t_record.py:383 No policy or teleoperator provided, skipping action generation.This is likely to happen when resetting the environment without a teleop device.The robot won't be at its rest position at the start of the next episode.
INFO 2026-05-11 15:08:18 t_record.py:383 No policy or teleoperator provided, skipping action generation.This is likely to happen when resetting the environment without a teleop device.The robot won't be at its rest position at the start of the next episode.
INFO 2026-05-11 15:08:18 t_record.py:383 No policy or teleoperator provided, skipping action generation.This is likely to happen when resetting the environment without a teleop device.The robot won't be at its rest position at the start of the next episode.
INFO 2026-05-11 15:08:18 t_record.py:383 No policy or teleoperator provided, skipping action generation.This is likely to happen when resetting the environment without a teleop device.The robot won't be at its rest position at the start of the next episode.
INFO 2026-05-11 15:08:18 t_record.py:383 No policy or teleoperator provided, skipping action generation.This is likely to happen when resetting the environment without a teleop device.The robot won't be at its rest position at the start of the next episode.
INFO 2026-05-11 15:08:18 t_record.py:383 No policy or teleoperator provided, skipping action generation.This is likely to happen when resetting the environment without a teleop device.The robot won't be at its rest position at the start of the next episode.
INFO 2026-05-11 15:08:18 t_record.py:383 No policy or teleoperator provided, skipping action generation.This is likely to happen when resetting the environment without a teleop device.The robot won't be at its rest position at the start of the next episode.
INFO 2026-05-11 15:08:18 t_record.py:383 No policy or teleoperator provided, skipping action generation.This is likely to happen when resetting the environment without a teleop device.The robot won't be at its rest position at the start of the next episode.
INFO 2026-05-11 15:08:18 t_record.py:383 No policy or teleoperator provided, skipping action generation.This is likely to happen when resetting the environment without a teleop device.The robot won't be at its rest position at the start of the next episode.
INFO 2026-05-11 15:08:18 t_record.py:383 No policy or teleoperator provided, skipping action generation.This is likely to happen when resetting the environment without a teleop device.The robot won't be at its rest position at the start of the next episode.
INFO 2026-05-11 15:08:18 t_record.py:383 No policy or teleoperator provided, skipping action generation.This is likely to happen when resetting the environment without a teleop device.The robot won't be at its rest position at the start of the next episode.
INFO 2026-05-11 15:08:18 t_record.py:383 No policy or teleoperator provided, skipping action generation.This is likely to happen when resetting the environment without a teleop device.The robot won't be at its rest position at the start of the next episode.
INFO 2026-05-11 15:08:18 t_record.py:383 No policy or teleoperator provided, skipping action generation.This is likely to happen when resetting the environment without a teleop device.The robot won't be at its rest position at the start of the next episode.
INFO 2026-05-11 15:08:18 t_record.py:383 No policy or teleoperator provided, skipping action generation.This is likely to happen when resetting the environment without a teleop device.The robot won't be at its rest position at the start of the next episode.
INFO 2026-05-11 15:08:18 t_record.py:383 No policy or teleoperator provided, skipping action generation.This is likely to happen when resetting the environment without a teleop device.The robot won't be at its rest position at the start of the next episode.
INFO 2026-05-11 15:08:18 t_record.py:383 No policy or teleoperator provided, skipping action generation.This is likely to happen when resetting the environment without a teleop device.The robot won't be at its rest position at the start of the next episode.
INFO 2026-05-11 15:08:18 t_record.py:383 No policy or teleoperator provided, skipping action generation.This is likely to happen when resetting the environment without a teleop device.The robot won't be at its rest position at the start of the next episode.
INFO 2026-05-11 15:08:18 t_record.py:383 No policy or teleoperator provided, skipping action generation.This is likely to happen when resetting the environment without a teleop device.The robot won't be at its rest position at the start of the next episode.
INFO 2026-05-11 15:08:18 t_record.py:383 No policy or teleoperator provided, skipping action generation.This is likely to happen when resetting the environment without a teleop device.The robot won't be at its rest position at the start of the next episode.
INFO 2026-05-11 15:08:18 t_record.py:383 No policy or teleoperator provided, skipping action generation.This is likely to happen when resetting the environment without a teleop device.The robot won't be at its rest position at the start of the next episode.
INFO 2026-05-11 15:08:18 t_record.py:383 No policy or teleoperator provided, skipping action generation.This is likely to happen when resetting the environment without a teleop device.The robot won't be at its rest position at the start of the next episode.
INFO 2026-05-11 15:08:18 t_record.py:383 No policy or teleoperator provided, skipping action generation.This is likely to happen when resetting the environment without a teleop device.The robot won't be at its rest position at the start of the next episode.
INFO 2026-05-11 15:08:18 t_record.py:383 No policy or teleoperator provided, skipping action generation.This is likely to happen when resetting the environment without a teleop device.The robot won't be at its rest position at the start of the next episode.
INFO 2026-05-11 15:08:18 t_record.py:383 No policy or teleoperator provided, skipping action generation.This is likely to happen when resetting the environment without a teleop device.The robot won't be at its rest position at the start of the next episode.
INFO 2026-05-11 15:08:18 t_record.py:383 No policy or teleoperator provided, skipping action generation.This is likely to happen when resetting the environment without a teleop device.The robot won't be at its rest position at the start of the next episode.
INFO 2026-05-11 15:08:18 t_record.py:383 No policy or teleoperator provided, skipping action generation.This is likely to happen when resetting the environment without a teleop device.The robot won't be at its rest position at the start of the next episode.
INFO 2026-05-11 15:08:18 t_record.py:383 No policy or teleoperator provided, skipping action generation.This is likely to happen when resetting the environment without a teleop device.The robot won't be at its rest position at the start of the next episode.
INFO 2026-05-11 15:08:18 t_record.py:383 No policy or teleoperator provided, skipping action generation.This is likely to happen when resetting the environment without a teleop device.The robot won't be at its rest position at the start of the next episode.
INFO 2026-05-11 15:08:18 t_record.py:383 No policy or teleoperator provided, skipping action generation.This is likely to happen when resetting the environment without a teleop device.The robot won't be at its rest position at the start of the next episode.
INFO 2026-05-11 15:08:18 t_record.py:383 No policy or teleoperator provided, skipping action generation.This is likely to happen when resetting the environment without a teleop device.The robot won't be at its rest position at the start of the next episode.
INFO 2026-05-11 15:08:18 t_record.py:383 No policy or teleoperator provided, skipping action generation.This is likely to happen when resetting the environment without a teleop device.The robot won't be at its rest position at the start of the next episode.
INFO 2026-05-11 15:08:18 t_record.py:383 No policy or teleoperator provided, skipping action generation.This is likely to happen when resetting the environment without a teleop device.The robot won't be at its rest position at the start of the next episode.
INFO 2026-05-11 15:08:18 t_record.py:383 No policy or teleoperator provided, skipping action generation.This is likely to happen when resetting the environment without a teleop device.The robot won't be at its rest position at the start of the next episode.
INFO 2026-05-11 15:08:18 t_record.py:383 No policy or teleoperator provided, skipping action generation.This is likely to happen when resetting the environment without a teleop device.The robot won't be at its rest position at the start of the next episode.
INFO 2026-05-11 15:08:18 t_record.py:383 No policy or teleoperator provided, skipping action generation.This is likely to happen when resetting the environment without a teleop device.The robot won't be at its rest position at the start of the next episode.
INFO 2026-05-11 15:08:18 t_record.py:383 No policy or teleoperator provided, skipping action generation.This is likely to happen when resetting the environment without a teleop device.The robot won't be at its rest position at the start of the next episode.
INFO 2026-05-11 15:08:18 t_record.py:383 No policy or teleoperator provided, skipping action generation.This is likely to happen when resetting the environment without a teleop device.The robot won't be at its rest position at the start of the next episode.
INFO 2026-05-11 15:08:18 t_record.py:383 No policy or teleoperator provided, skipping action generation.This is likely to happen when resetting the environment without a teleop device.The robot won't be at its rest position at the start of the next episode.
INFO 2026-05-11 15:08:18 t_record.py:383 No policy or teleoperator provided, skipping action generation.This is likely to happen when resetting the environment without a teleop device.The robot won't be at its rest position at the start of the next episode.
INFO 2026-05-11 15:08:18 t_record.py:383 No policy or teleoperator provided, skipping action generation.This is likely to happen when resetting the environment without a teleop device.The robot won't be at its rest position at the start of the next episode.
INFO 2026-05-11 15:08:18 t_record.py:383 No policy or teleoperator provided, skipping action generation.This is likely to happen when resetting the environment without a teleop device.The robot won't be at its rest position at the start of the next episode.
INFO 2026-05-11 15:08:18 t_record.py:383 No policy or teleoperator provided, skipping action generation.This is likely to happen when resetting the environment without a teleop device.The robot won't be at its rest position at the start of the next episode.
INFO 2026-05-11 15:08:18 t_record.py:383 No policy or teleoperator provided, skipping action generation.This is likely to happen when resetting the environment without a teleop device.The robot won't be at its rest position at the start of the next episode.
INFO 2026-05-11 15:08:18 t_record.py:383 No policy or teleoperator provided, skipping action generation.This is likely to happen when resetting the environment without a teleop device.The robot won't be at its rest position at the start of the next episode.
INFO 2026-05-11 15:08:18 t_record.py:383 No policy or teleoperator provided, skipping action generation.This is likely to happen when resetting the environment without a teleop device.The robot won't be at its rest position at the start of the next episode.
INFO 2026-05-11 15:08:18 t_record.py:383 No policy or teleoperator provided, skipping action generation.This is likely to happen when resetting the environment without a teleop device.The robot won't be at its rest position at the start of the next episode.
INFO 2026-05-11 15:08:18 t_record.py:383 No policy or teleoperator provided, skipping action generation.This is likely to happen when resetting the environment without a teleop device.The robot won't be at its rest position at the start of the next episode.
INFO 2026-05-11 15:08:18 t_record.py:383 No policy or teleoperator provided, skipping action generation.This is likely to happen when resetting the environment without a teleop device.The robot won't be at its rest position at the start of the next episode.
INFO 2026-05-11 15:08:18 t_record.py:383 No policy or teleoperator provided, skipping action generation.This is likely to happen when resetting the environment without a teleop device.The robot won't be at its rest position at the start of the next episode.
INFO 2026-05-11 15:08:18 t_record.py:383 No policy or teleoperator provided, skipping action generation.This is likely to happen when resetting the environment without a teleop device.The robot won't be at its rest position at the start of the next episode.
INFO 2026-05-11 15:08:18 t_record.py:383 No policy or teleoperator provided, skipping action generation.This is likely to happen when resetting the environment without a teleop device.The robot won't be at its rest position at the start of the next episode.
INFO 2026-05-11 15:08:18 t_record.py:383 No policy or teleoperator provided, skipping action generation.This is likely to happen when resetting the environment without a teleop device.The robot won't be at its rest position at the start of the next episode.
INFO 2026-05-11 15:08:18 t_record.py:383 No policy or teleoperator provided, skipping action generation.This is likely to happen when resetting the environment without a teleop device.The robot won't be at its rest position at the start of the next episode.
INFO 2026-05-11 15:08:18 t_record.py:383 No policy or teleoperator provided, skipping action generation.This is likely to happen when resetting the environment without a teleop device.The robot won't be at its rest position at the start of the next episode.
INFO 2026-05-11 15:08:18 t_record.py:383 No policy or teleoperator provided, skipping action generation.This is likely to happen when resetting the environment without a teleop device.The robot won't be at its rest position at the start of the next episode.
INFO 2026-05-11 15:08:18 t_record.py:383 No policy or teleoperator provided, skipping action generation.This is likely to happen when resetting the environment without a teleop device.The robot won't be at its rest position at the start of the next episode.
INFO 2026-05-11 15:08:18 t_record.py:383 No policy or teleoperator provided, skipping action generation.This is likely to happen when resetting the environment without a teleop device.The robot won't be at its rest position at the start of the next episode.
INFO 2026-05-11 15:08:18 t_record.py:383 No policy or teleoperator provided, skipping action generation.This is likely to happen when resetting the environment without a teleop device.The robot won't be at its rest position at the start of the next episode.
INFO 2026-05-11 15:08:18 t_record.py:383 No policy or teleoperator provided, skipping action generation.This is likely to happen when resetting the environment without a teleop device.The robot won't be at its rest position at the start of the next episode.
INFO 2026-05-11 15:08:18 t_record.py:383 No policy or teleoperator provided, skipping action generation.This is likely to happen when resetting the environment without a teleop device.The robot won't be at its rest position at the start of the next episode.
INFO 2026-05-11 15:08:18 t_record.py:383 No policy or teleoperator provided, skipping action generation.This is likely to happen when resetting the environment without a teleop device.The robot won't be at its rest position at the start of the next episode.
INFO 2026-05-11 15:08:18 t_record.py:383 No policy or teleoperator provided, skipping action generation.This is likely to happen when resetting the environment without a teleop device.The robot won't be at its rest position at the start of the next episode.
INFO 2026-05-11 15:08:18 t_record.py:383 No policy or teleoperator provided, skipping action generation.This is likely to happen when resetting the environment without a teleop device.The robot won't be at its rest position at the start of the next episode.
INFO 2026-05-11 15:08:18 t_record.py:383 No policy or teleoperator provided, skipping action generation.This is likely to happen when resetting the environment without a teleop device.The robot won't be at its rest position at the start of the next episode.
INFO 2026-05-11 15:08:18 t_record.py:383 No policy or teleoperator provided, skipping action generation.This is likely to happen when resetting the environment without a teleop device.The robot won't be at its rest position at the start of the next episode.
INFO 2026-05-11 15:08:18 t_record.py:383 No policy or teleoperator provided, skipping action generation.This is likely to happen when resetting the environment without a teleop device.The robot won't be at its rest position at the start of the next episode.
INFO 2026-05-11 15:08:18 t_record.py:383 No policy or teleoperator provided, skipping action generation.This is likely to happen when resetting the environment without a teleop device.The robot won't be at its rest position at the start of the next episode.
INFO 2026-05-11 15:08:18 t_record.py:383 No policy or teleoperator provided, skipping action generation.This is likely to happen when resetting the environment without a teleop device.The robot won't be at its rest position at the start of the next episode.
INFO 2026-05-11 15:08:18 t_record.py:383 No policy or teleoperator provided, skipping action generation.This is likely to happen when resetting the environment without a teleop device.The robot won't be at its rest position at the start of the next episode.
INFO 2026-05-11 15:08:18 t_record.py:383 No policy or teleoperator provided, skipping action generation.This is likely to happen when resetting the environment without a teleop device.The robot won't be at its rest position at the start of the next episode.
INFO 2026-05-11 15:08:18 t_record.py:383 No policy or teleoperator provided, skipping action generation.This is likely to happen when resetting the environment without a teleop device.The robot won't be at its rest position at the start of the next episode.
INFO 2026-05-11 15:08:18 t_record.py:383 No policy or teleoperator provided, skipping action generation.This is likely to happen when resetting the environment without a teleop device.The robot won't be at its rest position at the start of the next episode.
INFO 2026-05-11 15:08:18 t_record.py:383 No policy or teleoperator provided, skipping action generation.This is likely to happen when resetting the environment without a teleop device.The robot won't be at its rest position at the start of the next episode.
INFO 2026-05-11 15:08:18 t_record.py:383 No policy or teleoperator provided, skipping action generation.This is likely to happen when resetting the environment without a teleop device.The robot won't be at its rest position at the start of the next episode.
INFO 2026-05-11 15:08:18 t_record.py:383 No policy or teleoperator provided, skipping action generation.This is likely to happen when resetting the environment without a teleop device.The robot won't be at its rest position at the start of the next episode.
INFO 2026-05-11 15:08:18 t_record.py:383 No policy or teleoperator provided, skipping action generation.This is likely to happen when resetting the environment without a teleop device.The robot won't be at its rest position at the start of the next episode.
INFO 2026-05-11 15:08:18 t_record.py:383 No policy or teleoperator provided, skipping action generation.This is likely to happen when resetting the environment without a teleop device.The robot won't be at its rest position at the start of the next episode.
INFO 2026-05-11 15:08:18 t_record.py:383 No policy or teleoperator provided, skipping action generation.This is likely to happen when resetting the environment without a teleop device.The robot won't be at its rest position at the start of the next episode.
INFO 2026-05-11 15:08:18 t_record.py:383 No policy or teleoperator provided, skipping action generation.This is likely to happen when resetting the environment without a teleop device.The robot won't be at its rest position at the start of the next episode.
INFO 2026-05-11 15:08:18 t_record.py:383 No policy or teleoperator provided, skipping action generation.This is likely to happen when resetting the environment without a teleop device.The robot won't be at its rest position at the start of the next episode.
INFO 2026-05-11 15:08:18 t_record.py:383 No policy or teleoperator provided, skipping action generation.This is likely to happen when resetting the environment without a teleop device.The robot won't be at its rest position at the start of the next episode.
INFO 2026-05-11 15:08:18 t_record.py:383 No policy or teleoperator provided, skipping action generation.This is likely to happen when resetting the environment without a teleop device.The robot won't be at its rest position at the start of the next episode.
INFO 2026-05-11 15:08:18 t_record.py:383 No policy or teleoperator provided, skipping action generation.This is likely to happen when resetting the environment without a teleop device.The robot won't be at its rest position at the start of the next episode.
INFO 2026-05-11 15:08:18 t_record.py:383 No policy or teleoperator provided, skipping action generation.This is likely to happen when resetting the environment without a teleop device.The robot won't be at its rest position at the start of the next episode.
INFO 2026-05-11 15:08:18 t_record.py:383 No policy or teleoperator provided, skipping action generation.This is likely to happen when resetting the environment without a teleop device.The robot won't be at its rest position at the start of the next episode.
INFO 2026-05-11 15:08:18 t_record.py:383 No policy or teleoperator provided, skipping action generation.This is likely to happen when resetting the environment without a teleop device.The robot won't be at its rest position at the start of the next episode.
INFO 2026-05-11 15:08:18 t_record.py:383 No policy or teleoperator provided, skipping action generation.This is likely to happen when resetting the environment without a teleop device.The robot won't be at its rest position at the start of the next episode.
INFO 2026-05-11 15:08:18 t_record.py:383 No policy or teleoperator provided, skipping action generation.This is likely to happen when resetting the environment without a teleop device.The robot won't be at its rest position at the start of the next episode.
INFO 2026-05-11 15:08:18 t_record.py:383 No policy or teleoperator provided, skipping action generation.This is likely to happen when resetting the environment without a teleop device.The robot won't be at its rest position at the start of the next episode.
INFO 2026-05-11 15:08:18 t_record.py:383 No policy or teleoperator provided, skipping action generation.This is likely to happen when resetting the environment without a teleop device.The robot won't be at its rest position at the start of the next episode.
INFO 2026-05-11 15:08:18 t_record.py:383 No policy or teleoperator provided, skipping action generation.This is likely to happen when resetting the environment without a teleop device.The robot won't be at its rest position at the start of the next episode.
INFO 2026-05-11 15:08:18 t_record.py:383 No policy or teleoperator provided, skipping action generation.This is likely to happen when resetting the environment without a teleop device.The robot won't be at its rest position at the start of the next episode.
INFO 2026-05-11 15:08:18 t_record.py:383 No policy or teleoperator provided, skipping action generation.This is likely to happen when resetting the environment without a teleop device.The robot won't be at its rest position at the start of the next episode.
INFO 2026-05-11 15:08:18 t_record.py:383 No policy or teleoperator provided, skipping action generation.This is likely to happen when resetting the environment without a teleop device.The robot won't be at its rest position at the start of the next episode.
INFO 2026-05-11 15:08:18 t_record.py:383 No policy or teleoperator provided, skipping action generation.This is likely to happen when resetting the environment without a teleop device.The robot won't be at its rest position at the start of the next episode.
INFO 2026-05-11 15:08:18 t_record.py:383 No policy or teleoperator provided, skipping action generation.This is likely to happen when resetting the environment without a teleop device.The robot won't be at its rest position at the start of the next episode.
INFO 2026-05-11 15:08:18 t_record.py:383 No policy or teleoperator provided, skipping action generation.This is likely to happen when resetting the environment without a teleop device.The robot won't be at its rest position at the start of the next episode.
INFO 2026-05-11 15:08:18 t_record.py:383 No policy or teleoperator provided, skipping action generation.This is likely to happen when resetting the environment without a teleop device.The robot won't be at its rest position at the start of the next episode.
INFO 2026-05-11 15:08:18 t_record.py:383 No policy or teleoperator provided, skipping action generation.This is likely to happen when resetting the environment without a teleop device.The robot won't be at its rest position at the start of the next episode.
INFO 2026-05-11 15:08:18 t_record.py:383 No policy or teleoperator provided, skipping action generation.This is likely to happen when resetting the environment without a teleop device.The robot won't be at its rest position at the start of the next episode.
INFO 2026-05-11 15:08:18 t_record.py:383 No policy or teleoperator provided, skipping action generation.This is likely to happen when resetting the environment without a teleop device.The robot won't be at its rest position at the start of the next episode.
INFO 2026-05-11 15:08:18 t_record.py:383 No policy or teleoperator provided, skipping action generation.This is likely to happen when resetting the environment without a teleop device.The robot won't be at its rest position at the start of the next episode.
INFO 2026-05-11 15:08:18 t_record.py:383 No policy or teleoperator provided, skipping action generation.This is likely to happen when resetting the environment without a teleop device.The robot won't be at its rest position at the start of the next episode.
INFO 2026-05-11 15:08:18 t_record.py:383 No policy or teleoperator provided, skipping action generation.This is likely to happen when resetting the environment without a teleop device.The robot won't be at its rest position at the start of the next episode.
INFO 2026-05-11 15:08:18 t_record.py:383 No policy or teleoperator provided, skipping action generation.This is likely to happen when resetting the environment without a teleop device.The robot won't be at its rest position at the start of the next episode.
INFO 2026-05-11 15:08:18 t_record.py:383 No policy or teleoperator provided, skipping action generation.This is likely to happen when resetting the environment without a teleop device.The robot won't be at its rest position at the start of the next episode.
INFO 2026-05-11 15:08:18 t_record.py:383 No policy or teleoperator provided, skipping action generation.This is likely to happen when resetting the environment without a teleop device.The robot won't be at its rest position at the start of the next episode.
INFO 2026-05-11 15:08:18 t_record.py:383 No policy or teleoperator provided, skipping action generation.This is likely to happen when resetting the environment without a teleop device.The robot won't be at its rest position at the start of the next episode.
INFO 2026-05-11 15:08:18 t_record.py:383 No policy or teleoperator provided, skipping action generation.This is likely to happen when resetting the environment without a teleop device.The robot won't be at its rest position at the start of the next episode.
INFO 2026-05-11 15:08:18 t_record.py:383 No policy or teleoperator provided, skipping action generation.This is likely to happen when resetting the environment without a teleop device.The robot won't be at its rest position at the start of the next episode.
INFO 2026-05-11 15:08:18 t_record.py:383 No policy or teleoperator provided, skipping action generation.This is likely to happen when resetting the environment without a teleop device.The robot won't be at its rest position at the start of the next episode.
INFO 2026-05-11 15:08:18 t_record.py:383 No policy or teleoperator provided, skipping action generation.This is likely to happen when resetting the environment without a teleop device.The robot won't be at its rest position at the start of the next episode.
INFO 2026-05-11 15:08:18 t_record.py:383 No policy or teleoperator provided, skipping action generation.This is likely to happen when resetting the environment without a teleop device.The robot won't be at its rest position at the start of the next episode.
INFO 2026-05-11 15:08:18 t_record.py:383 No policy or teleoperator provided, skipping action generation.This is likely to happen when resetting the environment without a teleop device.The robot won't be at its rest position at the start of the next episode.
INFO 2026-05-11 15:08:18 t_record.py:383 No policy or teleoperator provided, skipping action generation.This is likely to happen when resetting the environment without a teleop device.The robot won't be at its rest position at the start of the next episode.
INFO 2026-05-11 15:08:18 t_record.py:383 No policy or teleoperator provided, skipping action generation.This is likely to happen when resetting the environment without a teleop device.The robot won't be at its rest position at the start of the next episode.
INFO 2026-05-11 15:08:18 t_record.py:383 No policy or teleoperator provided, skipping action generation.This is likely to happen when resetting the environment without a teleop device.The robot won't be at its rest position at the start of the next episode.
INFO 2026-05-11 15:08:18 t_record.py:383 No policy or teleoperator provided, skipping action generation.This is likely to happen when resetting the environment without a teleop device.The robot won't be at its rest position at the start of the next episode.
INFO 2026-05-11 15:08:18 t_record.py:383 No policy or teleoperator provided, skipping action generation.This is likely to happen when resetting the environment without a teleop device.The robot won't be at its rest position at the start of the next episode.
INFO 2026-05-11 15:08:18 t_record.py:383 No policy or teleoperator provided, skipping action generation.This is likely to happen when resetting the environment without a teleop device.The robot won't be at its rest position at the start of the next episode.
INFO 2026-05-11 15:08:18 t_record.py:383 No policy or teleoperator provided, skipping action generation.This is likely to happen when resetting the environment without a teleop device.The robot won't be at its rest position at the start of the next episode.
INFO 2026-05-11 15:08:18 t_record.py:383 No policy or teleoperator provided, skipping action generation.This is likely to happen when resetting the environment without a teleop device.The robot won't be at its rest position at the start of the next episode.
INFO 2026-05-11 15:08:18 t_record.py:383 No policy or teleoperator provided, skipping action generation.This is likely to happen when resetting the environment without a teleop device.The robot won't be at its rest position at the start of the next episode.
INFO 2026-05-11 15:08:18 t_record.py:383 No policy or teleoperator provided, skipping action generation.This is likely to happen when resetting the environment without a teleop device.The robot won't be at its rest position at the start of the next episode.
INFO 2026-05-11 15:08:18 t_record.py:383 No policy or teleoperator provided, skipping action generation.This is likely to happen when resetting the environment without a teleop device.The robot won't be at its rest position at the start of the next episode.
INFO 2026-05-11 15:08:18 t_record.py:383 No policy or teleoperator provided, skipping action generation.This is likely to happen when resetting the environment without a teleop device.The robot won't be at its rest position at the start of the next episode.
INFO 2026-05-11 15:08:18 t_record.py:383 No policy or teleoperator provided, skipping action generation.This is likely to happen when resetting the environment without a teleop device.The robot won't be at its rest position at the start of the next episode.
INFO 2026-05-11 15:08:18 t_record.py:383 No policy or teleoperator provided, skipping action generation.This is likely to happen when resetting the environment without a teleop device.The robot won't be at its rest position at the start of the next episode.
INFO 2026-05-11 15:08:18 t_record.py:383 No policy or teleoperator provided, skipping action generation.This is likely to happen when resetting the environment without a teleop device.The robot won't be at its rest position at the start of the next episode.
INFO 2026-05-11 15:08:18 t_record.py:383 No policy or teleoperator provided, skipping action generation.This is likely to happen when resetting the environment without a teleop device.The robot won't be at its rest position at the start of the next episode.
INFO 2026-05-11 15:08:18 t_record.py:383 No policy or teleoperator provided, skipping action generation.This is likely to happen when resetting the environment without a teleop device.The robot won't be at its rest position at the start of the next episode.
INFO 2026-05-11 15:08:18 t_record.py:383 No policy or teleoperator provided, skipping action generation.This is likely to happen when resetting the environment without a teleop device.The robot won't be at its rest position at the start of the next episode.
INFO 2026-05-11 15:08:18 t_record.py:383 No policy or teleoperator provided, skipping action generation.This is likely to happen when resetting the environment without a teleop device.The robot won't be at its rest position at the start of the next episode.
INFO 2026-05-11 15:08:18 t_record.py:383 No policy or teleoperator provided, skipping action generation.This is likely to happen when resetting the environment without a teleop device.The robot won't be at its rest position at the start of the next episode.
INFO 2026-05-11 15:08:18 t_record.py:383 No policy or teleoperator provided, skipping action generation.This is likely to happen when resetting the environment without a teleop device.The robot won't be at its rest position at the start of the next episode.
INFO 2026-05-11 15:08:18 t_record.py:383 No policy or teleoperator provided, skipping action generation.This is likely to happen when resetting the environment without a teleop device.The robot won't be at its rest position at the start of the next episode.
INFO 2026-05-11 15:08:18 t_record.py:383 No policy or teleoperator provided, skipping action generation.This is likely to happen when resetting the environment without a teleop device.The robot won't be at its rest position at the start of the next episode.
INFO 2026-05-11 15:08:18 t_record.py:383 No policy or teleoperator provided, skipping action generation.This is likely to happen when resetting the environment without a teleop device.The robot won't be at its rest position at the start of the next episode.
INFO 2026-05-11 15:08:18 t_record.py:383 No policy or teleoperator provided, skipping action generation.This is likely to happen when resetting the environment without a teleop device.The robot won't be at its rest position at the start of the next episode.
INFO 2026-05-11 15:08:18 t_record.py:383 No policy or teleoperator provided, skipping action generation.This is likely to happen when resetting the environment without a teleop device.The robot won't be at its rest position at the start of the next episode.
INFO 2026-05-11 15:08:18 t_record.py:383 No policy or teleoperator provided, skipping action generation.This is likely to happen when resetting the environment without a teleop device.The robot won't be at its rest position at the start of the next episode.
INFO 2026-05-11 15:08:18 t_record.py:383 No policy or teleoperator provided, skipping action generation.This is likely to happen when resetting the environment without a teleop device.The robot won't be at its rest position at the start of the next episode.
INFO 2026-05-11 15:08:18 t_record.py:383 No policy or teleoperator provided, skipping action generation.This is likely to happen when resetting the environment without a teleop device.The robot won't be at its rest position at the start of the next episode.
INFO 2026-05-11 15:08:18 t_record.py:383 No policy or teleoperator provided, skipping action generation.This is likely to happen when resetting the environment without a teleop device.The robot won't be at its rest position at the start of the next episode.
INFO 2026-05-11 15:08:18 t_record.py:383 No policy or teleoperator provided, skipping action generation.This is likely to happen when resetting the environment without a teleop device.The robot won't be at its rest position at the start of the next episode.
INFO 2026-05-11 15:08:18 t_record.py:383 No policy or teleoperator provided, skipping action generation.This is likely to happen when resetting the environment without a teleop device.The robot won't be at its rest position at the start of the next episode.
INFO 2026-05-11 15:08:18 t_record.py:383 No policy or teleoperator provided, skipping action generation.This is likely to happen when resetting the environment without a teleop device.The robot won't be at its rest position at the start of the next episode.
INFO 2026-05-11 15:08:18 t_record.py:383 No policy or teleoperator provided, skipping action generation.This is likely to happen when resetting the environment without a teleop device.The robot won't be at its rest position at the start of the next episode.
INFO 2026-05-11 15:08:18 t_record.py:383 No policy or teleoperator provided, skipping action generation.This is likely to happen when resetting the environment without a teleop device.The robot won't be at its rest position at the start of the next episode.
INFO 2026-05-11 15:08:18 t_record.py:383 No policy or teleoperator provided, skipping action generation.This is likely to happen when resetting the environment without a teleop device.The robot won't be at its rest position at the start of the next episode.
INFO 2026-05-11 15:08:18 t_record.py:383 No policy or teleoperator provided, skipping action generation.This is likely to happen when resetting the environment without a teleop device.The robot won't be at its rest position at the start of the next episode.
INFO 2026-05-11 15:08:18 t_record.py:383 No policy or teleoperator provided, skipping action generation.This is likely to happen when resetting the environment without a teleop device.The robot won't be at its rest position at the start of the next episode.
INFO 2026-05-11 15:08:18 t_record.py:383 No policy or teleoperator provided, skipping action generation.This is likely to happen when resetting the environment without a teleop device.The robot won't be at its rest position at the start of the next episode.
INFO 2026-05-11 15:08:18 t_record.py:383 No policy or teleoperator provided, skipping action generation.This is likely to happen when resetting the environment without a teleop device.The robot won't be at its rest position at the start of the next episode.
INFO 2026-05-11 15:08:18 t_record.py:383 No policy or teleoperator provided, skipping action generation.This is likely to happen when resetting the environment without a teleop device.The robot won't be at its rest position at the start of the next episode.
INFO 2026-05-11 15:08:18 t_record.py:383 No policy or teleoperator provided, skipping action generation.This is likely to happen when resetting the environment without a teleop device.The robot won't be at its rest position at the start of the next episode.
INFO 2026-05-11 15:08:18 t_record.py:383 No policy or teleoperator provided, skipping action generation.This is likely to happen when resetting the environment without a teleop device.The robot won't be at its rest position at the start of the next episode.
INFO 2026-05-11 15:08:18 t_record.py:383 No policy or teleoperator provided, skipping action generation.This is likely to happen when resetting the environment without a teleop device.The robot won't be at its rest position at the start of the next episode.
INFO 2026-05-11 15:08:18 t_record.py:383 No policy or teleoperator provided, skipping action generation.This is likely to happen when resetting the environment without a teleop device.The robot won't be at its rest position at the start of the next episode.
INFO 2026-05-11 15:08:18 t_record.py:383 No policy or teleoperator provided, skipping action generation.This is likely to happen when resetting the environment without a teleop device.The robot won't be at its rest position at the start of the next episode.
INFO 2026-05-11 15:08:18 t_record.py:383 No policy or teleoperator provided, skipping action generation.This is likely to happen when resetting the environment without a teleop device.The robot won't be at its rest position at the start of the next episode.
INFO 2026-05-11 15:08:18 t_record.py:383 No policy or teleoperator provided, skipping action generation.This is likely to happen when resetting the environment without a teleop device.The robot won't be at its rest position at the start of the next episode.
INFO 2026-05-11 15:08:18 t_record.py:383 No policy or teleoperator provided, skipping action generation.This is likely to happen when resetting the environment without a teleop device.The robot won't be at its rest position at the start of the next episode.
INFO 2026-05-11 15:08:18 t_record.py:383 No policy or teleoperator provided, skipping action generation.This is likely to happen when resetting the environment without a teleop device.The robot won't be at its rest position at the start of the next episode.
INFO 2026-05-11 15:08:18 t_record.py:383 No policy or teleoperator provided, skipping action generation.This is likely to happen when resetting the environment without a teleop device.The robot won't be at its rest position at the start of the next episode.
INFO 2026-05-11 15:08:18 t_record.py:383 No policy or teleoperator provided, skipping action generation.This is likely to happen when resetting the environment without a teleop device.The robot won't be at its rest position at the start of the next episode.
INFO 2026-05-11 15:08:18 t_record.py:383 No policy or teleoperator provided, skipping action generation.This is likely to happen when resetting the environment without a teleop device.The robot won't be at its rest position at the start of the next episode.
INFO 2026-05-11 15:08:18 t_record.py:383 No policy or teleoperator provided, skipping action generation.This is likely to happen when resetting the environment without a teleop device.The robot won't be at its rest position at the start of the next episode.
INFO 2026-05-11 15:08:18 t_record.py:383 No policy or teleoperator provided, skipping action generation.This is likely to happen when resetting the environment without a teleop device.The robot won't be at its rest position at the start of the next episode.
INFO 2026-05-11 15:08:18 t_record.py:383 No policy or teleoperator provided, skipping action generation.This is likely to happen when resetting the environment without a teleop device.The robot won't be at its rest position at the start of the next episode.
INFO 2026-05-11 15:08:18 t_record.py:383 No policy or teleoperator provided, skipping action generation.This is likely to happen when resetting the environment without a teleop device.The robot won't be at its rest position at the start of the next episode.
INFO 2026-05-11 15:08:18 t_record.py:383 No policy or teleoperator provided, skipping action generation.This is likely to happen when resetting the environment without a teleop device.The robot won't be at its rest position at the start of the next episode.
INFO 2026-05-11 15:08:18 t_record.py:383 No policy or teleoperator provided, skipping action generation.This is likely to happen when resetting the environment without a teleop device.The robot won't be at its rest position at the start of the next episode.
INFO 2026-05-11 15:08:18 t_record.py:383 No policy or teleoperator provided, skipping action generation.This is likely to happen when resetting the environment without a teleop device.The robot won't be at its rest position at the start of the next episode.
INFO 2026-05-11 15:08:18 t_record.py:383 No policy or teleoperator provided, skipping action generation.This is likely to happen when resetting the environment without a teleop device.The robot won't be at its rest position at the start of the next episode.
INFO 2026-05-11 15:08:18 t_record.py:383 No policy or teleoperator provided, skipping action generation.This is likely to happen when resetting the environment without a teleop device.The robot won't be at its rest position at the start of the next episode.
INFO 2026-05-11 15:08:18 t_record.py:383 No policy or teleoperator provided, skipping action generation.This is likely to happen when resetting the environment without a teleop device.The robot won't be at its rest position at the start of the next episode.
INFO 2026-05-11 15:08:18 t_record.py:383 No policy or teleoperator provided, skipping action generation.This is likely to happen when resetting the environment without a teleop device.The robot won't be at its rest position at the start of the next episode.
INFO 2026-05-11 15:08:18 t_record.py:383 No policy or teleoperator provided, skipping action generation.This is likely to happen when resetting the environment without a teleop device.The robot won't be at its rest position at the start of the next episode.
INFO 2026-05-11 15:08:18 t_record.py:383 No policy or teleoperator provided, skipping action generation.This is likely to happen when resetting the environment without a teleop device.The robot won't be at its rest position at the start of the next episode.
INFO 2026-05-11 15:08:18 t_record.py:383 No policy or teleoperator provided, skipping action generation.This is likely to happen when resetting the environment without a teleop device.The robot won't be at its rest position at the start of the next episode.
INFO 2026-05-11 15:08:18 t_record.py:383 No policy or teleoperator provided, skipping action generation.This is likely to happen when resetting the environment without a teleop device.The robot won't be at its rest position at the start of the next episode.
INFO 2026-05-11 15:08:18 t_record.py:383 No policy or teleoperator provided, skipping action generation.This is likely to happen when resetting the environment without a teleop device.The robot won't be at its rest position at the start of the next episode.
INFO 2026-05-11 15:08:18 t_record.py:383 No policy or teleoperator provided, skipping action generation.This is likely to happen when resetting the environment without a teleop device.The robot won't be at its rest position at the start of the next episode.
INFO 2026-05-11 15:08:18 t_record.py:383 No policy or teleoperator provided, skipping action generation.This is likely to happen when resetting the environment without a teleop device.The robot won't be at its rest position at the start of the next episode.
INFO 2026-05-11 15:08:18 t_record.py:383 No policy or teleoperator provided, skipping action generation.This is likely to happen when resetting the environment without a teleop device.The robot won't be at its rest position at the start of the next episode.
INFO 2026-05-11 15:08:18 t_record.py:383 No policy or teleoperator provided, skipping action generation.This is likely to happen when resetting the environment without a teleop device.The robot won't be at its rest position at the start of the next episode.
INFO 2026-05-11 15:08:18 t_record.py:383 No policy or teleoperator provided, skipping action generation.This is likely to happen when resetting the environment without a teleop device.The robot won't be at its rest position at the start of the next episode.
INFO 2026-05-11 15:08:18 t_record.py:383 No policy or teleoperator provided, skipping action generation.This is likely to happen when resetting the environment without a teleop device.The robot won't be at its rest position at the start of the next episode.
INFO 2026-05-11 15:08:18 t_record.py:383 No policy or teleoperator provided, skipping action generation.This is likely to happen when resetting the environment without a teleop device.The robot won't be at its rest position at the start of the next episode.
INFO 2026-05-11 15:08:18 t_record.py:383 No policy or teleoperator provided, skipping action generation.This is likely to happen when resetting the environment without a teleop device.The robot won't be at its rest position at the start of the next episode.
INFO 2026-05-11 15:08:18 t_record.py:383 No policy or teleoperator provided, skipping action generation.This is likely to happen when resetting the environment without a teleop device.The robot won't be at its rest position at the start of the next episode.
INFO 2026-05-11 15:08:18 t_record.py:383 No policy or teleoperator provided, skipping action generation.This is likely to happen when resetting the environment without a teleop device.The robot won't be at its rest position at the start of the next episode.
INFO 2026-05-11 15:08:18 t_record.py:383 No policy or teleoperator provided, skipping action generation.This is likely to happen when resetting the environment without a teleop device.The robot won't be at its rest position at the start of the next episode.
INFO 2026-05-11 15:08:18 t_record.py:383 No policy or teleoperator provided, skipping action generation.This is likely to happen when resetting the environment without a teleop device.The robot won't be at its rest position at the start of the next episode.
INFO 2026-05-11 15:08:18 t_record.py:383 No policy or teleoperator provided, skipping action generation.This is likely to happen when resetting the environment without a teleop device.The robot won't be at its rest position at the start of the next episode.
INFO 2026-05-11 15:08:18 t_record.py:383 No policy or teleoperator provided, skipping action generation.This is likely to happen when resetting the environment without a teleop device.The robot won't be at its rest position at the start of the next episode.
INFO 2026-05-11 15:08:18 t_record.py:383 No policy or teleoperator provided, skipping action generation.This is likely to happen when resetting the environment without a teleop device.The robot won't be at its rest position at the start of the next episode.
INFO 2026-05-11 15:08:18 t_record.py:383 No policy or teleoperator provided, skipping action generation.This is likely to happen when resetting the environment without a teleop device.The robot won't be at its rest position at the start of the next episode.
INFO 2026-05-11 15:08:18 t_record.py:383 No policy or teleoperator provided, skipping action generation.This is likely to happen when resetting the environment without a teleop device.The robot won't be at its rest position at the start of the next episode.
INFO 2026-05-11 15:08:18 t_record.py:383 No policy or teleoperator provided, skipping action generation.This is likely to happen when resetting the environment without a teleop device.The robot won't be at its rest position at the start of the next episode.
INFO 2026-05-11 15:08:18 t_record.py:383 No policy or teleoperator provided, skipping action generation.This is likely to happen when resetting the environment without a teleop device.The robot won't be at its rest position at the start of the next episode.
INFO 2026-05-11 15:08:18 t_record.py:383 No policy or teleoperator provided, skipping action generation.This is likely to happen when resetting the environment without a teleop device.The robot won't be at its rest position at the start of the next episode.
INFO 2026-05-11 15:08:18 t_record.py:383 No policy or teleoperator provided, skipping action generation.This is likely to happen when resetting the environment without a teleop device.The robot won't be at its rest position at the start of the next episode.
INFO 2026-05-11 15:08:18 t_record.py:383 No policy or teleoperator provided, skipping action generation.This is likely to happen when resetting the environment without a teleop device.The robot won't be at its rest position at the start of the next episode.
INFO 2026-05-11 15:08:18 t_record.py:383 No policy or teleoperator provided, skipping action generation.This is likely to happen when resetting the environment without a teleop device.The robot won't be at its rest position at the start of the next episode.
INFO 2026-05-11 15:08:18 t_record.py:383 No policy or teleoperator provided, skipping action generation.This is likely to happen when resetting the environment without a teleop device.The robot won't be at its rest position at the start of the next episode.
INFO 2026-05-11 15:08:18 t_record.py:383 No policy or teleoperator provided, skipping action generation.This is likely to happen when resetting the environment without a teleop device.The robot won't be at its rest position at the start of the next episode.
INFO 2026-05-11 15:08:18 t_record.py:383 No policy or teleoperator provided, skipping action generation.This is likely to happen when resetting the environment without a teleop device.The robot won't be at its rest position at the start of the next episode.
INFO 2026-05-11 15:08:18 t_record.py:383 No policy or teleoperator provided, skipping action generation.This is likely to happen when resetting the environment without a teleop device.The robot won't be at its rest position at the start of the next episode.
INFO 2026-05-11 15:08:18 t_record.py:383 No policy or teleoperator provided, skipping action generation.This is likely to happen when resetting the environment without a teleop device.The robot won't be at its rest position at the start of the next episode.
INFO 2026-05-11 15:08:18 t_record.py:383 No policy or teleoperator provided, skipping action generation.This is likely to happen when resetting the environment without a teleop device.The robot won't be at its rest position at the start of the next episode.
INFO 2026-05-11 15:08:18 t_record.py:383 No policy or teleoperator provided, skipping action generation.This is likely to happen when resetting the environment without a teleop device.The robot won't be at its rest position at the start of the next episode.
INFO 2026-05-11 15:08:18 t_record.py:383 No policy or teleoperator provided, skipping action generation.This is likely to happen when resetting the environment without a teleop device.The robot won't be at its rest position at the start of the next episode.
INFO 2026-05-11 15:08:18 t_record.py:383 No policy or teleoperator provided, skipping action generation.This is likely to happen when resetting the environment without a teleop device.The robot won't be at its rest position at the start of the next episode.
INFO 2026-05-11 15:08:18 t_record.py:383 No policy or teleoperator provided, skipping action generation.This is likely to happen when resetting the environment without a teleop device.The robot won't be at its rest position at the start of the next episode.
INFO 2026-05-11 15:08:18 t_record.py:383 No policy or teleoperator provided, skipping action generation.This is likely to happen when resetting the environment without a teleop device.The robot won't be at its rest position at the start of the next episode.
INFO 2026-05-11 15:08:18 t_record.py:383 No policy or teleoperator provided, skipping action generation.This is likely to happen when resetting the environment without a teleop device.The robot won't be at its rest position at the start of the next episode.
INFO 2026-05-11 15:08:18 t_record.py:383 No policy or teleoperator provided, skipping action generation.This is likely to happen when resetting the environment without a teleop device.The robot won't be at its rest position at the start of the next episode.
INFO 2026-05-11 15:08:18 t_record.py:383 No policy or teleoperator provided, skipping action generation.This is likely to happen when resetting the environment without a teleop device.The robot won't be at its rest position at the start of the next episode.
INFO 2026-05-11 15:08:18 t_record.py:383 No policy or teleoperator provided, skipping action generation.This is likely to happen when resetting the environment without a teleop device.The robot won't be at its rest position at the start of the next episode.
INFO 2026-05-11 15:08:18 t_record.py:383 No policy or teleoperator provided, skipping action generation.This is likely to happen when resetting the environment without a teleop device.The robot won't be at its rest position at the start of the next episode.
INFO 2026-05-11 15:08:18 t_record.py:383 No policy or teleoperator provided, skipping action generation.This is likely to happen when resetting the environment without a teleop device.The robot won't be at its rest position at the start of the next episode.
INFO 2026-05-11 15:08:18 t_record.py:383 No policy or teleoperator provided, skipping action generation.This is likely to happen when resetting the environment without a teleop device.The robot won't be at its rest position at the start of the next episode.
INFO 2026-05-11 15:08:18 t_record.py:383 No policy or teleoperator provided, skipping action generation.This is likely to happen when resetting the environment without a teleop device.The robot won't be at its rest position at the start of the next episode.
INFO 2026-05-11 15:08:18 t_record.py:383 No policy or teleoperator provided, skipping action generation.This is likely to happen when resetting the environment without a teleop device.The robot won't be at its rest position at the start of the next episode.
INFO 2026-05-11 15:08:18 t_record.py:383 No policy or teleoperator provided, skipping action generation.This is likely to happen when resetting the environment without a teleop device.The robot won't be at its rest position at the start of the next episode.
INFO 2026-05-11 15:08:18 t_record.py:383 No policy or teleoperator provided, skipping action generation.This is likely to happen when resetting the environment without a teleop device.The robot won't be at its rest position at the start of the next episode.
INFO 2026-05-11 15:08:18 t_record.py:383 No policy or teleoperator provided, skipping action generation.This is likely to happen when resetting the environment without a teleop device.The robot won't be at its rest position at the start of the next episode.
INFO 2026-05-11 15:08:18 t_record.py:383 No policy or teleoperator provided, skipping action generation.This is likely to happen when resetting the environment without a teleop device.The robot won't be at its rest position at the start of the next episode.
INFO 2026-05-11 15:08:18 t_record.py:383 No policy or teleoperator provided, skipping action generation.This is likely to happen when resetting the environment without a teleop device.The robot won't be at its rest position at the start of the next episode.
INFO 2026-05-11 15:08:18 t_record.py:383 No policy or teleoperator provided, skipping action generation.This is likely to happen when resetting the environment without a teleop device.The robot won't be at its rest position at the start of the next episode.
INFO 2026-05-11 15:08:18 t_record.py:383 No policy or teleoperator provided, skipping action generation.This is likely to happen when resetting the environment without a teleop device.The robot won't be at its rest position at the start of the next episode.
INFO 2026-05-11 15:08:18 t_record.py:383 No policy or teleoperator provided, skipping action generation.This is likely to happen when resetting the environment without a teleop device.The robot won't be at its rest position at the start of the next episode.
INFO 2026-05-11 15:08:18 t_record.py:383 No policy or teleoperator provided, skipping action generation.This is likely to happen when resetting the environment without a teleop device.The robot won't be at its rest position at the start of the next episode.
INFO 2026-05-11 15:08:18 t_record.py:383 No policy or teleoperator provided, skipping action generation.This is likely to happen when resetting the environment without a teleop device.The robot won't be at its rest position at the start of the next episode.
INFO 2026-05-11 15:08:18 t_record.py:383 No policy or teleoperator provided, skipping action generation.This is likely to happen when resetting the environment without a teleop device.The robot won't be at its rest position at the start of the next episode.
INFO 2026-05-11 15:08:18 t_record.py:383 No policy or teleoperator provided, skipping action generation.This is likely to happen when resetting the environment without a teleop device.The robot won't be at its rest position at the start of the next episode.
INFO 2026-05-11 15:08:18 t_record.py:383 No policy or teleoperator provided, skipping action generation.This is likely to happen when resetting the environment without a teleop device.The robot won't be at its rest position at the start of the next episode.
INFO 2026-05-11 15:08:18 t_record.py:383 No policy or teleoperator provided, skipping action generation.This is likely to happen when resetting the environment without a teleop device.The robot won't be at its rest position at the start of the next episode.
INFO 2026-05-11 15:08:18 t_record.py:383 No policy or teleoperator provided, skipping action generation.This is likely to happen when resetting the environment without a teleop device.The robot won't be at its rest position at the start of the next episode.
INFO 2026-05-11 15:08:18 t_record.py:383 No policy or teleoperator provided, skipping action generation.This is likely to happen when resetting the environment without a teleop device.The robot won't be at its rest position at the start of the next episode.
INFO 2026-05-11 15:08:18 t_record.py:383 No policy or teleoperator provided, skipping action generation.This is likely to happen when resetting the environment without a teleop device.The robot won't be at its rest position at the start of the next episode.
INFO 2026-05-11 15:08:18 t_record.py:383 No policy or teleoperator provided, skipping action generation.This is likely to happen when resetting the environment without a teleop device.The robot won't be at its rest position at the start of the next episode.
INFO 2026-05-11 15:08:18 t_record.py:383 No policy or teleoperator provided, skipping action generation.This is likely to happen when resetting the environment without a teleop device.The robot won't be at its rest position at the start of the next episode.
INFO 2026-05-11 15:08:18 t_record.py:383 No policy or teleoperator provided, skipping action generation.This is likely to happen when resetting the environment without a teleop device.The robot won't be at its rest position at the start of the next episode.
INFO 2026-05-11 15:08:18 t_record.py:383 No policy or teleoperator provided, skipping action generation.This is likely to happen when resetting the environment without a teleop device.The robot won't be at its rest position at the start of the next episode.
INFO 2026-05-11 15:08:18 t_record.py:383 No policy or teleoperator provided, skipping action generation.This is likely to happen when resetting the environment without a teleop device.The robot won't be at its rest position at the start of the next episode.
INFO 2026-05-11 15:08:18 t_record.py:383 No policy or teleoperator provided, skipping action generation.This is likely to happen when resetting the environment without a teleop device.The robot won't be at its rest position at the start of the next episode.
INFO 2026-05-11 15:08:18 t_record.py:383 No policy or teleoperator provided, skipping action generation.This is likely to happen when resetting the environment without a teleop device.The robot won't be at its rest position at the start of the next episode.
INFO 2026-05-11 15:08:18 t_record.py:383 No policy or teleoperator provided, skipping action generation.This is likely to happen when resetting the environment without a teleop device.The robot won't be at its rest position at the start of the next episode.
INFO 2026-05-11 15:08:18 t_record.py:383 No policy or teleoperator provided, skipping action generation.This is likely to happen when resetting the environment without a teleop device.The robot won't be at its rest position at the start of the next episode.
INFO 2026-05-11 15:08:18 t_record.py:383 No policy or teleoperator provided, skipping action generation.This is likely to happen when resetting the environment without a teleop device.The robot won't be at its rest position at the start of the next episode.
INFO 2026-05-11 15:08:18 t_record.py:383 No policy or teleoperator provided, skipping action generation.This is likely to happen when resetting the environment without a teleop device.The robot won't be at its rest position at the start of the next episode.
INFO 2026-05-11 15:08:18 t_record.py:383 No policy or teleoperator provided, skipping action generation.This is likely to happen when resetting the environment without a teleop device.The robot won't be at its rest position at the start of the next episode.
INFO 2026-05-11 15:08:18 t_record.py:383 No policy or teleoperator provided, skipping action generation.This is likely to happen when resetting the environment without a teleop device.The robot won't be at its rest position at the start of the next episode.
INFO 2026-05-11 15:08:18 t_record.py:383 No policy or teleoperator provided, skipping action generation.This is likely to happen when resetting the environment without a teleop device.The robot won't be at its rest position at the start of the next episode.
INFO 2026-05-11 15:08:18 t_record.py:383 No policy or teleoperator provided, skipping action generation.This is likely to happen when resetting the environment without a teleop device.The robot won't be at its rest position at the start of the next episode.
INFO 2026-05-11 15:08:18 t_record.py:383 No policy or teleoperator provided, skipping action generation.This is likely to happen when resetting the environment without a teleop device.The robot won't be at its rest position at the start of the next episode.
INFO 2026-05-11 15:08:18 t_record.py:383 No policy or teleoperator provided, skipping action generation.This is likely to happen when resetting the environment without a teleop device.The robot won't be at its rest position at the start of the next episode.
INFO 2026-05-11 15:08:18 t_record.py:383 No policy or teleoperator provided, skipping action generation.This is likely to happen when resetting the environment without a teleop device.The robot won't be at its rest position at the start of the next episode.
INFO 2026-05-11 15:08:18 t_record.py:383 No policy or teleoperator provided, skipping action generation.This is likely to happen when resetting the environment without a teleop device.The robot won't be at its rest position at the start of the next episode.
INFO 2026-05-11 15:08:18 t_record.py:383 No policy or teleoperator provided, skipping action generation.This is likely to happen when resetting the environment without a teleop device.The robot won't be at its rest position at the start of the next episode.
INFO 2026-05-11 15:08:18 t_record.py:383 No policy or teleoperator provided, skipping action generation.This is likely to happen when resetting the environment without a teleop device.The robot won't be at its rest position at the start of the next episode.
INFO 2026-05-11 15:08:18 t_record.py:383 No policy or teleoperator provided, skipping action generation.This is likely to happen when resetting the environment without a teleop device.The robot won't be at its rest position at the start of the next episode.
INFO 2026-05-11 15:08:18 t_record.py:383 No policy or teleoperator provided, skipping action generation.This is likely to happen when resetting the environment without a teleop device.The robot won't be at its rest position at the start of the next episode.
INFO 2026-05-11 15:08:18 t_record.py:383 No policy or teleoperator provided, skipping action generation.This is likely to happen when resetting the environment without a teleop device.The robot won't be at its rest position at the start of the next episode.
INFO 2026-05-11 15:08:18 t_record.py:383 No policy or teleoperator provided, skipping action generation.This is likely to happen when resetting the environment without a teleop device.The robot won't be at its rest position at the start of the next episode.
INFO 2026-05-11 15:08:18 t_record.py:383 No policy or teleoperator provided, skipping action generation.This is likely to happen when resetting the environment without a teleop device.The robot won't be at its rest position at the start of the next episode.
INFO 2026-05-11 15:08:18 t_record.py:383 No policy or teleoperator provided, skipping action generation.This is likely to happen when resetting the environment without a teleop device.The robot won't be at its rest position at the start of the next episode.
INFO 2026-05-11 15:08:18 t_record.py:383 No policy or teleoperator provided, skipping action generation.This is likely to happen when resetting the environment without a teleop device.The robot won't be at its rest position at the start of the next episode.
INFO 2026-05-11 15:08:18 t_record.py:383 No policy or teleoperator provided, skipping action generation.This is likely to happen when resetting the environment without a teleop device.The robot won't be at its rest position at the start of the next episode.
INFO 2026-05-11 15:08:18 t_record.py:383 No policy or teleoperator provided, skipping action generation.This is likely to happen when resetting the environment without a teleop device.The robot won't be at its rest position at the start of the next episode.
INFO 2026-05-11 15:08:18 t_record.py:383 No policy or teleoperator provided, skipping action generation.This is likely to happen when resetting the environment without a teleop device.The robot won't be at its rest position at the start of the next episode.
INFO 2026-05-11 15:08:18 t_record.py:383 No policy or teleoperator provided, skipping action generation.This is likely to happen when resetting the environment without a teleop device.The robot won't be at its rest position at the start of the next episode.
INFO 2026-05-11 15:08:18 t_record.py:383 No policy or teleoperator provided, skipping action generation.This is likely to happen when resetting the environment without a teleop device.The robot won't be at its rest position at the start of the next episode.
INFO 2026-05-11 15:08:18 t_record.py:383 No policy or teleoperator provided, skipping action generation.This is likely to happen when resetting the environment without a teleop device.The robot won't be at its rest position at the start of the next episode.
INFO 2026-05-11 15:08:18 t_record.py:383 No policy or teleoperator provided, skipping action generation.This is likely to happen when resetting the environment without a teleop device.The robot won't be at its rest position at the start of the next episode.
INFO 2026-05-11 15:08:18 t_record.py:383 No policy or teleoperator provided, skipping action generation.This is likely to happen when resetting the environment without a teleop device.The robot won't be at its rest position at the start of the next episode.
INFO 2026-05-11 15:08:18 t_record.py:383 No policy or teleoperator provided, skipping action generation.This is likely to happen when resetting the environment without a teleop device.The robot won't be at its rest position at the start of the next episode.
INFO 2026-05-11 15:08:18 t_record.py:383 No policy or teleoperator provided, skipping action generation.This is likely to happen when resetting the environment without a teleop device.The robot won't be at its rest position at the start of the next episode.
INFO 2026-05-11 15:08:18 t_record.py:383 No policy or teleoperator provided, skipping action generation.This is likely to happen when resetting the environment without a teleop device.The robot won't be at its rest position at the start of the next episode.
INFO 2026-05-11 15:08:18 t_record.py:383 No policy or teleoperator provided, skipping action generation.This is likely to happen when resetting the environment without a teleop device.The robot won't be at its rest position at the start of the next episode.
INFO 2026-05-11 15:08:18 t_record.py:383 No policy or teleoperator provided, skipping action generation.This is likely to happen when resetting the environment without a teleop device.The robot won't be at its rest position at the start of the next episode.
INFO 2026-05-11 15:08:18 t_record.py:383 No policy or teleoperator provided, skipping action generation.This is likely to happen when resetting the environment without a teleop device.The robot won't be at its rest position at the start of the next episode.
INFO 2026-05-11 15:08:18 t_record.py:383 No policy or teleoperator provided, skipping action generation.This is likely to happen when resetting the environment without a teleop device.The robot won't be at its rest position at the start of the next episode.
INFO 2026-05-11 15:08:18 t_record.py:383 No policy or teleoperator provided, skipping action generation.This is likely to happen when resetting the environment without a teleop device.The robot won't be at its rest position at the start of the next episode.
INFO 2026-05-11 15:08:18 t_record.py:383 No policy or teleoperator provided, skipping action generation.This is likely to happen when resetting the environment without a teleop device.The robot won't be at its rest position at the start of the next episode.
INFO 2026-05-11 15:08:18 t_record.py:383 No policy or teleoperator provided, skipping action generation.This is likely to happen when resetting the environment without a teleop device.The robot won't be at its rest position at the start of the next episode.
INFO 2026-05-11 15:08:18 t_record.py:383 No policy or teleoperator provided, skipping action generation.This is likely to happen when resetting the environment without a teleop device.The robot won't be at its rest position at the start of the next episode.
INFO 2026-05-11 15:08:18 t_record.py:383 No policy or teleoperator provided, skipping action generation.This is likely to happen when resetting the environment without a teleop device.The robot won't be at its rest position at the start of the next episode.
INFO 2026-05-11 15:08:18 t_record.py:383 No policy or teleoperator provided, skipping action generation.This is likely to happen when resetting the environment without a teleop device.The robot won't be at its rest position at the start of the next episode.
INFO 2026-05-11 15:08:18 t_record.py:383 No policy or teleoperator provided, skipping action generation.This is likely to happen when resetting the environment without a teleop device.The robot won't be at its rest position at the start of the next episode.
INFO 2026-05-11 15:08:18 t_record.py:383 No policy or teleoperator provided, skipping action generation.This is likely to happen when resetting the environment without a teleop device.The robot won't be at its rest position at the start of the next episode.
INFO 2026-05-11 15:08:18 t_record.py:383 No policy or teleoperator provided, skipping action generation.This is likely to happen when resetting the environment without a teleop device.The robot won't be at its rest position at the start of the next episode.
INFO 2026-05-11 15:08:18 t_record.py:383 No policy or teleoperator provided, skipping action generation.This is likely to happen when resetting the environment without a teleop device.The robot won't be at its rest position at the start of the next episode.
INFO 2026-05-11 15:08:18 t_record.py:383 No policy or teleoperator provided, skipping action generation.This is likely to happen when resetting the environment without a teleop device.The robot won't be at its rest position at the start of the next episode.
INFO 2026-05-11 15:08:18 t_record.py:383 No policy or teleoperator provided, skipping action generation.This is likely to happen when resetting the environment without a teleop device.The robot won't be at its rest position at the start of the next episode.
INFO 2026-05-11 15:08:18 t_record.py:383 No policy or teleoperator provided, skipping action generation.This is likely to happen when resetting the environment without a teleop device.The robot won't be at its rest position at the start of the next episode.
INFO 2026-05-11 15:08:18 t_record.py:383 No policy or teleoperator provided, skipping action generation.This is likely to happen when resetting the environment without a teleop device.The robot won't be at its rest position at the start of the next episode.
INFO 2026-05-11 15:08:18 t_record.py:383 No policy or teleoperator provided, skipping action generation.This is likely to happen when resetting the environment without a teleop device.The robot won't be at its rest position at the start of the next episode.
INFO 2026-05-11 15:08:18 t_record.py:383 No policy or teleoperator provided, skipping action generation.This is likely to happen when resetting the environment without a teleop device.The robot won't be at its rest position at the start of the next episode.
INFO 2026-05-11 15:08:18 t_record.py:383 No policy or teleoperator provided, skipping action generation.This is likely to happen when resetting the environment without a teleop device.The robot won't be at its rest position at the start of the next episode.
INFO 2026-05-11 15:08:18 t_record.py:383 No policy or teleoperator provided, skipping action generation.This is likely to happen when resetting the environment without a teleop device.The robot won't be at its rest position at the start of the next episode.
INFO 2026-05-11 15:08:18 t_record.py:383 No policy or teleoperator provided, skipping action generation.This is likely to happen when resetting the environment without a teleop device.The robot won't be at its rest position at the start of the next episode.
INFO 2026-05-11 15:08:18 t_record.py:383 No policy or teleoperator provided, skipping action generation.This is likely to happen when resetting the environment without a teleop device.The robot won't be at its rest position at the start of the next episode.
INFO 2026-05-11 15:08:18 t_record.py:383 No policy or teleoperator provided, skipping action generation.This is likely to happen when resetting the environment without a teleop device.The robot won't be at its rest position at the start of the next episode.
INFO 2026-05-11 15:08:18 t_record.py:383 No policy or teleoperator provided, skipping action generation.This is likely to happen when resetting the environment without a teleop device.The robot won't be at its rest position at the start of the next episode.
INFO 2026-05-11 15:08:18 t_record.py:383 No policy or teleoperator provided, skipping action generation.This is likely to happen when resetting the environment without a teleop device.The robot won't be at its rest position at the start of the next episode.
INFO 2026-05-11 15:08:18 t_record.py:383 No policy or teleoperator provided, skipping action generation.This is likely to happen when resetting the environment without a teleop device.The robot won't be at its rest position at the start of the next episode.
INFO 2026-05-11 15:08:18 t_record.py:383 No policy or teleoperator provided, skipping action generation.This is likely to happen when resetting the environment without a teleop device.The robot won't be at its rest position at the start of the next episode.
INFO 2026-05-11 15:08:18 t_record.py:383 No policy or teleoperator provided, skipping action generation.This is likely to happen when resetting the environment without a teleop device.The robot won't be at its rest position at the start of the next episode.
INFO 2026-05-11 15:08:18 t_record.py:383 No policy or teleoperator provided, skipping action generation.This is likely to happen when resetting the environment without a teleop device.The robot won't be at its rest position at the start of the next episode.
INFO 2026-05-11 15:08:18 t_record.py:383 No policy or teleoperator provided, skipping action generation.This is likely to happen when resetting the environment without a teleop device.The robot won't be at its rest position at the start of the next episode.
INFO 2026-05-11 15:08:18 t_record.py:383 No policy or teleoperator provided, skipping action generation.This is likely to happen when resetting the environment without a teleop device.The robot won't be at its rest position at the start of the next episode.
INFO 2026-05-11 15:08:18 t_record.py:383 No policy or teleoperator provided, skipping action generation.This is likely to happen when resetting the environment without a teleop device.The robot won't be at its rest position at the start of the next episode.
INFO 2026-05-11 15:08:18 t_record.py:383 No policy or teleoperator provided, skipping action generation.This is likely to happen when resetting the environment without a teleop device.The robot won't be at its rest position at the start of the next episode.
INFO 2026-05-11 15:08:18 t_record.py:383 No policy or teleoperator provided, skipping action generation.This is likely to happen when resetting the environment without a teleop device.The robot won't be at its rest position at the start of the next episode.
INFO 2026-05-11 15:08:18 t_record.py:383 No policy or teleoperator provided, skipping action generation.This is likely to happen when resetting the environment without a teleop device.The robot won't be at its rest position at the start of the next episode.
INFO 2026-05-11 15:08:18 t_record.py:383 No policy or teleoperator provided, skipping action generation.This is likely to happen when resetting the environment without a teleop device.The robot won't be at its rest position at the start of the next episode.
INFO 2026-05-11 15:08:18 t_record.py:383 No policy or teleoperator provided, skipping action generation.This is likely to happen when resetting the environment without a teleop device.The robot won't be at its rest position at the start of the next episode.
INFO 2026-05-11 15:08:18 t_record.py:383 No policy or teleoperator provided, skipping action generation.This is likely to happen when resetting the environment without a teleop device.The robot won't be at its rest position at the start of the next episode.
INFO 2026-05-11 15:08:18 t_record.py:383 No policy or teleoperator provided, skipping action generation.This is likely to happen when resetting the environment without a teleop device.The robot won't be at its rest position at the start of the next episode.
INFO 2026-05-11 15:08:18 t_record.py:383 No policy or teleoperator provided, skipping action generation.This is likely to happen when resetting the environment without a teleop device.The robot won't be at its rest position at the start of the next episode.
INFO 2026-05-11 15:08:18 t_record.py:383 No policy or teleoperator provided, skipping action generation.This is likely to happen when resetting the environment without a teleop device.The robot won't be at its rest position at the start of the next episode.
INFO 2026-05-11 15:08:18 t_record.py:383 No policy or teleoperator provided, skipping action generation.This is likely to happen when resetting the environment without a teleop device.The robot won't be at its rest position at the start of the next episode.
INFO 2026-05-11 15:08:18 t_record.py:383 No policy or teleoperator provided, skipping action generation.This is likely to happen when resetting the environment without a teleop device.The robot won't be at its rest position at the start of the next episode.
INFO 2026-05-11 15:08:18 t_record.py:383 No policy or teleoperator provided, skipping action generation.This is likely to happen when resetting the environment without a teleop device.The robot won't be at its rest position at the start of the next episode.
INFO 2026-05-11 15:08:18 t_record.py:383 No policy or teleoperator provided, skipping action generation.This is likely to happen when resetting the environment without a teleop device.The robot won't be at its rest position at the start of the next episode.
INFO 2026-05-11 15:08:18 t_record.py:383 No policy or teleoperator provided, skipping action generation.This is likely to happen when resetting the environment without a teleop device.The robot won't be at its rest position at the start of the next episode.
INFO 2026-05-11 15:08:18 t_record.py:383 No policy or teleoperator provided, skipping action generation.This is likely to happen when resetting the environment without a teleop device.The robot won't be at its rest position at the start of the next episode.
INFO 2026-05-11 15:08:18 t_record.py:383 No policy or teleoperator provided, skipping action generation.This is likely to happen when resetting the environment without a teleop device.The robot won't be at its rest position at the start of the next episode.
INFO 2026-05-11 15:08:18 t_record.py:383 No policy or teleoperator provided, skipping action generation.This is likely to happen when resetting the environment without a teleop device.The robot won't be at its rest position at the start of the next episode.
INFO 2026-05-11 15:08:18 t_record.py:383 No policy or teleoperator provided, skipping action generation.This is likely to happen when resetting the environment without a teleop device.The robot won't be at its rest position at the start of the next episode.
INFO 2026-05-11 15:08:18 t_record.py:383 No policy or teleoperator provided, skipping action generation.This is likely to happen when resetting the environment without a teleop device.The robot won't be at its rest position at the start of the next episode.
INFO 2026-05-11 15:08:18 t_record.py:383 No policy or teleoperator provided, skipping action generation.This is likely to happen when resetting the environment without a teleop device.The robot won't be at its rest position at the start of the next episode.
INFO 2026-05-11 15:08:18 t_record.py:383 No policy or teleoperator provided, skipping action generation.This is likely to happen when resetting the environment without a teleop device.The robot won't be at its rest position at the start of the next episode.
INFO 2026-05-11 15:08:18 t_record.py:383 No policy or teleoperator provided, skipping action generation.This is likely to happen when resetting the environment without a teleop device.The robot won't be at its rest position at the start of the next episode.
INFO 2026-05-11 15:08:18 t_record.py:383 No policy or teleoperator provided, skipping action generation.This is likely to happen when resetting the environment without a teleop device.The robot won't be at its rest position at the start of the next episode.
INFO 2026-05-11 15:08:18 t_record.py:383 No policy or teleoperator provided, skipping action generation.This is likely to happen when resetting the environment without a teleop device.The robot won't be at its rest position at the start of the next episode.
INFO 2026-05-11 15:08:18 t_record.py:383 No policy or teleoperator provided, skipping action generation.This is likely to happen when resetting the environment without a teleop device.The robot won't be at its rest position at the start of the next episode.
INFO 2026-05-11 15:08:18 t_record.py:383 No policy or teleoperator provided, skipping action generation.This is likely to happen when resetting the environment without a teleop device.The robot won't be at its rest position at the start of the next episode.
INFO 2026-05-11 15:08:18 t_record.py:383 No policy or teleoperator provided, skipping action generation.This is likely to happen when resetting the environment without a teleop device.The robot won't be at its rest position at the start of the next episode.
INFO 2026-05-11 15:08:18 t_record.py:383 No policy or teleoperator provided, skipping action generation.This is likely to happen when resetting the environment without a teleop device.The robot won't be at its rest position at the start of the next episode.
INFO 2026-05-11 15:08:18 t_record.py:383 No policy or teleoperator provided, skipping action generation.This is likely to happen when resetting the environment without a teleop device.The robot won't be at its rest position at the start of the next episode.
INFO 2026-05-11 15:08:18 t_record.py:383 No policy or teleoperator provided, skipping action generation.This is likely to happen when resetting the environment without a teleop device.The robot won't be at its rest position at the start of the next episode.
INFO 2026-05-11 15:08:18 t_record.py:383 No policy or teleoperator provided, skipping action generation.This is likely to happen when resetting the environment without a teleop device.The robot won't be at its rest position at the start of the next episode.
INFO 2026-05-11 15:08:18 t_record.py:383 No policy or teleoperator provided, skipping action generation.This is likely to happen when resetting the environment without a teleop device.The robot won't be at its rest position at the start of the next episode.
INFO 2026-05-11 15:08:18 t_record.py:383 No policy or teleoperator provided, skipping action generation.This is likely to happen when resetting the environment without a teleop device.The robot won't be at its rest position at the start of the next episode.
INFO 2026-05-11 15:08:18 t_record.py:383 No policy or teleoperator provided, skipping action generation.This is likely to happen when resetting the environment without a teleop device.The robot won't be at its rest position at the start of the next episode.
INFO 2026-05-11 15:08:18 t_record.py:383 No policy or teleoperator provided, skipping action generation.This is likely to happen when resetting the environment without a teleop device.The robot won't be at its rest position at the start of the next episode.
INFO 2026-05-11 15:08:18 t_record.py:383 No policy or teleoperator provided, skipping action generation.This is likely to happen when resetting the environment without a teleop device.The robot won't be at its rest position at the start of the next episode.
INFO 2026-05-11 15:08:18 t_record.py:383 No policy or teleoperator provided, skipping action generation.This is likely to happen when resetting the environment without a teleop device.The robot won't be at its rest position at the start of the next episode.
INFO 2026-05-11 15:08:18 t_record.py:383 No policy or teleoperator provided, skipping action generation.This is likely to happen when resetting the environment without a teleop device.The robot won't be at its rest position at the start of the next episode.
INFO 2026-05-11 15:08:18 t_record.py:383 No policy or teleoperator provided, skipping action generation.This is likely to happen when resetting the environment without a teleop device.The robot won't be at its rest position at the start of the next episode.
INFO 2026-05-11 15:08:18 t_record.py:383 No policy or teleoperator provided, skipping action generation.This is likely to happen when resetting the environment without a teleop device.The robot won't be at its rest position at the start of the next episode.
INFO 2026-05-11 15:08:18 t_record.py:383 No policy or teleoperator provided, skipping action generation.This is likely to happen when resetting the environment without a teleop device.The robot won't be at its rest position at the start of the next episode.
INFO 2026-05-11 15:08:18 t_record.py:383 No policy or teleoperator provided, skipping action generation.This is likely to happen when resetting the environment without a teleop device.The robot won't be at its rest position at the start of the next episode.
INFO 2026-05-11 15:08:18 t_record.py:383 No policy or teleoperator provided, skipping action generation.This is likely to happen when resetting the environment without a teleop device.The robot won't be at its rest position at the start of the next episode.
INFO 2026-05-11 15:08:18 t_record.py:383 No policy or teleoperator provided, skipping action generation.This is likely to happen when resetting the environment without a teleop device.The robot won't be at its rest position at the start of the next episode.
INFO 2026-05-11 15:08:18 t_record.py:383 No policy or teleoperator provided, skipping action generation.This is likely to happen when resetting the environment without a teleop device.The robot won't be at its rest position at the start of the next episode.
INFO 2026-05-11 15:08:18 t_record.py:383 No policy or teleoperator provided, skipping action generation.This is likely to happen when resetting the environment without a teleop device.The robot won't be at its rest position at the start of the next episode.
INFO 2026-05-11 15:08:18 t_record.py:383 No policy or teleoperator provided, skipping action generation.This is likely to happen when resetting the environment without a teleop device.The robot won't be at its rest position at the start of the next episode.
INFO 2026-05-11 15:08:18 t_record.py:383 No policy or teleoperator provided, skipping action generation.This is likely to happen when resetting the environment without a teleop device.The robot won't be at its rest position at the start of the next episode.
INFO 2026-05-11 15:08:18 t_record.py:383 No policy or teleoperator provided, skipping action generation.This is likely to happen when resetting the environment without a teleop device.The robot won't be at its rest position at the start of the next episode.
INFO 2026-05-11 15:08:18 t_record.py:383 No policy or teleoperator provided, skipping action generation.This is likely to happen when resetting the environment without a teleop device.The robot won't be at its rest position at the start of the next episode.
INFO 2026-05-11 15:08:18 t_record.py:383 No policy or teleoperator provided, skipping action generation.This is likely to happen when resetting the environment without a teleop device.The robot won't be at its rest position at the start of the next episode.
INFO 2026-05-11 15:08:18 t_record.py:383 No policy or teleoperator provided, skipping action generation.This is likely to happen when resetting the environment without a teleop device.The robot won't be at its rest position at the start of the next episode.
INFO 2026-05-11 15:08:18 t_record.py:383 No policy or teleoperator provided, skipping action generation.This is likely to happen when resetting the environment without a teleop device.The robot won't be at its rest position at the start of the next episode.
INFO 2026-05-11 15:08:18 t_record.py:383 No policy or teleoperator provided, skipping action generation.This is likely to happen when resetting the environment without a teleop device.The robot won't be at its rest position at the start of the next episode.
INFO 2026-05-11 15:08:18 t_record.py:383 No policy or teleoperator provided, skipping action generation.This is likely to happen when resetting the environment without a teleop device.The robot won't be at its rest position at the start of the next episode.
INFO 2026-05-11 15:08:18 t_record.py:383 No policy or teleoperator provided, skipping action generation.This is likely to happen when resetting the environment without a teleop device.The robot won't be at its rest position at the start of the next episode.
INFO 2026-05-11 15:08:18 t_record.py:383 No policy or teleoperator provided, skipping action generation.This is likely to happen when resetting the environment without a teleop device.The robot won't be at its rest position at the start of the next episode.
INFO 2026-05-11 15:08:18 t_record.py:383 No policy or teleoperator provided, skipping action generation.This is likely to happen when resetting the environment without a teleop device.The robot won't be at its rest position at the start of the next episode.
INFO 2026-05-11 15:08:18 t_record.py:383 No policy or teleoperator provided, skipping action generation.This is likely to happen when resetting the environment without a teleop device.The robot won't be at its rest position at the start of the next episode.
INFO 2026-05-11 15:08:18 t_record.py:383 No policy or teleoperator provided, skipping action generation.This is likely to happen when resetting the environment without a teleop device.The robot won't be at its rest position at the start of the next episode.
INFO 2026-05-11 15:08:18 t_record.py:383 No policy or teleoperator provided, skipping action generation.This is likely to happen when resetting the environment without a teleop device.The robot won't be at its rest position at the start of the next episode.
INFO 2026-05-11 15:08:18 t_record.py:383 No policy or teleoperator provided, skipping action generation.This is likely to happen when resetting the environment without a teleop device.The robot won't be at its rest position at the start of the next episode.
INFO 2026-05-11 15:08:18 t_record.py:383 No policy or teleoperator provided, skipping action generation.This is likely to happen when resetting the environment without a teleop device.The robot won't be at its rest position at the start of the next episode.
INFO 2026-05-11 15:08:18 t_record.py:383 No policy or teleoperator provided, skipping action generation.This is likely to happen when resetting the environment without a teleop device.The robot won't be at its rest position at the start of the next episode.
INFO 2026-05-11 15:08:18 t_record.py:383 No policy or teleoperator provided, skipping action generation.This is likely to happen when resetting the environment without a teleop device.The robot won't be at its rest position at the start of the next episode.
INFO 2026-05-11 15:08:18 t_record.py:383 No policy or teleoperator provided, skipping action generation.This is likely to happen when resetting the environment without a teleop device.The robot won't be at its rest position at the start of the next episode.
INFO 2026-05-11 15:08:18 t_record.py:383 No policy or teleoperator provided, skipping action generation.This is likely to happen when resetting the environment without a teleop device.The robot won't be at its rest position at the start of the next episode.
INFO 2026-05-11 15:08:18 t_record.py:383 No policy or teleoperator provided, skipping action generation.This is likely to happen when resetting the environment without a teleop device.The robot won't be at its rest position at the start of the next episode.
INFO 2026-05-11 15:08:18 t_record.py:383 No policy or teleoperator provided, skipping action generation.This is likely to happen when resetting the environment without a teleop device.The robot won't be at its rest position at the start of the next episode.
INFO 2026-05-11 15:08:18 t_record.py:383 No policy or teleoperator provided, skipping action generation.This is likely to happen when resetting the environment without a teleop device.The robot won't be at its rest position at the start of the next episode.
INFO 2026-05-11 15:08:18 t_record.py:383 No policy or teleoperator provided, skipping action generation.This is likely to happen when resetting the environment without a teleop device.The robot won't be at its rest position at the start of the next episode.
INFO 2026-05-11 15:08:18 t_record.py:383 No policy or teleoperator provided, skipping action generation.This is likely to happen when resetting the environment without a teleop device.The robot won't be at its rest position at the start of the next episode.
INFO 2026-05-11 15:08:18 t_record.py:383 No policy or teleoperator provided, skipping action generation.This is likely to happen when resetting the environment without a teleop device.The robot won't be at its rest position at the start of the next episode.
INFO 2026-05-11 15:08:18 t_record.py:383 No policy or teleoperator provided, skipping action generation.This is likely to happen when resetting the environment without a teleop device.The robot won't be at its rest position at the start of the next episode.
INFO 2026-05-11 15:08:18 t_record.py:383 No policy or teleoperator provided, skipping action generation.This is likely to happen when resetting the environment without a teleop device.The robot won't be at its rest position at the start of the next episode.
INFO 2026-05-11 15:08:18 t_record.py:383 No policy or teleoperator provided, skipping action generation.This is likely to happen when resetting the environment without a teleop device.The robot won't be at its rest position at the start of the next episode.
INFO 2026-05-11 15:08:18 t_record.py:383 No policy or teleoperator provided, skipping action generation.This is likely to happen when resetting the environment without a teleop device.The robot won't be at its rest position at the start of the next episode.
INFO 2026-05-11 15:08:18 t_record.py:383 No policy or teleoperator provided, skipping action generation.This is likely to happen when resetting the environment without a teleop device.The robot won't be at its rest position at the start of the next episode.
INFO 2026-05-11 15:08:18 t_record.py:383 No policy or teleoperator provided, skipping action generation.This is likely to happen when resetting the environment without a teleop device.The robot won't be at its rest position at the start of the next episode.
INFO 2026-05-11 15:08:18 t_record.py:383 No policy or teleoperator provided, skipping action generation.This is likely to happen when resetting the environment without a teleop device.The robot won't be at its rest position at the start of the next episode.
INFO 2026-05-11 15:08:18 t_record.py:383 No policy or teleoperator provided, skipping action generation.This is likely to happen when resetting the environment without a teleop device.The robot won't be at its rest position at the start of the next episode.
INFO 2026-05-11 15:08:18 t_record.py:383 No policy or teleoperator provided, skipping action generation.This is likely to happen when resetting the environment without a teleop device.The robot won't be at its rest position at the start of the next episode.
INFO 2026-05-11 15:08:18 t_record.py:383 No policy or teleoperator provided, skipping action generation.This is likely to happen when resetting the environment without a teleop device.The robot won't be at its rest position at the start of the next episode.
INFO 2026-05-11 15:08:18 t_record.py:383 No policy or teleoperator provided, skipping action generation.This is likely to happen when resetting the environment without a teleop device.The robot won't be at its rest position at the start of the next episode.
INFO 2026-05-11 15:08:18 t_record.py:383 No policy or teleoperator provided, skipping action generation.This is likely to happen when resetting the environment without a teleop device.The robot won't be at its rest position at the start of the next episode.
INFO 2026-05-11 15:08:18 t_record.py:383 No policy or teleoperator provided, skipping action generation.This is likely to happen when resetting the environment without a teleop device.The robot won't be at its rest position at the start of the next episode.
INFO 2026-05-11 15:08:18 t_record.py:383 No policy or teleoperator provided, skipping action generation.This is likely to happen when resetting the environment without a teleop device.The robot won't be at its rest position at the start of the next episode.
INFO 2026-05-11 15:08:18 t_record.py:383 No policy or teleoperator provided, skipping action generation.This is likely to happen when resetting the environment without a teleop device.The robot won't be at its rest position at the start of the next episode.
INFO 2026-05-11 15:08:18 t_record.py:383 No policy or teleoperator provided, skipping action generation.This is likely to happen when resetting the environment without a teleop device.The robot won't be at its rest position at the start of the next episode.
INFO 2026-05-11 15:08:18 t_record.py:383 No policy or teleoperator provided, skipping action generation.This is likely to happen when resetting the environment without a teleop device.The robot won't be at its rest position at the start of the next episode.
INFO 2026-05-11 15:08:18 t_record.py:383 No policy or teleoperator provided, skipping action generation.This is likely to happen when resetting the environment without a teleop device.The robot won't be at its rest position at the start of the next episode.
INFO 2026-05-11 15:08:18 t_record.py:383 No policy or teleoperator provided, skipping action generation.This is likely to happen when resetting the environment without a teleop device.The robot won't be at its rest position at the start of the next episode.
INFO 2026-05-11 15:08:18 t_record.py:383 No policy or teleoperator provided, skipping action generation.This is likely to happen when resetting the environment without a teleop device.The robot won't be at its rest position at the start of the next episode.
INFO 2026-05-11 15:08:18 t_record.py:383 No policy or teleoperator provided, skipping action generation.This is likely to happen when resetting the environment without a teleop device.The robot won't be at its rest position at the start of the next episode.
INFO 2026-05-11 15:08:18 t_record.py:383 No policy or teleoperator provided, skipping action generation.This is likely to happen when resetting the environment without a teleop device.The robot won't be at its rest position at the start of the next episode.
INFO 2026-05-11 15:08:18 t_record.py:383 No policy or teleoperator provided, skipping action generation.This is likely to happen when resetting the environment without a teleop device.The robot won't be at its rest position at the start of the next episode.
INFO 2026-05-11 15:08:18 t_record.py:383 No policy or teleoperator provided, skipping action generation.This is likely to happen when resetting the environment without a teleop device.The robot won't be at its rest position at the start of the next episode.
INFO 2026-05-11 15:08:18 t_record.py:383 No policy or teleoperator provided, skipping action generation.This is likely to happen when resetting the environment without a teleop device.The robot won't be at its rest position at the start of the next episode.
INFO 2026-05-11 15:08:18 t_record.py:383 No policy or teleoperator provided, skipping action generation.This is likely to happen when resetting the environment without a teleop device.The robot won't be at its rest position at the start of the next episode.
INFO 2026-05-11 15:08:18 t_record.py:383 No policy or teleoperator provided, skipping action generation.This is likely to happen when resetting the environment without a teleop device.The robot won't be at its rest position at the start of the next episode.
INFO 2026-05-11 15:08:18 t_record.py:383 No policy or teleoperator provided, skipping action generation.This is likely to happen when resetting the environment without a teleop device.The robot won't be at its rest position at the start of the next episode.
INFO 2026-05-11 15:08:18 t_record.py:383 No policy or teleoperator provided, skipping action generation.This is likely to happen when resetting the environment without a teleop device.The robot won't be at its rest position at the start of the next episode.
INFO 2026-05-11 15:08:18 t_record.py:383 No policy or teleoperator provided, skipping action generation.This is likely to happen when resetting the environment without a teleop device.The robot won't be at its rest position at the start of the next episode.
INFO 2026-05-11 15:08:18 t_record.py:383 No policy or teleoperator provided, skipping action generation.This is likely to happen when resetting the environment without a teleop device.The robot won't be at its rest position at the start of the next episode.
INFO 2026-05-11 15:08:18 t_record.py:383 No policy or teleoperator provided, skipping action generation.This is likely to happen when resetting the environment without a teleop device.The robot won't be at its rest position at the start of the next episode.
INFO 2026-05-11 15:08:18 t_record.py:383 No policy or teleoperator provided, skipping action generation.This is likely to happen when resetting the environment without a teleop device.The robot won't be at its rest position at the start of the next episode.
INFO 2026-05-11 15:08:18 t_record.py:383 No policy or teleoperator provided, skipping action generation.This is likely to happen when resetting the environment without a teleop device.The robot won't be at its rest position at the start of the next episode.
INFO 2026-05-11 15:08:18 t_record.py:383 No policy or teleoperator provided, skipping action generation.This is likely to happen when resetting the environment without a teleop device.The robot won't be at its rest position at the start of the next episode.
INFO 2026-05-11 15:08:18 t_record.py:383 No policy or teleoperator provided, skipping action generation.This is likely to happen when resetting the environment without a teleop device.The robot won't be at its rest position at the start of the next episode.
INFO 2026-05-11 15:08:18 t_record.py:383 No policy or teleoperator provided, skipping action generation.This is likely to happen when resetting the environment without a teleop device.The robot won't be at its rest position at the start of the next episode.
INFO 2026-05-11 15:08:18 t_record.py:383 No policy or teleoperator provided, skipping action generation.This is likely to happen when resetting the environment without a teleop device.The robot won't be at its rest position at the start of the next episode.
INFO 2026-05-11 15:08:18 t_record.py:383 No policy or teleoperator provided, skipping action generation.This is likely to happen when resetting the environment without a teleop device.The robot won't be at its rest position at the start of the next episode.
INFO 2026-05-11 15:08:18 t_record.py:383 No policy or teleoperator provided, skipping action generation.This is likely to happen when resetting the environment without a teleop device.The robot won't be at its rest position at the start of the next episode.
INFO 2026-05-11 15:08:18 t_record.py:383 No policy or teleoperator provided, skipping action generation.This is likely to happen when resetting the environment without a teleop device.The robot won't be at its rest position at the start of the next episode.
INFO 2026-05-11 15:08:18 t_record.py:383 No policy or teleoperator provided, skipping action generation.This is likely to happen when resetting the environment without a teleop device.The robot won't be at its rest position at the start of the next episode.
INFO 2026-05-11 15:08:18 t_record.py:383 No policy or teleoperator provided, skipping action generation.This is likely to happen when resetting the environment without a teleop device.The robot won't be at its rest position at the start of the next episode.
INFO 2026-05-11 15:08:18 t_record.py:383 No policy or teleoperator provided, skipping action generation.This is likely to happen when resetting the environment without a teleop device.The robot won't be at its rest position at the start of the next episode.
INFO 2026-05-11 15:08:18 t_record.py:383 No policy or teleoperator provided, skipping action generation.This is likely to happen when resetting the environment without a teleop device.The robot won't be at its rest position at the start of the next episode.
INFO 2026-05-11 15:08:18 t_record.py:383 No policy or teleoperator provided, skipping action generation.This is likely to happen when resetting the environment without a teleop device.The robot won't be at its rest position at the start of the next episode.
INFO 2026-05-11 15:08:18 t_record.py:383 No policy or teleoperator provided, skipping action generation.This is likely to happen when resetting the environment without a teleop device.The robot won't be at its rest position at the start of the next episode.
INFO 2026-05-11 15:08:18 t_record.py:383 No policy or teleoperator provided, skipping action generation.This is likely to happen when resetting the environment without a teleop device.The robot won't be at its rest position at the start of the next episode.
INFO 2026-05-11 15:08:18 t_record.py:383 No policy or teleoperator provided, skipping action generation.This is likely to happen when resetting the environment without a teleop device.The robot won't be at its rest position at the start of the next episode.
INFO 2026-05-11 15:08:18 t_record.py:383 No policy or teleoperator provided, skipping action generation.This is likely to happen when resetting the environment without a teleop device.The robot won't be at its rest position at the start of the next episode.
INFO 2026-05-11 15:08:18 t_record.py:383 No policy or teleoperator provided, skipping action generation.This is likely to happen when resetting the environment without a teleop device.The robot won't be at its rest position at the start of the next episode.
INFO 2026-05-11 15:08:18 t_record.py:383 No policy or teleoperator provided, skipping action generation.This is likely to happen when resetting the environment without a teleop device.The robot won't be at its rest position at the start of the next episode.
INFO 2026-05-11 15:08:18 t_record.py:383 No policy or teleoperator provided, skipping action generation.This is likely to happen when resetting the environment without a teleop device.The robot won't be at its rest position at the start of the next episode.
INFO 2026-05-11 15:08:18 t_record.py:383 No policy or teleoperator provided, skipping action generation.This is likely to happen when resetting the environment without a teleop device.The robot won't be at its rest position at the start of the next episode.
INFO 2026-05-11 15:08:18 t_record.py:383 No policy or teleoperator provided, skipping action generation.This is likely to happen when resetting the environment without a teleop device.The robot won't be at its rest position at the start of the next episode.
INFO 2026-05-11 15:08:18 t_record.py:383 No policy or teleoperator provided, skipping action generation.This is likely to happen when resetting the environment without a teleop device.The robot won't be at its rest position at the start of the next episode.
INFO 2026-05-11 15:08:18 t_record.py:383 No policy or teleoperator provided, skipping action generation.This is likely to happen when resetting the environment without a teleop device.The robot won't be at its rest position at the start of the next episode.
INFO 2026-05-11 15:08:18 t_record.py:383 No policy or teleoperator provided, skipping action generation.This is likely to happen when resetting the environment without a teleop device.The robot won't be at its rest position at the start of the next episode.
INFO 2026-05-11 15:08:18 t_record.py:383 No policy or teleoperator provided, skipping action generation.This is likely to happen when resetting the environment without a teleop device.The robot won't be at its rest position at the start of the next episode.
INFO 2026-05-11 15:08:18 t_record.py:383 No policy or teleoperator provided, skipping action generation.This is likely to happen when resetting the environment without a teleop device.The robot won't be at its rest position at the start of the next episode.
INFO 2026-05-11 15:08:18 t_record.py:383 No policy or teleoperator provided, skipping action generation.This is likely to happen when resetting the environment without a teleop device.The robot won't be at its rest position at the start of the next episode.
INFO 2026-05-11 15:08:18 t_record.py:383 No policy or teleoperator provided, skipping action generation.This is likely to happen when resetting the environment without a teleop device.The robot won't be at its rest position at the start of the next episode.
INFO 2026-05-11 15:08:18 t_record.py:383 No policy or teleoperator provided, skipping action generation.This is likely to happen when resetting the environment without a teleop device.The robot won't be at its rest position at the start of the next episode.
INFO 2026-05-11 15:08:18 t_record.py:383 No policy or teleoperator provided, skipping action generation.This is likely to happen when resetting the environment without a teleop device.The robot won't be at its rest position at the start of the next episode.
INFO 2026-05-11 15:08:18 t_record.py:383 No policy or teleoperator provided, skipping action generation.This is likely to happen when resetting the environment without a teleop device.The robot won't be at its rest position at the start of the next episode.
INFO 2026-05-11 15:08:18 t_record.py:383 No policy or teleoperator provided, skipping action generation.This is likely to happen when resetting the environment without a teleop device.The robot won't be at its rest position at the start of the next episode.
INFO 2026-05-11 15:08:18 t_record.py:383 No policy or teleoperator provided, skipping action generation.This is likely to happen when resetting the environment without a teleop device.The robot won't be at its rest position at the start of the next episode.
INFO 2026-05-11 15:08:18 t_record.py:383 No policy or teleoperator provided, skipping action generation.This is likely to happen when resetting the environment without a teleop device.The robot won't be at its rest position at the start of the next episode.
INFO 2026-05-11 15:08:18 t_record.py:383 No policy or teleoperator provided, skipping action generation.This is likely to happen when resetting the environment without a teleop device.The robot won't be at its rest position at the start of the next episode.
INFO 2026-05-11 15:08:18 t_record.py:383 No policy or teleoperator provided, skipping action generation.This is likely to happen when resetting the environment without a teleop device.The robot won't be at its rest position at the start of the next episode.
INFO 2026-05-11 15:08:18 t_record.py:383 No policy or teleoperator provided, skipping action generation.This is likely to happen when resetting the environment without a teleop device.The robot won't be at its rest position at the start of the next episode.
INFO 2026-05-11 15:08:18 t_record.py:383 No policy or teleoperator provided, skipping action generation.This is likely to happen when resetting the environment without a teleop device.The robot won't be at its rest position at the start of the next episode.
INFO 2026-05-11 15:08:18 t_record.py:383 No policy or teleoperator provided, skipping action generation.This is likely to happen when resetting the environment without a teleop device.The robot won't be at its rest position at the start of the next episode.
INFO 2026-05-11 15:08:18 t_record.py:383 No policy or teleoperator provided, skipping action generation.This is likely to happen when resetting the environment without a teleop device.The robot won't be at its rest position at the start of the next episode.
INFO 2026-05-11 15:08:18 t_record.py:383 No policy or teleoperator provided, skipping action generation.This is likely to happen when resetting the environment without a teleop device.The robot won't be at its rest position at the start of the next episode.
INFO 2026-05-11 15:08:18 t_record.py:383 No policy or teleoperator provided, skipping action generation.This is likely to happen when resetting the environment without a teleop device.The robot won't be at its rest position at the start of the next episode.
INFO 2026-05-11 15:08:18 t_record.py:383 No policy or teleoperator provided, skipping action generation.This is likely to happen when resetting the environment without a teleop device.The robot won't be at its rest position at the start of the next episode.
INFO 2026-05-11 15:08:18 t_record.py:383 No policy or teleoperator provided, skipping action generation.This is likely to happen when resetting the environment without a teleop device.The robot won't be at its rest position at the start of the next episode.
INFO 2026-05-11 15:08:18 t_record.py:383 No policy or teleoperator provided, skipping action generation.This is likely to happen when resetting the environment without a teleop device.The robot won't be at its rest position at the start of the next episode.
INFO 2026-05-11 15:08:18 t_record.py:383 No policy or teleoperator provided, skipping action generation.This is likely to happen when resetting the environment without a teleop device.The robot won't be at its rest position at the start of the next episode.
INFO 2026-05-11 15:08:18 t_record.py:383 No policy or teleoperator provided, skipping action generation.This is likely to happen when resetting the environment without a teleop device.The robot won't be at its rest position at the start of the next episode.
INFO 2026-05-11 15:08:18 t_record.py:383 No policy or teleoperator provided, skipping action generation.This is likely to happen when resetting the environment without a teleop device.The robot won't be at its rest position at the start of the next episode.
INFO 2026-05-11 15:08:18 t_record.py:383 No policy or teleoperator provided, skipping action generation.This is likely to happen when resetting the environment without a teleop device.The robot won't be at its rest position at the start of the next episode.
INFO 2026-05-11 15:08:18 t_record.py:383 No policy or teleoperator provided, skipping action generation.This is likely to happen when resetting the environment without a teleop device.The robot won't be at its rest position at the start of the next episode.
INFO 2026-05-11 15:08:18 t_record.py:383 No policy or teleoperator provided, skipping action generation.This is likely to happen when resetting the environment without a teleop device.The robot won't be at its rest position at the start of the next episode.
INFO 2026-05-11 15:08:18 t_record.py:383 No policy or teleoperator provided, skipping action generation.This is likely to happen when resetting the environment without a teleop device.The robot won't be at its rest position at the start of the next episode.
INFO 2026-05-11 15:08:18 t_record.py:383 No policy or teleoperator provided, skipping action generation.This is likely to happen when resetting the environment without a teleop device.The robot won't be at its rest position at the start of the next episode.
INFO 2026-05-11 15:08:18 t_record.py:383 No policy or teleoperator provided, skipping action generation.This is likely to happen when resetting the environment without a teleop device.The robot won't be at its rest position at the start of the next episode.
INFO 2026-05-11 15:08:18 t_record.py:383 No policy or teleoperator provided, skipping action generation.This is likely to happen when resetting the environment without a teleop device.The robot won't be at its rest position at the start of the next episode.
INFO 2026-05-11 15:08:18 t_record.py:383 No policy or teleoperator provided, skipping action generation.This is likely to happen when resetting the environment without a teleop device.The robot won't be at its rest position at the start of the next episode.
INFO 2026-05-11 15:08:18 t_record.py:383 No policy or teleoperator provided, skipping action generation.This is likely to happen when resetting the environment without a teleop device.The robot won't be at its rest position at the start of the next episode.
INFO 2026-05-11 15:08:18 t_record.py:383 No policy or teleoperator provided, skipping action generation.This is likely to happen when resetting the environment without a teleop device.The robot won't be at its rest position at the start of the next episode.
INFO 2026-05-11 15:08:18 t_record.py:383 No policy or teleoperator provided, skipping action generation.This is likely to happen when resetting the environment without a teleop device.The robot won't be at its rest position at the start of the next episode.
INFO 2026-05-11 15:08:18 t_record.py:383 No policy or teleoperator provided, skipping action generation.This is likely to happen when resetting the environment without a teleop device.The robot won't be at its rest position at the start of the next episode.
INFO 2026-05-11 15:08:18 t_record.py:383 No policy or teleoperator provided, skipping action generation.This is likely to happen when resetting the environment without a teleop device.The robot won't be at its rest position at the start of the next episode.
INFO 2026-05-11 15:08:18 t_record.py:383 No policy or teleoperator provided, skipping action generation.This is likely to happen when resetting the environment without a teleop device.The robot won't be at its rest position at the start of the next episode.
INFO 2026-05-11 15:08:18 t_record.py:383 No policy or teleoperator provided, skipping action generation.This is likely to happen when resetting the environment without a teleop device.The robot won't be at its rest position at the start of the next episode.
INFO 2026-05-11 15:08:18 t_record.py:383 No policy or teleoperator provided, skipping action generation.This is likely to happen when resetting the environment without a teleop device.The robot won't be at its rest position at the start of the next episode.
INFO 2026-05-11 15:08:18 t_record.py:383 No policy or teleoperator provided, skipping action generation.This is likely to happen when resetting the environment without a teleop device.The robot won't be at its rest position at the start of the next episode.
INFO 2026-05-11 15:08:18 t_record.py:383 No policy or teleoperator provided, skipping action generation.This is likely to happen when resetting the environment without a teleop device.The robot won't be at its rest position at the start of the next episode.
INFO 2026-05-11 15:08:18 t_record.py:383 No policy or teleoperator provided, skipping action generation.This is likely to happen when resetting the environment without a teleop device.The robot won't be at its rest position at the start of the next episode.
INFO 2026-05-11 15:08:18 t_record.py:383 No policy or teleoperator provided, skipping action generation.This is likely to happen when resetting the environment without a teleop device.The robot won't be at its rest position at the start of the next episode.
INFO 2026-05-11 15:08:18 t_record.py:383 No policy or teleoperator provided, skipping action generation.This is likely to happen when resetting the environment without a teleop device.The robot won't be at its rest position at the start of the next episode.
INFO 2026-05-11 15:08:18 t_record.py:383 No policy or teleoperator provided, skipping action generation.This is likely to happen when resetting the environment without a teleop device.The robot won't be at its rest position at the start of the next episode.
INFO 2026-05-11 15:08:18 t_record.py:383 No policy or teleoperator provided, skipping action generation.This is likely to happen when resetting the environment without a teleop device.The robot won't be at its rest position at the start of the next episode.
INFO 2026-05-11 15:08:18 t_record.py:383 No policy or teleoperator provided, skipping action generation.This is likely to happen when resetting the environment without a teleop device.The robot won't be at its rest position at the start of the next episode.
INFO 2026-05-11 15:08:18 t_record.py:383 No policy or teleoperator provided, skipping action generation.This is likely to happen when resetting the environment without a teleop device.The robot won't be at its rest position at the start of the next episode.
INFO 2026-05-11 15:08:18 t_record.py:383 No policy or teleoperator provided, skipping action generation.This is likely to happen when resetting the environment without a teleop device.The robot won't be at its rest position at the start of the next episode.
INFO 2026-05-11 15:08:18 t_record.py:383 No policy or teleoperator provided, skipping action generation.This is likely to happen when resetting the environment without a teleop device.The robot won't be at its rest position at the start of the next episode.
INFO 2026-05-11 15:08:18 t_record.py:383 No policy or teleoperator provided, skipping action generation.This is likely to happen when resetting the environment without a teleop device.The robot won't be at its rest position at the start of the next episode.
INFO 2026-05-11 15:08:18 t_record.py:383 No policy or teleoperator provided, skipping action generation.This is likely to happen when resetting the environment without a teleop device.The robot won't be at its rest position at the start of the next episode.
INFO 2026-05-11 15:08:18 t_record.py:383 No policy or teleoperator provided, skipping action generation.This is likely to happen when resetting the environment without a teleop device.The robot won't be at its rest position at the start of the next episode.
INFO 2026-05-11 15:08:18 t_record.py:383 No policy or teleoperator provided, skipping action generation.This is likely to happen when resetting the environment without a teleop device.The robot won't be at its rest position at the start of the next episode.
INFO 2026-05-11 15:08:18 t_record.py:383 No policy or teleoperator provided, skipping action generation.This is likely to happen when resetting the environment without a teleop device.The robot won't be at its rest position at the start of the next episode.
INFO 2026-05-11 15:08:18 t_record.py:383 No policy or teleoperator provided, skipping action generation.This is likely to happen when resetting the environment without a teleop device.The robot won't be at its rest position at the start of the next episode.
INFO 2026-05-11 15:08:18 t_record.py:383 No policy or teleoperator provided, skipping action generation.This is likely to happen when resetting the environment without a teleop device.The robot won't be at its rest position at the start of the next episode.
INFO 2026-05-11 15:08:18 t_record.py:383 No policy or teleoperator provided, skipping action generation.This is likely to happen when resetting the environment without a teleop device.The robot won't be at its rest position at the start of the next episode.
INFO 2026-05-11 15:08:18 t_record.py:383 No policy or teleoperator provided, skipping action generation.This is likely to happen when resetting the environment without a teleop device.The robot won't be at its rest position at the start of the next episode.
INFO 2026-05-11 15:08:18 t_record.py:383 No policy or teleoperator provided, skipping action generation.This is likely to happen when resetting the environment without a teleop device.The robot won't be at its rest position at the start of the next episode.
INFO 2026-05-11 15:08:18 t_record.py:383 No policy or teleoperator provided, skipping action generation.This is likely to happen when resetting the environment without a teleop device.The robot won't be at its rest position at the start of the next episode.
INFO 2026-05-11 15:08:18 t_record.py:383 No policy or teleoperator provided, skipping action generation.This is likely to happen when resetting the environment without a teleop device.The robot won't be at its rest position at the start of the next episode.
INFO 2026-05-11 15:08:18 t_record.py:383 No policy or teleoperator provided, skipping action generation.This is likely to happen when resetting the environment without a teleop device.The robot won't be at its rest position at the start of the next episode.
INFO 2026-05-11 15:08:18 t_record.py:383 No policy or teleoperator provided, skipping action generation.This is likely to happen when resetting the environment without a teleop device.The robot won't be at its rest position at the start of the next episode.
INFO 2026-05-11 15:08:18 t_record.py:383 No policy or teleoperator provided, skipping action generation.This is likely to happen when resetting the environment without a teleop device.The robot won't be at its rest position at the start of the next episode.
INFO 2026-05-11 15:08:18 t_record.py:383 No policy or teleoperator provided, skipping action generation.This is likely to happen when resetting the environment without a teleop device.The robot won't be at its rest position at the start of the next episode.
INFO 2026-05-11 15:08:18 t_record.py:383 No policy or teleoperator provided, skipping action generation.This is likely to happen when resetting the environment without a teleop device.The robot won't be at its rest position at the start of the next episode.
INFO 2026-05-11 15:08:18 t_record.py:383 No policy or teleoperator provided, skipping action generation.This is likely to happen when resetting the environment without a teleop device.The robot won't be at its rest position at the start of the next episode.
INFO 2026-05-11 15:08:18 t_record.py:383 No policy or teleoperator provided, skipping action generation.This is likely to happen when resetting the environment without a teleop device.The robot won't be at its rest position at the start of the next episode.
INFO 2026-05-11 15:08:18 t_record.py:383 No policy or teleoperator provided, skipping action generation.This is likely to happen when resetting the environment without a teleop device.The robot won't be at its rest position at the start of the next episode.
INFO 2026-05-11 15:08:18 t_record.py:383 No policy or teleoperator provided, skipping action generation.This is likely to happen when resetting the environment without a teleop device.The robot won't be at its rest position at the start of the next episode.
INFO 2026-05-11 15:08:18 t_record.py:383 No policy or teleoperator provided, skipping action generation.This is likely to happen when resetting the environment without a teleop device.The robot won't be at its rest position at the start of the next episode.
INFO 2026-05-11 15:08:18 t_record.py:383 No policy or teleoperator provided, skipping action generation.This is likely to happen when resetting the environment without a teleop device.The robot won't be at its rest position at the start of the next episode.
INFO 2026-05-11 15:08:18 t_record.py:383 No policy or teleoperator provided, skipping action generation.This is likely to happen when resetting the environment without a teleop device.The robot won't be at its rest position at the start of the next episode.
INFO 2026-05-11 15:08:18 t_record.py:383 No policy or teleoperator provided, skipping action generation.This is likely to happen when resetting the environment without a teleop device.The robot won't be at its rest position at the start of the next episode.
INFO 2026-05-11 15:08:18 t_record.py:383 No policy or teleoperator provided, skipping action generation.This is likely to happen when resetting the environment without a teleop device.The robot won't be at its rest position at the start of the next episode.
INFO 2026-05-11 15:08:18 t_record.py:383 No policy or teleoperator provided, skipping action generation.This is likely to happen when resetting the environment without a teleop device.The robot won't be at its rest position at the start of the next episode.
INFO 2026-05-11 15:08:18 t_record.py:383 No policy or teleoperator provided, skipping action generation.This is likely to happen when resetting the environment without a teleop device.The robot won't be at its rest position at the start of the next episode.
INFO 2026-05-11 15:08:18 t_record.py:383 No policy or teleoperator provided, skipping action generation.This is likely to happen when resetting the environment without a teleop device.The robot won't be at its rest position at the start of the next episode.
INFO 2026-05-11 15:08:18 t_record.py:383 No policy or teleoperator provided, skipping action generation.This is likely to happen when resetting the environment without a teleop device.The robot won't be at its rest position at the start of the next episode.
INFO 2026-05-11 15:08:18 t_record.py:383 No policy or teleoperator provided, skipping action generation.This is likely to happen when resetting the environment without a teleop device.The robot won't be at its rest position at the start of the next episode.
INFO 2026-05-11 15:08:18 t_record.py:383 No policy or teleoperator provided, skipping action generation.This is likely to happen when resetting the environment without a teleop device.The robot won't be at its rest position at the start of the next episode.
INFO 2026-05-11 15:08:18 t_record.py:383 No policy or teleoperator provided, skipping action generation.This is likely to happen when resetting the environment without a teleop device.The robot won't be at its rest position at the start of the next episode.
INFO 2026-05-11 15:08:18 t_record.py:383 No policy or teleoperator provided, skipping action generation.This is likely to happen when resetting the environment without a teleop device.The robot won't be at its rest position at the start of the next episode.
INFO 2026-05-11 15:08:18 t_record.py:383 No policy or teleoperator provided, skipping action generation.This is likely to happen when resetting the environment without a teleop device.The robot won't be at its rest position at the start of the next episode.
INFO 2026-05-11 15:08:18 t_record.py:383 No policy or teleoperator provided, skipping action generation.This is likely to happen when resetting the environment without a teleop device.The robot won't be at its rest position at the start of the next episode.
INFO 2026-05-11 15:08:18 t_record.py:383 No policy or teleoperator provided, skipping action generation.This is likely to happen when resetting the environment without a teleop device.The robot won't be at its rest position at the start of the next episode.
INFO 2026-05-11 15:08:18 t_record.py:383 No policy or teleoperator provided, skipping action generation.This is likely to happen when resetting the environment without a teleop device.The robot won't be at its rest position at the start of the next episode.
INFO 2026-05-11 15:08:18 t_record.py:383 No policy or teleoperator provided, skipping action generation.This is likely to happen when resetting the environment without a teleop device.The robot won't be at its rest position at the start of the next episode.
INFO 2026-05-11 15:08:18 t_record.py:383 No policy or teleoperator provided, skipping action generation.This is likely to happen when resetting the environment without a teleop device.The robot won't be at its rest position at the start of the next episode.
INFO 2026-05-11 15:08:18 t_record.py:383 No policy or teleoperator provided, skipping action generation.This is likely to happen when resetting the environment without a teleop device.The robot won't be at its rest position at the start of the next episode.
INFO 2026-05-11 15:08:18 t_record.py:383 No policy or teleoperator provided, skipping action generation.This is likely to happen when resetting the environment without a teleop device.The robot won't be at its rest position at the start of the next episode.
INFO 2026-05-11 15:08:18 t_record.py:383 No policy or teleoperator provided, skipping action generation.This is likely to happen when resetting the environment without a teleop device.The robot won't be at its rest position at the start of the next episode.
INFO 2026-05-11 15:08:18 t_record.py:383 No policy or teleoperator provided, skipping action generation.This is likely to happen when resetting the environment without a teleop device.The robot won't be at its rest position at the start of the next episode.
INFO 2026-05-11 15:08:18 t_record.py:383 No policy or teleoperator provided, skipping action generation.This is likely to happen when resetting the environment without a teleop device.The robot won't be at its rest position at the start of the next episode.
INFO 2026-05-11 15:08:18 t_record.py:383 No policy or teleoperator provided, skipping action generation.This is likely to happen when resetting the environment without a teleop device.The robot won't be at its rest position at the start of the next episode.
INFO 2026-05-11 15:08:18 t_record.py:383 No policy or teleoperator provided, skipping action generation.This is likely to happen when resetting the environment without a teleop device.The robot won't be at its rest position at the start of the next episode.
INFO 2026-05-11 15:08:18 t_record.py:383 No policy or teleoperator provided, skipping action generation.This is likely to happen when resetting the environment without a teleop device.The robot won't be at its rest position at the start of the next episode.
INFO 2026-05-11 15:08:18 t_record.py:383 No policy or teleoperator provided, skipping action generation.This is likely to happen when resetting the environment without a teleop device.The robot won't be at its rest position at the start of the next episode.
INFO 2026-05-11 15:08:18 t_record.py:383 No policy or teleoperator provided, skipping action generation.This is likely to happen when resetting the environment without a teleop device.The robot won't be at its rest position at the start of the next episode.
INFO 2026-05-11 15:08:18 t_record.py:383 No policy or teleoperator provided, skipping action generation.This is likely to happen when resetting the environment without a teleop device.The robot won't be at its rest position at the start of the next episode.
INFO 2026-05-11 15:08:18 t_record.py:383 No policy or teleoperator provided, skipping action generation.This is likely to happen when resetting the environment without a teleop device.The robot won't be at its rest position at the start of the next episode.
INFO 2026-05-11 15:08:18 t_record.py:383 No policy or teleoperator provided, skipping action generation.This is likely to happen when resetting the environment without a teleop device.The robot won't be at its rest position at the start of the next episode.
INFO 2026-05-11 15:08:18 t_record.py:383 No policy or teleoperator provided, skipping action generation.This is likely to happen when resetting the environment without a teleop device.The robot won't be at its rest position at the start of the next episode.
INFO 2026-05-11 15:08:18 t_record.py:383 No policy or teleoperator provided, skipping action generation.This is likely to happen when resetting the environment without a teleop device.The robot won't be at its rest position at the start of the next episode.
INFO 2026-05-11 15:08:18 t_record.py:383 No policy or teleoperator provided, skipping action generation.This is likely to happen when resetting the environment without a teleop device.The robot won't be at its rest position at the start of the next episode.
INFO 2026-05-11 15:08:18 t_record.py:383 No policy or teleoperator provided, skipping action generation.This is likely to happen when resetting the environment without a teleop device.The robot won't be at its rest position at the start of the next episode.
INFO 2026-05-11 15:08:18 t_record.py:383 No policy or teleoperator provided, skipping action generation.This is likely to happen when resetting the environment without a teleop device.The robot won't be at its rest position at the start of the next episode.
INFO 2026-05-11 15:08:18 t_record.py:383 No policy or teleoperator provided, skipping action generation.This is likely to happen when resetting the environment without a teleop device.The robot won't be at its rest position at the start of the next episode.
INFO 2026-05-11 15:08:18 t_record.py:383 No policy or teleoperator provided, skipping action generation.This is likely to happen when resetting the environment without a teleop device.The robot won't be at its rest position at the start of the next episode.
INFO 2026-05-11 15:08:18 t_record.py:383 No policy or teleoperator provided, skipping action generation.This is likely to happen when resetting the environment without a teleop device.The robot won't be at its rest position at the start of the next episode.
INFO 2026-05-11 15:08:18 t_record.py:383 No policy or teleoperator provided, skipping action generation.This is likely to happen when resetting the environment without a teleop device.The robot won't be at its rest position at the start of the next episode.
INFO 2026-05-11 15:08:18 t_record.py:383 No policy or teleoperator provided, skipping action generation.This is likely to happen when resetting the environment without a teleop device.The robot won't be at its rest position at the start of the next episode.
INFO 2026-05-11 15:08:18 t_record.py:383 No policy or teleoperator provided, skipping action generation.This is likely to happen when resetting the environment without a teleop device.The robot won't be at its rest position at the start of the next episode.
INFO 2026-05-11 15:08:18 t_record.py:383 No policy or teleoperator provided, skipping action generation.This is likely to happen when resetting the environment without a teleop device.The robot won't be at its rest position at the start of the next episode.
INFO 2026-05-11 15:08:18 t_record.py:383 No policy or teleoperator provided, skipping action generation.This is likely to happen when resetting the environment without a teleop device.The robot won't be at its rest position at the start of the next episode.
INFO 2026-05-11 15:08:18 t_record.py:383 No policy or teleoperator provided, skipping action generation.This is likely to happen when resetting the environment without a teleop device.The robot won't be at its rest position at the start of the next episode.
INFO 2026-05-11 15:08:18 t_record.py:383 No policy or teleoperator provided, skipping action generation.This is likely to happen when resetting the environment without a teleop device.The robot won't be at its rest position at the start of the next episode.
INFO 2026-05-11 15:08:18 t_record.py:383 No policy or teleoperator provided, skipping action generation.This is likely to happen when resetting the environment without a teleop device.The robot won't be at its rest position at the start of the next episode.
INFO 2026-05-11 15:08:18 t_record.py:383 No policy or teleoperator provided, skipping action generation.This is likely to happen when resetting the environment without a teleop device.The robot won't be at its rest position at the start of the next episode.
INFO 2026-05-11 15:08:18 t_record.py:383 No policy or teleoperator provided, skipping action generation.This is likely to happen when resetting the environment without a teleop device.The robot won't be at its rest position at the start of the next episode.
INFO 2026-05-11 15:08:18 t_record.py:383 No policy or teleoperator provided, skipping action generation.This is likely to happen when resetting the environment without a teleop device.The robot won't be at its rest position at the start of the next episode.
INFO 2026-05-11 15:08:18 t_record.py:383 No policy or teleoperator provided, skipping action generation.This is likely to happen when resetting the environment without a teleop device.The robot won't be at its rest position at the start of the next episode.
INFO 2026-05-11 15:08:18 t_record.py:383 No policy or teleoperator provided, skipping action generation.This is likely to happen when resetting the environment without a teleop device.The robot won't be at its rest position at the start of the next episode.
INFO 2026-05-11 15:08:18 t_record.py:383 No policy or teleoperator provided, skipping action generation.This is likely to happen when resetting the environment without a teleop device.The robot won't be at its rest position at the start of the next episode.
INFO 2026-05-11 15:08:18 t_record.py:383 No policy or teleoperator provided, skipping action generation.This is likely to happen when resetting the environment without a teleop device.The robot won't be at its rest position at the start of the next episode.
INFO 2026-05-11 15:08:18 t_record.py:383 No policy or teleoperator provided, skipping action generation.This is likely to happen when resetting the environment without a teleop device.The robot won't be at its rest position at the start of the next episode.
INFO 2026-05-11 15:08:18 t_record.py:383 No policy or teleoperator provided, skipping action generation.This is likely to happen when resetting the environment without a teleop device.The robot won't be at its rest position at the start of the next episode.
INFO 2026-05-11 15:08:18 t_record.py:383 No policy or teleoperator provided, skipping action generation.This is likely to happen when resetting the environment without a teleop device.The robot won't be at its rest position at the start of the next episode.
INFO 2026-05-11 15:08:18 t_record.py:383 No policy or teleoperator provided, skipping action generation.This is likely to happen when resetting the environment without a teleop device.The robot won't be at its rest position at the start of the next episode.
INFO 2026-05-11 15:08:18 t_record.py:383 No policy or teleoperator provided, skipping action generation.This is likely to happen when resetting the environment without a teleop device.The robot won't be at its rest position at the start of the next episode.
INFO 2026-05-11 15:08:18 t_record.py:383 No policy or teleoperator provided, skipping action generation.This is likely to happen when resetting the environment without a teleop device.The robot won't be at its rest position at the start of the next episode.
INFO 2026-05-11 15:08:18 t_record.py:383 No policy or teleoperator provided, skipping action generation.This is likely to happen when resetting the environment without a teleop device.The robot won't be at its rest position at the start of the next episode.
INFO 2026-05-11 15:08:18 t_record.py:383 No policy or teleoperator provided, skipping action generation.This is likely to happen when resetting the environment without a teleop device.The robot won't be at its rest position at the start of the next episode.
INFO 2026-05-11 15:08:18 t_record.py:383 No policy or teleoperator provided, skipping action generation.This is likely to happen when resetting the environment without a teleop device.The robot won't be at its rest position at the start of the next episode.
INFO 2026-05-11 15:08:18 t_record.py:383 No policy or teleoperator provided, skipping action generation.This is likely to happen when resetting the environment without a teleop device.The robot won't be at its rest position at the start of the next episode.
INFO 2026-05-11 15:08:18 t_record.py:383 No policy or teleoperator provided, skipping action generation.This is likely to happen when resetting the environment without a teleop device.The robot won't be at its rest position at the start of the next episode.
INFO 2026-05-11 15:08:18 t_record.py:383 No policy or teleoperator provided, skipping action generation.This is likely to happen when resetting the environment without a teleop device.The robot won't be at its rest position at the start of the next episode.
INFO 2026-05-11 15:08:18 t_record.py:383 No policy or teleoperator provided, skipping action generation.This is likely to happen when resetting the environment without a teleop device.The robot won't be at its rest position at the start of the next episode.
INFO 2026-05-11 15:08:18 t_record.py:383 No policy or teleoperator provided, skipping action generation.This is likely to happen when resetting the environment without a teleop device.The robot won't be at its rest position at the start of the next episode.
INFO 2026-05-11 15:08:18 t_record.py:383 No policy or teleoperator provided, skipping action generation.This is likely to happen when resetting the environment without a teleop device.The robot won't be at its rest position at the start of the next episode.
INFO 2026-05-11 15:08:18 t_record.py:383 No policy or teleoperator provided, skipping action generation.This is likely to happen when resetting the environment without a teleop device.The robot won't be at its rest position at the start of the next episode.
INFO 2026-05-11 15:08:18 t_record.py:383 No policy or teleoperator provided, skipping action generation.This is likely to happen when resetting the environment without a teleop device.The robot won't be at its rest position at the start of the next episode.
INFO 2026-05-11 15:08:18 t_record.py:383 No policy or teleoperator provided, skipping action generation.This is likely to happen when resetting the environment without a teleop device.The robot won't be at its rest position at the start of the next episode.
INFO 2026-05-11 15:08:18 t_record.py:383 No policy or teleoperator provided, skipping action generation.This is likely to happen when resetting the environment without a teleop device.The robot won't be at its rest position at the start of the next episode.
INFO 2026-05-11 15:08:18 t_record.py:383 No policy or teleoperator provided, skipping action generation.This is likely to happen when resetting the environment without a teleop device.The robot won't be at its rest position at the start of the next episode.
INFO 2026-05-11 15:08:18 t_record.py:383 No policy or teleoperator provided, skipping action generation.This is likely to happen when resetting the environment without a teleop device.The robot won't be at its rest position at the start of the next episode.
INFO 2026-05-11 15:08:18 t_record.py:383 No policy or teleoperator provided, skipping action generation.This is likely to happen when resetting the environment without a teleop device.The robot won't be at its rest position at the start of the next episode.
INFO 2026-05-11 15:08:18 t_record.py:383 No policy or teleoperator provided, skipping action generation.This is likely to happen when resetting the environment without a teleop device.The robot won't be at its rest position at the start of the next episode.
INFO 2026-05-11 15:08:18 t_record.py:383 No policy or teleoperator provided, skipping action generation.This is likely to happen when resetting the environment without a teleop device.The robot won't be at its rest position at the start of the next episode.
INFO 2026-05-11 15:08:18 t_record.py:383 No policy or teleoperator provided, skipping action generation.This is likely to happen when resetting the environment without a teleop device.The robot won't be at its rest position at the start of the next episode.
INFO 2026-05-11 15:08:18 t_record.py:383 No policy or teleoperator provided, skipping action generation.This is likely to happen when resetting the environment without a teleop device.The robot won't be at its rest position at the start of the next episode.
INFO 2026-05-11 15:08:18 t_record.py:383 No policy or teleoperator provided, skipping action generation.This is likely to happen when resetting the environment without a teleop device.The robot won't be at its rest position at the start of the next episode.
INFO 2026-05-11 15:08:18 t_record.py:383 No policy or teleoperator provided, skipping action generation.This is likely to happen when resetting the environment without a teleop device.The robot won't be at its rest position at the start of the next episode.
INFO 2026-05-11 15:08:18 t_record.py:383 No policy or teleoperator provided, skipping action generation.This is likely to happen when resetting the environment without a teleop device.The robot won't be at its rest position at the start of the next episode.
INFO 2026-05-11 15:08:18 t_record.py:383 No policy or teleoperator provided, skipping action generation.This is likely to happen when resetting the environment without a teleop device.The robot won't be at its rest position at the start of the next episode.
INFO 2026-05-11 15:08:18 t_record.py:383 No policy or teleoperator provided, skipping action generation.This is likely to happen when resetting the environment without a teleop device.The robot won't be at its rest position at the start of the next episode.
INFO 2026-05-11 15:08:18 t_record.py:383 No policy or teleoperator provided, skipping action generation.This is likely to happen when resetting the environment without a teleop device.The robot won't be at its rest position at the start of the next episode.
INFO 2026-05-11 15:08:18 t_record.py:383 No policy or teleoperator provided, skipping action generation.This is likely to happen when resetting the environment without a teleop device.The robot won't be at its rest position at the start of the next episode.
INFO 2026-05-11 15:08:18 t_record.py:383 No policy or teleoperator provided, skipping action generation.This is likely to happen when resetting the environment without a teleop device.The robot won't be at its rest position at the start of the next episode.
INFO 2026-05-11 15:08:18 t_record.py:383 No policy or teleoperator provided, skipping action generation.This is likely to happen when resetting the environment without a teleop device.The robot won't be at its rest position at the start of the next episode.
INFO 2026-05-11 15:08:18 t_record.py:383 No policy or teleoperator provided, skipping action generation.This is likely to happen when resetting the environment without a teleop device.The robot won't be at its rest position at the start of the next episode.
INFO 2026-05-11 15:08:18 t_record.py:383 No policy or teleoperator provided, skipping action generation.This is likely to happen when resetting the environment without a teleop device.The robot won't be at its rest position at the start of the next episode.
INFO 2026-05-11 15:08:18 t_record.py:383 No policy or teleoperator provided, skipping action generation.This is likely to happen when resetting the environment without a teleop device.The robot won't be at its rest position at the start of the next episode.
INFO 2026-05-11 15:08:18 t_record.py:383 No policy or teleoperator provided, skipping action generation.This is likely to happen when resetting the environment without a teleop device.The robot won't be at its rest position at the start of the next episode.
INFO 2026-05-11 15:08:18 t_record.py:383 No policy or teleoperator provided, skipping action generation.This is likely to happen when resetting the environment without a teleop device.The robot won't be at its rest position at the start of the next episode.
INFO 2026-05-11 15:08:18 t_record.py:383 No policy or teleoperator provided, skipping action generation.This is likely to happen when resetting the environment without a teleop device.The robot won't be at its rest position at the start of the next episode.
INFO 2026-05-11 15:08:18 t_record.py:383 No policy or teleoperator provided, skipping action generation.This is likely to happen when resetting the environment without a teleop device.The robot won't be at its rest position at the start of the next episode.
INFO 2026-05-11 15:08:18 t_record.py:383 No policy or teleoperator provided, skipping action generation.This is likely to happen when resetting the environment without a teleop device.The robot won't be at its rest position at the start of the next episode.
INFO 2026-05-11 15:08:18 t_record.py:383 No policy or teleoperator provided, skipping action generation.This is likely to happen when resetting the environment without a teleop device.The robot won't be at its rest position at the start of the next episode.
INFO 2026-05-11 15:08:18 t_record.py:383 No policy or teleoperator provided, skipping action generation.This is likely to happen when resetting the environment without a teleop device.The robot won't be at its rest position at the start of the next episode.
INFO 2026-05-11 15:08:18 t_record.py:383 No policy or teleoperator provided, skipping action generation.This is likely to happen when resetting the environment without a teleop device.The robot won't be at its rest position at the start of the next episode.
INFO 2026-05-11 15:08:18 t_record.py:383 No policy or teleoperator provided, skipping action generation.This is likely to happen when resetting the environment without a teleop device.The robot won't be at its rest position at the start of the next episode.
INFO 2026-05-11 15:08:18 t_record.py:383 No policy or teleoperator provided, skipping action generation.This is likely to happen when resetting the environment without a teleop device.The robot won't be at its rest position at the start of the next episode.
INFO 2026-05-11 15:08:18 t_record.py:383 No policy or teleoperator provided, skipping action generation.This is likely to happen when resetting the environment without a teleop device.The robot won't be at its rest position at the start of the next episode.
INFO 2026-05-11 15:08:18 t_record.py:383 No policy or teleoperator provided, skipping action generation.This is likely to happen when resetting the environment without a teleop device.The robot won't be at its rest position at the start of the next episode.
INFO 2026-05-11 15:08:18 t_record.py:383 No policy or teleoperator provided, skipping action generation.This is likely to happen when resetting the environment without a teleop device.The robot won't be at its rest position at the start of the next episode.
INFO 2026-05-11 15:08:18 t_record.py:383 No policy or teleoperator provided, skipping action generation.This is likely to happen when resetting the environment without a teleop device.The robot won't be at its rest position at the start of the next episode.
INFO 2026-05-11 15:08:18 t_record.py:383 No policy or teleoperator provided, skipping action generation.This is likely to happen when resetting the environment without a teleop device.The robot won't be at its rest position at the start of the next episode.
INFO 2026-05-11 15:08:18 t_record.py:383 No policy or teleoperator provided, skipping action generation.This is likely to happen when resetting the environment without a teleop device.The robot won't be at its rest position at the start of the next episode.
INFO 2026-05-11 15:08:18 t_record.py:383 No policy or teleoperator provided, skipping action generation.This is likely to happen when resetting the environment without a teleop device.The robot won't be at its rest position at the start of the next episode.
INFO 2026-05-11 15:08:18 t_record.py:383 No policy or teleoperator provided, skipping action generation.This is likely to happen when resetting the environment without a teleop device.The robot won't be at its rest position at the start of the next episode.
INFO 2026-05-11 15:08:18 t_record.py:383 No policy or teleoperator provided, skipping action generation.This is likely to happen when resetting the environment without a teleop device.The robot won't be at its rest position at the start of the next episode.
INFO 2026-05-11 15:08:18 t_record.py:383 No policy or teleoperator provided, skipping action generation.This is likely to happen when resetting the environment without a teleop device.The robot won't be at its rest position at the start of the next episode.
INFO 2026-05-11 15:08:18 t_record.py:383 No policy or teleoperator provided, skipping action generation.This is likely to happen when resetting the environment without a teleop device.The robot won't be at its rest position at the start of the next episode.
INFO 2026-05-11 15:08:18 t_record.py:383 No policy or teleoperator provided, skipping action generation.This is likely to happen when resetting the environment without a teleop device.The robot won't be at its rest position at the start of the next episode.
INFO 2026-05-11 15:08:18 t_record.py:383 No policy or teleoperator provided, skipping action generation.This is likely to happen when resetting the environment without a teleop device.The robot won't be at its rest position at the start of the next episode.
INFO 2026-05-11 15:08:18 t_record.py:383 No policy or teleoperator provided, skipping action generation.This is likely to happen when resetting the environment without a teleop device.The robot won't be at its rest position at the start of the next episode.
INFO 2026-05-11 15:08:18 t_record.py:383 No policy or teleoperator provided, skipping action generation.This is likely to happen when resetting the environment without a teleop device.The robot won't be at its rest position at the start of the next episode.
INFO 2026-05-11 15:08:18 t_record.py:383 No policy or teleoperator provided, skipping action generation.This is likely to happen when resetting the environment without a teleop device.The robot won't be at its rest position at the start of the next episode.
INFO 2026-05-11 15:08:18 t_record.py:383 No policy or teleoperator provided, skipping action generation.This is likely to happen when resetting the environment without a teleop device.The robot won't be at its rest position at the start of the next episode.
INFO 2026-05-11 15:08:18 t_record.py:383 No policy or teleoperator provided, skipping action generation.This is likely to happen when resetting the environment without a teleop device.The robot won't be at its rest position at the start of the next episode.
INFO 2026-05-11 15:08:18 t_record.py:383 No policy or teleoperator provided, skipping action generation.This is likely to happen when resetting the environment without a teleop device.The robot won't be at its rest position at the start of the next episode.
INFO 2026-05-11 15:08:18 t_record.py:383 No policy or teleoperator provided, skipping action generation.This is likely to happen when resetting the environment without a teleop device.The robot won't be at its rest position at the start of the next episode.
INFO 2026-05-11 15:08:18 t_record.py:383 No policy or teleoperator provided, skipping action generation.This is likely to happen when resetting the environment without a teleop device.The robot won't be at its rest position at the start of the next episode.
INFO 2026-05-11 15:08:18 t_record.py:383 No policy or teleoperator provided, skipping action generation.This is likely to happen when resetting the environment without a teleop device.The robot won't be at its rest position at the start of the next episode.
INFO 2026-05-11 15:08:18 t_record.py:383 No policy or teleoperator provided, skipping action generation.This is likely to happen when resetting the environment without a teleop device.The robot won't be at its rest position at the start of the next episode.
INFO 2026-05-11 15:08:18 t_record.py:383 No policy or teleoperator provided, skipping action generation.This is likely to happen when resetting the environment without a teleop device.The robot won't be at its rest position at the start of the next episode.
INFO 2026-05-11 15:08:18 t_record.py:383 No policy or teleoperator provided, skipping action generation.This is likely to happen when resetting the environment without a teleop device.The robot won't be at its rest position at the start of the next episode.
INFO 2026-05-11 15:08:18 t_record.py:383 No policy or teleoperator provided, skipping action generation.This is likely to happen when resetting the environment without a teleop device.The robot won't be at its rest position at the start of the next episode.
INFO 2026-05-11 15:08:18 t_record.py:383 No policy or teleoperator provided, skipping action generation.This is likely to happen when resetting the environment without a teleop device.The robot won't be at its rest position at the start of the next episode.
INFO 2026-05-11 15:08:18 t_record.py:383 No policy or teleoperator provided, skipping action generation.This is likely to happen when resetting the environment without a teleop device.The robot won't be at its rest position at the start of the next episode.
INFO 2026-05-11 15:08:18 t_record.py:383 No policy or teleoperator provided, skipping action generation.This is likely to happen when resetting the environment without a teleop device.The robot won't be at its rest position at the start of the next episode.
INFO 2026-05-11 15:08:18 t_record.py:383 No policy or teleoperator provided, skipping action generation.This is likely to happen when resetting the environment without a teleop device.The robot won't be at its rest position at the start of the next episode.
INFO 2026-05-11 15:08:18 t_record.py:383 No policy or teleoperator provided, skipping action generation.This is likely to happen when resetting the environment without a teleop device.The robot won't be at its rest position at the start of the next episode.
INFO 2026-05-11 15:08:18 t_record.py:383 No policy or teleoperator provided, skipping action generation.This is likely to happen when resetting the environment without a teleop device.The robot won't be at its rest position at the start of the next episode.
INFO 2026-05-11 15:08:18 t_record.py:383 No policy or teleoperator provided, skipping action generation.This is likely to happen when resetting the environment without a teleop device.The robot won't be at its rest position at the start of the next episode.
INFO 2026-05-11 15:08:18 t_record.py:383 No policy or teleoperator provided, skipping action generation.This is likely to happen when resetting the environment without a teleop device.The robot won't be at its rest position at the start of the next episode.
INFO 2026-05-11 15:08:18 t_record.py:383 No policy or teleoperator provided, skipping action generation.This is likely to happen when resetting the environment without a teleop device.The robot won't be at its rest position at the start of the next episode.
INFO 2026-05-11 15:08:18 t_record.py:383 No policy or teleoperator provided, skipping action generation.This is likely to happen when resetting the environment without a teleop device.The robot won't be at its rest position at the start of the next episode.
INFO 2026-05-11 15:08:18 t_record.py:383 No policy or teleoperator provided, skipping action generation.This is likely to happen when resetting the environment without a teleop device.The robot won't be at its rest position at the start of the next episode.
INFO 2026-05-11 15:08:18 t_record.py:383 No policy or teleoperator provided, skipping action generation.This is likely to happen when resetting the environment without a teleop device.The robot won't be at its rest position at the start of the next episode.
INFO 2026-05-11 15:08:18 t_record.py:383 No policy or teleoperator provided, skipping action generation.This is likely to happen when resetting the environment without a teleop device.The robot won't be at its rest position at the start of the next episode.
INFO 2026-05-11 15:08:18 t_record.py:383 No policy or teleoperator provided, skipping action generation.This is likely to happen when resetting the environment without a teleop device.The robot won't be at its rest position at the start of the next episode.
INFO 2026-05-11 15:08:19 t_record.py:383 No policy or teleoperator provided, skipping action generation.This is likely to happen when resetting the environment without a teleop device.The robot won't be at its rest position at the start of the next episode.
INFO 2026-05-11 15:08:19 t_record.py:383 No policy or teleoperator provided, skipping action generation.This is likely to happen when resetting the environment without a teleop device.The robot won't be at its rest position at the start of the next episode.
INFO 2026-05-11 15:08:19 t_record.py:383 No policy or teleoperator provided, skipping action generation.This is likely to happen when resetting the environment without a teleop device.The robot won't be at its rest position at the start of the next episode.
INFO 2026-05-11 15:08:19 t_record.py:383 No policy or teleoperator provided, skipping action generation.This is likely to happen when resetting the environment without a teleop device.The robot won't be at its rest position at the start of the next episode.
INFO 2026-05-11 15:08:19 t_record.py:383 No policy or teleoperator provided, skipping action generation.This is likely to happen when resetting the environment without a teleop device.The robot won't be at its rest position at the start of the next episode.
INFO 2026-05-11 15:08:19 t_record.py:383 No policy or teleoperator provided, skipping action generation.This is likely to happen when resetting the environment without a teleop device.The robot won't be at its rest position at the start of the next episode.
INFO 2026-05-11 15:08:19 t_record.py:383 No policy or teleoperator provided, skipping action generation.This is likely to happen when resetting the environment without a teleop device.The robot won't be at its rest position at the start of the next episode.
INFO 2026-05-11 15:08:19 t_record.py:383 No policy or teleoperator provided, skipping action generation.This is likely to happen when resetting the environment without a teleop device.The robot won't be at its rest position at the start of the next episode.
INFO 2026-05-11 15:08:19 t_record.py:383 No policy or teleoperator provided, skipping action generation.This is likely to happen when resetting the environment without a teleop device.The robot won't be at its rest position at the start of the next episode.
INFO 2026-05-11 15:08:19 t_record.py:383 No policy or teleoperator provided, skipping action generation.This is likely to happen when resetting the environment without a teleop device.The robot won't be at its rest position at the start of the next episode.
INFO 2026-05-11 15:08:19 t_record.py:383 No policy or teleoperator provided, skipping action generation.This is likely to happen when resetting the environment without a teleop device.The robot won't be at its rest position at the start of the next episode.
INFO 2026-05-11 15:08:19 t_record.py:383 No policy or teleoperator provided, skipping action generation.This is likely to happen when resetting the environment without a teleop device.The robot won't be at its rest position at the start of the next episode.
INFO 2026-05-11 15:08:19 t_record.py:383 No policy or teleoperator provided, skipping action generation.This is likely to happen when resetting the environment without a teleop device.The robot won't be at its rest position at the start of the next episode.
INFO 2026-05-11 15:08:19 t_record.py:383 No policy or teleoperator provided, skipping action generation.This is likely to happen when resetting the environment without a teleop device.The robot won't be at its rest position at the start of the next episode.
INFO 2026-05-11 15:08:19 t_record.py:383 No policy or teleoperator provided, skipping action generation.This is likely to happen when resetting the environment without a teleop device.The robot won't be at its rest position at the start of the next episode.
INFO 2026-05-11 15:08:19 t_record.py:383 No policy or teleoperator provided, skipping action generation.This is likely to happen when resetting the environment without a teleop device.The robot won't be at its rest position at the start of the next episode.
INFO 2026-05-11 15:08:19 t_record.py:383 No policy or teleoperator provided, skipping action generation.This is likely to happen when resetting the environment without a teleop device.The robot won't be at its rest position at the start of the next episode.
INFO 2026-05-11 15:08:19 t_record.py:383 No policy or teleoperator provided, skipping action generation.This is likely to happen when resetting the environment without a teleop device.The robot won't be at its rest position at the start of the next episode.
INFO 2026-05-11 15:08:19 t_record.py:383 No policy or teleoperator provided, skipping action generation.This is likely to happen when resetting the environment without a teleop device.The robot won't be at its rest position at the start of the next episode.
INFO 2026-05-11 15:08:19 t_record.py:383 No policy or teleoperator provided, skipping action generation.This is likely to happen when resetting the environment without a teleop device.The robot won't be at its rest position at the start of the next episode.
INFO 2026-05-11 15:08:19 t_record.py:383 No policy or teleoperator provided, skipping action generation.This is likely to happen when resetting the environment without a teleop device.The robot won't be at its rest position at the start of the next episode.
INFO 2026-05-11 15:08:19 t_record.py:383 No policy or teleoperator provided, skipping action generation.This is likely to happen when resetting the environment without a teleop device.The robot won't be at its rest position at the start of the next episode.
INFO 2026-05-11 15:08:19 t_record.py:383 No policy or teleoperator provided, skipping action generation.This is likely to happen when resetting the environment without a teleop device.The robot won't be at its rest position at the start of the next episode.
INFO 2026-05-11 15:08:19 t_record.py:383 No policy or teleoperator provided, skipping action generation.This is likely to happen when resetting the environment without a teleop device.The robot won't be at its rest position at the start of the next episode.
INFO 2026-05-11 15:08:19 t_record.py:383 No policy or teleoperator provided, skipping action generation.This is likely to happen when resetting the environment without a teleop device.The robot won't be at its rest position at the start of the next episode.
INFO 2026-05-11 15:08:19 t_record.py:383 No policy or teleoperator provided, skipping action generation.This is likely to happen when resetting the environment without a teleop device.The robot won't be at its rest position at the start of the next episode.
INFO 2026-05-11 15:08:19 t_record.py:383 No policy or teleoperator provided, skipping action generation.This is likely to happen when resetting the environment without a teleop device.The robot won't be at its rest position at the start of the next episode.
INFO 2026-05-11 15:08:19 t_record.py:383 No policy or teleoperator provided, skipping action generation.This is likely to happen when resetting the environment without a teleop device.The robot won't be at its rest position at the start of the next episode.
INFO 2026-05-11 15:08:19 t_record.py:383 No policy or teleoperator provided, skipping action generation.This is likely to happen when resetting the environment without a teleop device.The robot won't be at its rest position at the start of the next episode.
INFO 2026-05-11 15:08:19 t_record.py:383 No policy or teleoperator provided, skipping action generation.This is likely to happen when resetting the environment without a teleop device.The robot won't be at its rest position at the start of the next episode.
INFO 2026-05-11 15:08:19 t_record.py:383 No policy or teleoperator provided, skipping action generation.This is likely to happen when resetting the environment without a teleop device.The robot won't be at its rest position at the start of the next episode.
INFO 2026-05-11 15:08:19 t_record.py:383 No policy or teleoperator provided, skipping action generation.This is likely to happen when resetting the environment without a teleop device.The robot won't be at its rest position at the start of the next episode.
INFO 2026-05-11 15:08:19 t_record.py:383 No policy or teleoperator provided, skipping action generation.This is likely to happen when resetting the environment without a teleop device.The robot won't be at its rest position at the start of the next episode.
INFO 2026-05-11 15:08:19 t_record.py:383 No policy or teleoperator provided, skipping action generation.This is likely to happen when resetting the environment without a teleop device.The robot won't be at its rest position at the start of the next episode.
INFO 2026-05-11 15:08:19 t_record.py:383 No policy or teleoperator provided, skipping action generation.This is likely to happen when resetting the environment without a teleop device.The robot won't be at its rest position at the start of the next episode.
INFO 2026-05-11 15:08:19 t_record.py:383 No policy or teleoperator provided, skipping action generation.This is likely to happen when resetting the environment without a teleop device.The robot won't be at its rest position at the start of the next episode.
INFO 2026-05-11 15:08:19 t_record.py:383 No policy or teleoperator provided, skipping action generation.This is likely to happen when resetting the environment without a teleop device.The robot won't be at its rest position at the start of the next episode.
INFO 2026-05-11 15:08:19 t_record.py:383 No policy or teleoperator provided, skipping action generation.This is likely to happen when resetting the environment without a teleop device.The robot won't be at its rest position at the start of the next episode.
INFO 2026-05-11 15:08:19 t_record.py:383 No policy or teleoperator provided, skipping action generation.This is likely to happen when resetting the environment without a teleop device.The robot won't be at its rest position at the start of the next episode.
INFO 2026-05-11 15:08:19 t_record.py:383 No policy or teleoperator provided, skipping action generation.This is likely to happen when resetting the environment without a teleop device.The robot won't be at its rest position at the start of the next episode.
INFO 2026-05-11 15:08:19 t_record.py:383 No policy or teleoperator provided, skipping action generation.This is likely to happen when resetting the environment without a teleop device.The robot won't be at its rest position at the start of the next episode.
INFO 2026-05-11 15:08:19 t_record.py:383 No policy or teleoperator provided, skipping action generation.This is likely to happen when resetting the environment without a teleop device.The robot won't be at its rest position at the start of the next episode.
INFO 2026-05-11 15:08:19 t_record.py:383 No policy or teleoperator provided, skipping action generation.This is likely to happen when resetting the environment without a teleop device.The robot won't be at its rest position at the start of the next episode.
INFO 2026-05-11 15:08:19 t_record.py:383 No policy or teleoperator provided, skipping action generation.This is likely to happen when resetting the environment without a teleop device.The robot won't be at its rest position at the start of the next episode.
INFO 2026-05-11 15:08:19 t_record.py:383 No policy or teleoperator provided, skipping action generation.This is likely to happen when resetting the environment without a teleop device.The robot won't be at its rest position at the start of the next episode.
INFO 2026-05-11 15:08:19 t_record.py:383 No policy or teleoperator provided, skipping action generation.This is likely to happen when resetting the environment without a teleop device.The robot won't be at its rest position at the start of the next episode.
INFO 2026-05-11 15:08:19 t_record.py:383 No policy or teleoperator provided, skipping action generation.This is likely to happen when resetting the environment without a teleop device.The robot won't be at its rest position at the start of the next episode.
INFO 2026-05-11 15:08:19 t_record.py:383 No policy or teleoperator provided, skipping action generation.This is likely to happen when resetting the environment without a teleop device.The robot won't be at its rest position at the start of the next episode.
INFO 2026-05-11 15:08:19 t_record.py:383 No policy or teleoperator provided, skipping action generation.This is likely to happen when resetting the environment without a teleop device.The robot won't be at its rest position at the start of the next episode.
INFO 2026-05-11 15:08:19 t_record.py:383 No policy or teleoperator provided, skipping action generation.This is likely to happen when resetting the environment without a teleop device.The robot won't be at its rest position at the start of the next episode.
INFO 2026-05-11 15:08:19 t_record.py:383 No policy or teleoperator provided, skipping action generation.This is likely to happen when resetting the environment without a teleop device.The robot won't be at its rest position at the start of the next episode.
INFO 2026-05-11 15:08:19 t_record.py:383 No policy or teleoperator provided, skipping action generation.This is likely to happen when resetting the environment without a teleop device.The robot won't be at its rest position at the start of the next episode.
INFO 2026-05-11 15:08:19 t_record.py:383 No policy or teleoperator provided, skipping action generation.This is likely to happen when resetting the environment without a teleop device.The robot won't be at its rest position at the start of the next episode.
INFO 2026-05-11 15:08:19 t_record.py:383 No policy or teleoperator provided, skipping action generation.This is likely to happen when resetting the environment without a teleop device.The robot won't be at its rest position at the start of the next episode.
INFO 2026-05-11 15:08:19 t_record.py:383 No policy or teleoperator provided, skipping action generation.This is likely to happen when resetting the environment without a teleop device.The robot won't be at its rest position at the start of the next episode.
INFO 2026-05-11 15:08:19 t_record.py:383 No policy or teleoperator provided, skipping action generation.This is likely to happen when resetting the environment without a teleop device.The robot won't be at its rest position at the start of the next episode.
INFO 2026-05-11 15:08:19 t_record.py:383 No policy or teleoperator provided, skipping action generation.This is likely to happen when resetting the environment without a teleop device.The robot won't be at its rest position at the start of the next episode.
INFO 2026-05-11 15:08:19 t_record.py:383 No policy or teleoperator provided, skipping action generation.This is likely to happen when resetting the environment without a teleop device.The robot won't be at its rest position at the start of the next episode.
INFO 2026-05-11 15:08:19 t_record.py:383 No policy or teleoperator provided, skipping action generation.This is likely to happen when resetting the environment without a teleop device.The robot won't be at its rest position at the start of the next episode.
INFO 2026-05-11 15:08:19 t_record.py:383 No policy or teleoperator provided, skipping action generation.This is likely to happen when resetting the environment without a teleop device.The robot won't be at its rest position at the start of the next episode.
INFO 2026-05-11 15:08:19 t_record.py:383 No policy or teleoperator provided, skipping action generation.This is likely to happen when resetting the environment without a teleop device.The robot won't be at its rest position at the start of the next episode.
INFO 2026-05-11 15:08:19 t_record.py:383 No policy or teleoperator provided, skipping action generation.This is likely to happen when resetting the environment without a teleop device.The robot won't be at its rest position at the start of the next episode.
INFO 2026-05-11 15:08:19 t_record.py:383 No policy or teleoperator provided, skipping action generation.This is likely to happen when resetting the environment without a teleop device.The robot won't be at its rest position at the start of the next episode.
INFO 2026-05-11 15:08:19 t_record.py:383 No policy or teleoperator provided, skipping action generation.This is likely to happen when resetting the environment without a teleop device.The robot won't be at its rest position at the start of the next episode.
INFO 2026-05-11 15:08:19 t_record.py:383 No policy or teleoperator provided, skipping action generation.This is likely to happen when resetting the environment without a teleop device.The robot won't be at its rest position at the start of the next episode.
INFO 2026-05-11 15:08:19 t_record.py:383 No policy or teleoperator provided, skipping action generation.This is likely to happen when resetting the environment without a teleop device.The robot won't be at its rest position at the start of the next episode.
INFO 2026-05-11 15:08:19 t_record.py:383 No policy or teleoperator provided, skipping action generation.This is likely to happen when resetting the environment without a teleop device.The robot won't be at its rest position at the start of the next episode.
INFO 2026-05-11 15:08:19 t_record.py:383 No policy or teleoperator provided, skipping action generation.This is likely to happen when resetting the environment without a teleop device.The robot won't be at its rest position at the start of the next episode.
INFO 2026-05-11 15:08:19 t_record.py:383 No policy or teleoperator provided, skipping action generation.This is likely to happen when resetting the environment without a teleop device.The robot won't be at its rest position at the start of the next episode.
INFO 2026-05-11 15:08:19 t_record.py:383 No policy or teleoperator provided, skipping action generation.This is likely to happen when resetting the environment without a teleop device.The robot won't be at its rest position at the start of the next episode.
INFO 2026-05-11 15:08:19 t_record.py:383 No policy or teleoperator provided, skipping action generation.This is likely to happen when resetting the environment without a teleop device.The robot won't be at its rest position at the start of the next episode.
INFO 2026-05-11 15:08:19 t_record.py:383 No policy or teleoperator provided, skipping action generation.This is likely to happen when resetting the environment without a teleop device.The robot won't be at its rest position at the start of the next episode.
INFO 2026-05-11 15:08:19 t_record.py:383 No policy or teleoperator provided, skipping action generation.This is likely to happen when resetting the environment without a teleop device.The robot won't be at its rest position at the start of the next episode.
INFO 2026-05-11 15:08:19 t_record.py:383 No policy or teleoperator provided, skipping action generation.This is likely to happen when resetting the environment without a teleop device.The robot won't be at its rest position at the start of the next episode.
INFO 2026-05-11 15:08:19 t_record.py:383 No policy or teleoperator provided, skipping action generation.This is likely to happen when resetting the environment without a teleop device.The robot won't be at its rest position at the start of the next episode.
INFO 2026-05-11 15:08:19 t_record.py:383 No policy or teleoperator provided, skipping action generation.This is likely to happen when resetting the environment without a teleop device.The robot won't be at its rest position at the start of the next episode.
INFO 2026-05-11 15:08:19 t_record.py:383 No policy or teleoperator provided, skipping action generation.This is likely to happen when resetting the environment without a teleop device.The robot won't be at its rest position at the start of the next episode.
INFO 2026-05-11 15:08:19 t_record.py:383 No policy or teleoperator provided, skipping action generation.This is likely to happen when resetting the environment without a teleop device.The robot won't be at its rest position at the start of the next episode.
INFO 2026-05-11 15:08:19 t_record.py:383 No policy or teleoperator provided, skipping action generation.This is likely to happen when resetting the environment without a teleop device.The robot won't be at its rest position at the start of the next episode.
INFO 2026-05-11 15:08:19 t_record.py:383 No policy or teleoperator provided, skipping action generation.This is likely to happen when resetting the environment without a teleop device.The robot won't be at its rest position at the start of the next episode.
INFO 2026-05-11 15:08:19 t_record.py:383 No policy or teleoperator provided, skipping action generation.This is likely to happen when resetting the environment without a teleop device.The robot won't be at its rest position at the start of the next episode.
INFO 2026-05-11 15:08:19 t_record.py:383 No policy or teleoperator provided, skipping action generation.This is likely to happen when resetting the environment without a teleop device.The robot won't be at its rest position at the start of the next episode.
INFO 2026-05-11 15:08:19 t_record.py:383 No policy or teleoperator provided, skipping action generation.This is likely to happen when resetting the environment without a teleop device.The robot won't be at its rest position at the start of the next episode.
INFO 2026-05-11 15:08:19 t_record.py:383 No policy or teleoperator provided, skipping action generation.This is likely to happen when resetting the environment without a teleop device.The robot won't be at its rest position at the start of the next episode.
INFO 2026-05-11 15:08:19 t_record.py:383 No policy or teleoperator provided, skipping action generation.This is likely to happen when resetting the environment without a teleop device.The robot won't be at its rest position at the start of the next episode.
INFO 2026-05-11 15:08:19 t_record.py:383 No policy or teleoperator provided, skipping action generation.This is likely to happen when resetting the environment without a teleop device.The robot won't be at its rest position at the start of the next episode.
INFO 2026-05-11 15:08:19 t_record.py:383 No policy or teleoperator provided, skipping action generation.This is likely to happen when resetting the environment without a teleop device.The robot won't be at its rest position at the start of the next episode.
INFO 2026-05-11 15:08:19 t_record.py:383 No policy or teleoperator provided, skipping action generation.This is likely to happen when resetting the environment without a teleop device.The robot won't be at its rest position at the start of the next episode.
INFO 2026-05-11 15:08:19 t_record.py:383 No policy or teleoperator provided, skipping action generation.This is likely to happen when resetting the environment without a teleop device.The robot won't be at its rest position at the start of the next episode.
INFO 2026-05-11 15:08:19 t_record.py:383 No policy or teleoperator provided, skipping action generation.This is likely to happen when resetting the environment without a teleop device.The robot won't be at its rest position at the start of the next episode.
INFO 2026-05-11 15:08:19 t_record.py:383 No policy or teleoperator provided, skipping action generation.This is likely to happen when resetting the environment without a teleop device.The robot won't be at its rest position at the start of the next episode.
INFO 2026-05-11 15:08:19 t_record.py:383 No policy or teleoperator provided, skipping action generation.This is likely to happen when resetting the environment without a teleop device.The robot won't be at its rest position at the start of the next episode.
INFO 2026-05-11 15:08:19 t_record.py:383 No policy or teleoperator provided, skipping action generation.This is likely to happen when resetting the environment without a teleop device.The robot won't be at its rest position at the start of the next episode.
INFO 2026-05-11 15:08:19 t_record.py:383 No policy or teleoperator provided, skipping action generation.This is likely to happen when resetting the environment without a teleop device.The robot won't be at its rest position at the start of the next episode.
INFO 2026-05-11 15:08:19 t_record.py:383 No policy or teleoperator provided, skipping action generation.This is likely to happen when resetting the environment without a teleop device.The robot won't be at its rest position at the start of the next episode.
INFO 2026-05-11 15:08:19 t_record.py:383 No policy or teleoperator provided, skipping action generation.This is likely to happen when resetting the environment without a teleop device.The robot won't be at its rest position at the start of the next episode.
INFO 2026-05-11 15:08:19 t_record.py:383 No policy or teleoperator provided, skipping action generation.This is likely to happen when resetting the environment without a teleop device.The robot won't be at its rest position at the start of the next episode.
INFO 2026-05-11 15:08:19 t_record.py:383 No policy or teleoperator provided, skipping action generation.This is likely to happen when resetting the environment without a teleop device.The robot won't be at its rest position at the start of the next episode.
INFO 2026-05-11 15:08:19 t_record.py:383 No policy or teleoperator provided, skipping action generation.This is likely to happen when resetting the environment without a teleop device.The robot won't be at its rest position at the start of the next episode.
INFO 2026-05-11 15:08:19 t_record.py:383 No policy or teleoperator provided, skipping action generation.This is likely to happen when resetting the environment without a teleop device.The robot won't be at its rest position at the start of the next episode.
INFO 2026-05-11 15:08:19 t_record.py:383 No policy or teleoperator provided, skipping action generation.This is likely to happen when resetting the environment without a teleop device.The robot won't be at its rest position at the start of the next episode.
INFO 2026-05-11 15:08:19 t_record.py:383 No policy or teleoperator provided, skipping action generation.This is likely to happen when resetting the environment without a teleop device.The robot won't be at its rest position at the start of the next episode.
INFO 2026-05-11 15:08:19 t_record.py:383 No policy or teleoperator provided, skipping action generation.This is likely to happen when resetting the environment without a teleop device.The robot won't be at its rest position at the start of the next episode.
INFO 2026-05-11 15:08:19 t_record.py:383 No policy or teleoperator provided, skipping action generation.This is likely to happen when resetting the environment without a teleop device.The robot won't be at its rest position at the start of the next episode.
INFO 2026-05-11 15:08:19 t_record.py:383 No policy or teleoperator provided, skipping action generation.This is likely to happen when resetting the environment without a teleop device.The robot won't be at its rest position at the start of the next episode.
INFO 2026-05-11 15:08:19 t_record.py:383 No policy or teleoperator provided, skipping action generation.This is likely to happen when resetting the environment without a teleop device.The robot won't be at its rest position at the start of the next episode.
INFO 2026-05-11 15:08:19 t_record.py:383 No policy or teleoperator provided, skipping action generation.This is likely to happen when resetting the environment without a teleop device.The robot won't be at its rest position at the start of the next episode.
INFO 2026-05-11 15:08:19 t_record.py:383 No policy or teleoperator provided, skipping action generation.This is likely to happen when resetting the environment without a teleop device.The robot won't be at its rest position at the start of the next episode.
INFO 2026-05-11 15:08:19 t_record.py:383 No policy or teleoperator provided, skipping action generation.This is likely to happen when resetting the environment without a teleop device.The robot won't be at its rest position at the start of the next episode.
INFO 2026-05-11 15:08:19 t_record.py:383 No policy or teleoperator provided, skipping action generation.This is likely to happen when resetting the environment without a teleop device.The robot won't be at its rest position at the start of the next episode.
INFO 2026-05-11 15:08:19 t_record.py:383 No policy or teleoperator provided, skipping action generation.This is likely to happen when resetting the environment without a teleop device.The robot won't be at its rest position at the start of the next episode.
INFO 2026-05-11 15:08:19 t_record.py:383 No policy or teleoperator provided, skipping action generation.This is likely to happen when resetting the environment without a teleop device.The robot won't be at its rest position at the start of the next episode.
INFO 2026-05-11 15:08:19 t_record.py:383 No policy or teleoperator provided, skipping action generation.This is likely to happen when resetting the environment without a teleop device.The robot won't be at its rest position at the start of the next episode.
INFO 2026-05-11 15:08:19 t_record.py:383 No policy or teleoperator provided, skipping action generation.This is likely to happen when resetting the environment without a teleop device.The robot won't be at its rest position at the start of the next episode.
INFO 2026-05-11 15:08:19 t_record.py:383 No policy or teleoperator provided, skipping action generation.This is likely to happen when resetting the environment without a teleop device.The robot won't be at its rest position at the start of the next episode.
INFO 2026-05-11 15:08:19 t_record.py:383 No policy or teleoperator provided, skipping action generation.This is likely to happen when resetting the environment without a teleop device.The robot won't be at its rest position at the start of the next episode.
INFO 2026-05-11 15:08:19 t_record.py:383 No policy or teleoperator provided, skipping action generation.This is likely to happen when resetting the environment without a teleop device.The robot won't be at its rest position at the start of the next episode.
INFO 2026-05-11 15:08:19 t_record.py:383 No policy or teleoperator provided, skipping action generation.This is likely to happen when resetting the environment without a teleop device.The robot won't be at its rest position at the start of the next episode.
INFO 2026-05-11 15:08:19 t_record.py:383 No policy or teleoperator provided, skipping action generation.This is likely to happen when resetting the environment without a teleop device.The robot won't be at its rest position at the start of the next episode.
INFO 2026-05-11 15:08:19 t_record.py:383 No policy or teleoperator provided, skipping action generation.This is likely to happen when resetting the environment without a teleop device.The robot won't be at its rest position at the start of the next episode.
INFO 2026-05-11 15:08:19 t_record.py:383 No policy or teleoperator provided, skipping action generation.This is likely to happen when resetting the environment without a teleop device.The robot won't be at its rest position at the start of the next episode.
INFO 2026-05-11 15:08:19 t_record.py:383 No policy or teleoperator provided, skipping action generation.This is likely to happen when resetting the environment without a teleop device.The robot won't be at its rest position at the start of the next episode.
INFO 2026-05-11 15:08:19 t_record.py:383 No policy or teleoperator provided, skipping action generation.This is likely to happen when resetting the environment without a teleop device.The robot won't be at its rest position at the start of the next episode.
INFO 2026-05-11 15:08:19 t_record.py:383 No policy or teleoperator provided, skipping action generation.This is likely to happen when resetting the environment without a teleop device.The robot won't be at its rest position at the start of the next episode.
INFO 2026-05-11 15:08:19 t_record.py:383 No policy or teleoperator provided, skipping action generation.This is likely to happen when resetting the environment without a teleop device.The robot won't be at its rest position at the start of the next episode.
INFO 2026-05-11 15:08:19 t_record.py:383 No policy or teleoperator provided, skipping action generation.This is likely to happen when resetting the environment without a teleop device.The robot won't be at its rest position at the start of the next episode.
INFO 2026-05-11 15:08:19 t_record.py:383 No policy or teleoperator provided, skipping action generation.This is likely to happen when resetting the environment without a teleop device.The robot won't be at its rest position at the start of the next episode.
INFO 2026-05-11 15:08:19 t_record.py:383 No policy or teleoperator provided, skipping action generation.This is likely to happen when resetting the environment without a teleop device.The robot won't be at its rest position at the start of the next episode.
INFO 2026-05-11 15:08:19 t_record.py:383 No policy or teleoperator provided, skipping action generation.This is likely to happen when resetting the environment without a teleop device.The robot won't be at its rest position at the start of the next episode.
INFO 2026-05-11 15:08:19 t_record.py:383 No policy or teleoperator provided, skipping action generation.This is likely to happen when resetting the environment without a teleop device.The robot won't be at its rest position at the start of the next episode.
INFO 2026-05-11 15:08:19 t_record.py:383 No policy or teleoperator provided, skipping action generation.This is likely to happen when resetting the environment without a teleop device.The robot won't be at its rest position at the start of the next episode.
INFO 2026-05-11 15:08:19 t_record.py:383 No policy or teleoperator provided, skipping action generation.This is likely to happen when resetting the environment without a teleop device.The robot won't be at its rest position at the start of the next episode.
INFO 2026-05-11 15:08:19 t_record.py:383 No policy or teleoperator provided, skipping action generation.This is likely to happen when resetting the environment without a teleop device.The robot won't be at its rest position at the start of the next episode.
INFO 2026-05-11 15:08:19 t_record.py:383 No policy or teleoperator provided, skipping action generation.This is likely to happen when resetting the environment without a teleop device.The robot won't be at its rest position at the start of the next episode.
INFO 2026-05-11 15:08:19 t_record.py:383 No policy or teleoperator provided, skipping action generation.This is likely to happen when resetting the environment without a teleop device.The robot won't be at its rest position at the start of the next episode.
INFO 2026-05-11 15:08:19 t_record.py:383 No policy or teleoperator provided, skipping action generation.This is likely to happen when resetting the environment without a teleop device.The robot won't be at its rest position at the start of the next episode.
INFO 2026-05-11 15:08:19 t_record.py:383 No policy or teleoperator provided, skipping action generation.This is likely to happen when resetting the environment without a teleop device.The robot won't be at its rest position at the start of the next episode.
INFO 2026-05-11 15:08:19 t_record.py:383 No policy or teleoperator provided, skipping action generation.This is likely to happen when resetting the environment without a teleop device.The robot won't be at its rest position at the start of the next episode.
INFO 2026-05-11 15:08:19 t_record.py:383 No policy or teleoperator provided, skipping action generation.This is likely to happen when resetting the environment without a teleop device.The robot won't be at its rest position at the start of the next episode.
INFO 2026-05-11 15:08:19 t_record.py:383 No policy or teleoperator provided, skipping action generation.This is likely to happen when resetting the environment without a teleop device.The robot won't be at its rest position at the start of the next episode.
INFO 2026-05-11 15:08:19 t_record.py:383 No policy or teleoperator provided, skipping action generation.This is likely to happen when resetting the environment without a teleop device.The robot won't be at its rest position at the start of the next episode.
INFO 2026-05-11 15:08:19 t_record.py:383 No policy or teleoperator provided, skipping action generation.This is likely to happen when resetting the environment without a teleop device.The robot won't be at its rest position at the start of the next episode.
INFO 2026-05-11 15:08:19 t_record.py:383 No policy or teleoperator provided, skipping action generation.This is likely to happen when resetting the environment without a teleop device.The robot won't be at its rest position at the start of the next episode.
INFO 2026-05-11 15:08:19 t_record.py:383 No policy or teleoperator provided, skipping action generation.This is likely to happen when resetting the environment without a teleop device.The robot won't be at its rest position at the start of the next episode.
INFO 2026-05-11 15:08:19 t_record.py:383 No policy or teleoperator provided, skipping action generation.This is likely to happen when resetting the environment without a teleop device.The robot won't be at its rest position at the start of the next episode.
INFO 2026-05-11 15:08:19 t_record.py:383 No policy or teleoperator provided, skipping action generation.This is likely to happen when resetting the environment without a teleop device.The robot won't be at its rest position at the start of the next episode.
INFO 2026-05-11 15:08:19 t_record.py:383 No policy or teleoperator provided, skipping action generation.This is likely to happen when resetting the environment without a teleop device.The robot won't be at its rest position at the start of the next episode.
INFO 2026-05-11 15:08:19 t_record.py:383 No policy or teleoperator provided, skipping action generation.This is likely to happen when resetting the environment without a teleop device.The robot won't be at its rest position at the start of the next episode.
INFO 2026-05-11 15:08:19 t_record.py:383 No policy or teleoperator provided, skipping action generation.This is likely to happen when resetting the environment without a teleop device.The robot won't be at its rest position at the start of the next episode.
INFO 2026-05-11 15:08:19 t_record.py:383 No policy or teleoperator provided, skipping action generation.This is likely to happen when resetting the environment without a teleop device.The robot won't be at its rest position at the start of the next episode.
INFO 2026-05-11 15:08:19 t_record.py:383 No policy or teleoperator provided, skipping action generation.This is likely to happen when resetting the environment without a teleop device.The robot won't be at its rest position at the start of the next episode.
INFO 2026-05-11 15:08:19 t_record.py:383 No policy or teleoperator provided, skipping action generation.This is likely to happen when resetting the environment without a teleop device.The robot won't be at its rest position at the start of the next episode.
INFO 2026-05-11 15:08:19 t_record.py:383 No policy or teleoperator provided, skipping action generation.This is likely to happen when resetting the environment without a teleop device.The robot won't be at its rest position at the start of the next episode.
INFO 2026-05-11 15:08:19 t_record.py:383 No policy or teleoperator provided, skipping action generation.This is likely to happen when resetting the environment without a teleop device.The robot won't be at its rest position at the start of the next episode.
INFO 2026-05-11 15:08:19 t_record.py:383 No policy or teleoperator provided, skipping action generation.This is likely to happen when resetting the environment without a teleop device.The robot won't be at its rest position at the start of the next episode.
INFO 2026-05-11 15:08:19 t_record.py:383 No policy or teleoperator provided, skipping action generation.This is likely to happen when resetting the environment without a teleop device.The robot won't be at its rest position at the start of the next episode.
INFO 2026-05-11 15:08:19 t_record.py:383 No policy or teleoperator provided, skipping action generation.This is likely to happen when resetting the environment without a teleop device.The robot won't be at its rest position at the start of the next episode.
INFO 2026-05-11 15:08:19 t_record.py:383 No policy or teleoperator provided, skipping action generation.This is likely to happen when resetting the environment without a teleop device.The robot won't be at its rest position at the start of the next episode.
INFO 2026-05-11 15:08:19 t_record.py:383 No policy or teleoperator provided, skipping action generation.This is likely to happen when resetting the environment without a teleop device.The robot won't be at its rest position at the start of the next episode.
INFO 2026-05-11 15:08:19 t_record.py:383 No policy or teleoperator provided, skipping action generation.This is likely to happen when resetting the environment without a teleop device.The robot won't be at its rest position at the start of the next episode.
INFO 2026-05-11 15:08:19 t_record.py:383 No policy or teleoperator provided, skipping action generation.This is likely to happen when resetting the environment without a teleop device.The robot won't be at its rest position at the start of the next episode.
INFO 2026-05-11 15:08:19 t_record.py:383 No policy or teleoperator provided, skipping action generation.This is likely to happen when resetting the environment without a teleop device.The robot won't be at its rest position at the start of the next episode.
INFO 2026-05-11 15:08:19 t_record.py:383 No policy or teleoperator provided, skipping action generation.This is likely to happen when resetting the environment without a teleop device.The robot won't be at its rest position at the start of the next episode.
INFO 2026-05-11 15:08:19 t_record.py:383 No policy or teleoperator provided, skipping action generation.This is likely to happen when resetting the environment without a teleop device.The robot won't be at its rest position at the start of the next episode.
INFO 2026-05-11 15:08:19 t_record.py:383 No policy or teleoperator provided, skipping action generation.This is likely to happen when resetting the environment without a teleop device.The robot won't be at its rest position at the start of the next episode.
INFO 2026-05-11 15:08:19 t_record.py:383 No policy or teleoperator provided, skipping action generation.This is likely to happen when resetting the environment without a teleop device.The robot won't be at its rest position at the start of the next episode.
INFO 2026-05-11 15:08:19 t_record.py:383 No policy or teleoperator provided, skipping action generation.This is likely to happen when resetting the environment without a teleop device.The robot won't be at its rest position at the start of the next episode.
INFO 2026-05-11 15:08:19 t_record.py:383 No policy or teleoperator provided, skipping action generation.This is likely to happen when resetting the environment without a teleop device.The robot won't be at its rest position at the start of the next episode.
INFO 2026-05-11 15:08:19 t_record.py:383 No policy or teleoperator provided, skipping action generation.This is likely to happen when resetting the environment without a teleop device.The robot won't be at its rest position at the start of the next episode.
INFO 2026-05-11 15:08:19 t_record.py:383 No policy or teleoperator provided, skipping action generation.This is likely to happen when resetting the environment without a teleop device.The robot won't be at its rest position at the start of the next episode.
INFO 2026-05-11 15:08:19 t_record.py:383 No policy or teleoperator provided, skipping action generation.This is likely to happen when resetting the environment without a teleop device.The robot won't be at its rest position at the start of the next episode.
INFO 2026-05-11 15:08:19 t_record.py:383 No policy or teleoperator provided, skipping action generation.This is likely to happen when resetting the environment without a teleop device.The robot won't be at its rest position at the start of the next episode.
INFO 2026-05-11 15:08:19 t_record.py:383 No policy or teleoperator provided, skipping action generation.This is likely to happen when resetting the environment without a teleop device.The robot won't be at its rest position at the start of the next episode.
INFO 2026-05-11 15:08:19 t_record.py:383 No policy or teleoperator provided, skipping action generation.This is likely to happen when resetting the environment without a teleop device.The robot won't be at its rest position at the start of the next episode.
INFO 2026-05-11 15:08:19 t_record.py:383 No policy or teleoperator provided, skipping action generation.This is likely to happen when resetting the environment without a teleop device.The robot won't be at its rest position at the start of the next episode.
INFO 2026-05-11 15:08:19 t_record.py:383 No policy or teleoperator provided, skipping action generation.This is likely to happen when resetting the environment without a teleop device.The robot won't be at its rest position at the start of the next episode.
INFO 2026-05-11 15:08:19 t_record.py:383 No policy or teleoperator provided, skipping action generation.This is likely to happen when resetting the environment without a teleop device.The robot won't be at its rest position at the start of the next episode.
INFO 2026-05-11 15:08:19 t_record.py:383 No policy or teleoperator provided, skipping action generation.This is likely to happen when resetting the environment without a teleop device.The robot won't be at its rest position at the start of the next episode.
INFO 2026-05-11 15:08:19 t_record.py:383 No policy or teleoperator provided, skipping action generation.This is likely to happen when resetting the environment without a teleop device.The robot won't be at its rest position at the start of the next episode.
INFO 2026-05-11 15:08:19 t_record.py:383 No policy or teleoperator provided, skipping action generation.This is likely to happen when resetting the environment without a teleop device.The robot won't be at its rest position at the start of the next episode.
INFO 2026-05-11 15:08:19 t_record.py:383 No policy or teleoperator provided, skipping action generation.This is likely to happen when resetting the environment without a teleop device.The robot won't be at its rest position at the start of the next episode.
INFO 2026-05-11 15:08:19 t_record.py:383 No policy or teleoperator provided, skipping action generation.This is likely to happen when resetting the environment without a teleop device.The robot won't be at its rest position at the start of the next episode.
INFO 2026-05-11 15:08:19 t_record.py:383 No policy or teleoperator provided, skipping action generation.This is likely to happen when resetting the environment without a teleop device.The robot won't be at its rest position at the start of the next episode.
INFO 2026-05-11 15:08:19 t_record.py:383 No policy or teleoperator provided, skipping action generation.This is likely to happen when resetting the environment without a teleop device.The robot won't be at its rest position at the start of the next episode.
INFO 2026-05-11 15:08:19 t_record.py:383 No policy or teleoperator provided, skipping action generation.This is likely to happen when resetting the environment without a teleop device.The robot won't be at its rest position at the start of the next episode.
INFO 2026-05-11 15:08:19 t_record.py:383 No policy or teleoperator provided, skipping action generation.This is likely to happen when resetting the environment without a teleop device.The robot won't be at its rest position at the start of the next episode.
INFO 2026-05-11 15:08:19 t_record.py:383 No policy or teleoperator provided, skipping action generation.This is likely to happen when resetting the environment without a teleop device.The robot won't be at its rest position at the start of the next episode.
INFO 2026-05-11 15:08:19 t_record.py:383 No policy or teleoperator provided, skipping action generation.This is likely to happen when resetting the environment without a teleop device.The robot won't be at its rest position at the start of the next episode.
INFO 2026-05-11 15:08:19 t_record.py:383 No policy or teleoperator provided, skipping action generation.This is likely to happen when resetting the environment without a teleop device.The robot won't be at its rest position at the start of the next episode.
INFO 2026-05-11 15:08:19 t_record.py:383 No policy or teleoperator provided, skipping action generation.This is likely to happen when resetting the environment without a teleop device.The robot won't be at its rest position at the start of the next episode.
INFO 2026-05-11 15:08:19 t_record.py:383 No policy or teleoperator provided, skipping action generation.This is likely to happen when resetting the environment without a teleop device.The robot won't be at its rest position at the start of the next episode.
INFO 2026-05-11 15:08:19 t_record.py:383 No policy or teleoperator provided, skipping action generation.This is likely to happen when resetting the environment without a teleop device.The robot won't be at its rest position at the start of the next episode.
INFO 2026-05-11 15:08:19 t_record.py:383 No policy or teleoperator provided, skipping action generation.This is likely to happen when resetting the environment without a teleop device.The robot won't be at its rest position at the start of the next episode.
INFO 2026-05-11 15:08:19 t_record.py:383 No policy or teleoperator provided, skipping action generation.This is likely to happen when resetting the environment without a teleop device.The robot won't be at its rest position at the start of the next episode.
INFO 2026-05-11 15:08:19 t_record.py:383 No policy or teleoperator provided, skipping action generation.This is likely to happen when resetting the environment without a teleop device.The robot won't be at its rest position at the start of the next episode.
INFO 2026-05-11 15:08:19 t_record.py:383 No policy or teleoperator provided, skipping action generation.This is likely to happen when resetting the environment without a teleop device.The robot won't be at its rest position at the start of the next episode.
INFO 2026-05-11 15:08:19 t_record.py:383 No policy or teleoperator provided, skipping action generation.This is likely to happen when resetting the environment without a teleop device.The robot won't be at its rest position at the start of the next episode.
INFO 2026-05-11 15:08:19 t_record.py:383 No policy or teleoperator provided, skipping action generation.This is likely to happen when resetting the environment without a teleop device.The robot won't be at its rest position at the start of the next episode.
INFO 2026-05-11 15:08:19 t_record.py:383 No policy or teleoperator provided, skipping action generation.This is likely to happen when resetting the environment without a teleop device.The robot won't be at its rest position at the start of the next episode.
INFO 2026-05-11 15:08:19 t_record.py:383 No policy or teleoperator provided, skipping action generation.This is likely to happen when resetting the environment without a teleop device.The robot won't be at its rest position at the start of the next episode.
INFO 2026-05-11 15:08:19 t_record.py:383 No policy or teleoperator provided, skipping action generation.This is likely to happen when resetting the environment without a teleop device.The robot won't be at its rest position at the start of the next episode.
INFO 2026-05-11 15:08:19 t_record.py:383 No policy or teleoperator provided, skipping action generation.This is likely to happen when resetting the environment without a teleop device.The robot won't be at its rest position at the start of the next episode.
INFO 2026-05-11 15:08:19 t_record.py:383 No policy or teleoperator provided, skipping action generation.This is likely to happen when resetting the environment without a teleop device.The robot won't be at its rest position at the start of the next episode.
INFO 2026-05-11 15:08:19 t_record.py:383 No policy or teleoperator provided, skipping action generation.This is likely to happen when resetting the environment without a teleop device.The robot won't be at its rest position at the start of the next episode.
INFO 2026-05-11 15:08:19 t_record.py:383 No policy or teleoperator provided, skipping action generation.This is likely to happen when resetting the environment without a teleop device.The robot won't be at its rest position at the start of the next episode.
INFO 2026-05-11 15:08:19 t_record.py:383 No policy or teleoperator provided, skipping action generation.This is likely to happen when resetting the environment without a teleop device.The robot won't be at its rest position at the start of the next episode.
INFO 2026-05-11 15:08:19 t_record.py:383 No policy or teleoperator provided, skipping action generation.This is likely to happen when resetting the environment without a teleop device.The robot won't be at its rest position at the start of the next episode.
INFO 2026-05-11 15:08:19 t_record.py:383 No policy or teleoperator provided, skipping action generation.This is likely to happen when resetting the environment without a teleop device.The robot won't be at its rest position at the start of the next episode.
INFO 2026-05-11 15:08:19 t_record.py:383 No policy or teleoperator provided, skipping action generation.This is likely to happen when resetting the environment without a teleop device.The robot won't be at its rest position at the start of the next episode.
INFO 2026-05-11 15:08:19 t_record.py:383 No policy or teleoperator provided, skipping action generation.This is likely to happen when resetting the environment without a teleop device.The robot won't be at its rest position at the start of the next episode.
INFO 2026-05-11 15:08:19 t_record.py:383 No policy or teleoperator provided, skipping action generation.This is likely to happen when resetting the environment without a teleop device.The robot won't be at its rest position at the start of the next episode.
INFO 2026-05-11 15:08:19 t_record.py:383 No policy or teleoperator provided, skipping action generation.This is likely to happen when resetting the environment without a teleop device.The robot won't be at its rest position at the start of the next episode.
INFO 2026-05-11 15:08:19 t_record.py:383 No policy or teleoperator provided, skipping action generation.This is likely to happen when resetting the environment without a teleop device.The robot won't be at its rest position at the start of the next episode.
INFO 2026-05-11 15:08:19 t_record.py:383 No policy or teleoperator provided, skipping action generation.This is likely to happen when resetting the environment without a teleop device.The robot won't be at its rest position at the start of the next episode.
INFO 2026-05-11 15:08:19 t_record.py:383 No policy or teleoperator provided, skipping action generation.This is likely to happen when resetting the environment without a teleop device.The robot won't be at its rest position at the start of the next episode.
INFO 2026-05-11 15:08:19 t_record.py:383 No policy or teleoperator provided, skipping action generation.This is likely to happen when resetting the environment without a teleop device.The robot won't be at its rest position at the start of the next episode.
INFO 2026-05-11 15:08:19 t_record.py:383 No policy or teleoperator provided, skipping action generation.This is likely to happen when resetting the environment without a teleop device.The robot won't be at its rest position at the start of the next episode.
INFO 2026-05-11 15:08:19 t_record.py:383 No policy or teleoperator provided, skipping action generation.This is likely to happen when resetting the environment without a teleop device.The robot won't be at its rest position at the start of the next episode.
INFO 2026-05-11 15:08:19 t_record.py:383 No policy or teleoperator provided, skipping action generation.This is likely to happen when resetting the environment without a teleop device.The robot won't be at its rest position at the start of the next episode.
INFO 2026-05-11 15:08:19 t_record.py:383 No policy or teleoperator provided, skipping action generation.This is likely to happen when resetting the environment without a teleop device.The robot won't be at its rest position at the start of the next episode.
INFO 2026-05-11 15:08:19 t_record.py:383 No policy or teleoperator provided, skipping action generation.This is likely to happen when resetting the environment without a teleop device.The robot won't be at its rest position at the start of the next episode.
INFO 2026-05-11 15:08:19 t_record.py:383 No policy or teleoperator provided, skipping action generation.This is likely to happen when resetting the environment without a teleop device.The robot won't be at its rest position at the start of the next episode.
INFO 2026-05-11 15:08:19 t_record.py:383 No policy or teleoperator provided, skipping action generation.This is likely to happen when resetting the environment without a teleop device.The robot won't be at its rest position at the start of the next episode.
INFO 2026-05-11 15:08:19 t_record.py:383 No policy or teleoperator provided, skipping action generation.This is likely to happen when resetting the environment without a teleop device.The robot won't be at its rest position at the start of the next episode.
INFO 2026-05-11 15:08:19 t_record.py:383 No policy or teleoperator provided, skipping action generation.This is likely to happen when resetting the environment without a teleop device.The robot won't be at its rest position at the start of the next episode.
INFO 2026-05-11 15:08:19 t_record.py:383 No policy or teleoperator provided, skipping action generation.This is likely to happen when resetting the environment without a teleop device.The robot won't be at its rest position at the start of the next episode.
INFO 2026-05-11 15:08:19 t_record.py:383 No policy or teleoperator provided, skipping action generation.This is likely to happen when resetting the environment without a teleop device.The robot won't be at its rest position at the start of the next episode.
INFO 2026-05-11 15:08:19 t_record.py:383 No policy or teleoperator provided, skipping action generation.This is likely to happen when resetting the environment without a teleop device.The robot won't be at its rest position at the start of the next episode.
INFO 2026-05-11 15:08:19 t_record.py:383 No policy or teleoperator provided, skipping action generation.This is likely to happen when resetting the environment without a teleop device.The robot won't be at its rest position at the start of the next episode.
INFO 2026-05-11 15:08:19 t_record.py:383 No policy or teleoperator provided, skipping action generation.This is likely to happen when resetting the environment without a teleop device.The robot won't be at its rest position at the start of the next episode.
INFO 2026-05-11 15:08:19 t_record.py:383 No policy or teleoperator provided, skipping action generation.This is likely to happen when resetting the environment without a teleop device.The robot won't be at its rest position at the start of the next episode.
INFO 2026-05-11 15:08:19 t_record.py:383 No policy or teleoperator provided, skipping action generation.This is likely to happen when resetting the environment without a teleop device.The robot won't be at its rest position at the start of the next episode.
INFO 2026-05-11 15:08:19 t_record.py:383 No policy or teleoperator provided, skipping action generation.This is likely to happen when resetting the environment without a teleop device.The robot won't be at its rest position at the start of the next episode.
INFO 2026-05-11 15:08:19 t_record.py:383 No policy or teleoperator provided, skipping action generation.This is likely to happen when resetting the environment without a teleop device.The robot won't be at its rest position at the start of the next episode.
INFO 2026-05-11 15:08:19 t_record.py:383 No policy or teleoperator provided, skipping action generation.This is likely to happen when resetting the environment without a teleop device.The robot won't be at its rest position at the start of the next episode.
INFO 2026-05-11 15:08:19 t_record.py:383 No policy or teleoperator provided, skipping action generation.This is likely to happen when resetting the environment without a teleop device.The robot won't be at its rest position at the start of the next episode.
INFO 2026-05-11 15:08:19 t_record.py:383 No policy or teleoperator provided, skipping action generation.This is likely to happen when resetting the environment without a teleop device.The robot won't be at its rest position at the start of the next episode.
INFO 2026-05-11 15:08:19 t_record.py:383 No policy or teleoperator provided, skipping action generation.This is likely to happen when resetting the environment without a teleop device.The robot won't be at its rest position at the start of the next episode.
INFO 2026-05-11 15:08:19 t_record.py:383 No policy or teleoperator provided, skipping action generation.This is likely to happen when resetting the environment without a teleop device.The robot won't be at its rest position at the start of the next episode.
INFO 2026-05-11 15:08:19 t_record.py:383 No policy or teleoperator provided, skipping action generation.This is likely to happen when resetting the environment without a teleop device.The robot won't be at its rest position at the start of the next episode.
INFO 2026-05-11 15:08:19 t_record.py:383 No policy or teleoperator provided, skipping action generation.This is likely to happen when resetting the environment without a teleop device.The robot won't be at its rest position at the start of the next episode.
INFO 2026-05-11 15:08:19 t_record.py:383 No policy or teleoperator provided, skipping action generation.This is likely to happen when resetting the environment without a teleop device.The robot won't be at its rest position at the start of the next episode.
INFO 2026-05-11 15:08:19 t_record.py:383 No policy or teleoperator provided, skipping action generation.This is likely to happen when resetting the environment without a teleop device.The robot won't be at its rest position at the start of the next episode.
INFO 2026-05-11 15:08:19 t_record.py:383 No policy or teleoperator provided, skipping action generation.This is likely to happen when resetting the environment without a teleop device.The robot won't be at its rest position at the start of the next episode.
INFO 2026-05-11 15:08:19 t_record.py:383 No policy or teleoperator provided, skipping action generation.This is likely to happen when resetting the environment without a teleop device.The robot won't be at its rest position at the start of the next episode.
INFO 2026-05-11 15:08:19 t_record.py:383 No policy or teleoperator provided, skipping action generation.This is likely to happen when resetting the environment without a teleop device.The robot won't be at its rest position at the start of the next episode.
INFO 2026-05-11 15:08:19 t_record.py:383 No policy or teleoperator provided, skipping action generation.This is likely to happen when resetting the environment without a teleop device.The robot won't be at its rest position at the start of the next episode.
INFO 2026-05-11 15:08:19 t_record.py:383 No policy or teleoperator provided, skipping action generation.This is likely to happen when resetting the environment without a teleop device.The robot won't be at its rest position at the start of the next episode.
INFO 2026-05-11 15:08:19 t_record.py:383 No policy or teleoperator provided, skipping action generation.This is likely to happen when resetting the environment without a teleop device.The robot won't be at its rest position at the start of the next episode.
INFO 2026-05-11 15:08:19 t_record.py:383 No policy or teleoperator provided, skipping action generation.This is likely to happen when resetting the environment without a teleop device.The robot won't be at its rest position at the start of the next episode.
INFO 2026-05-11 15:08:19 t_record.py:383 No policy or teleoperator provided, skipping action generation.This is likely to happen when resetting the environment without a teleop device.The robot won't be at its rest position at the start of the next episode.
INFO 2026-05-11 15:08:19 t_record.py:383 No policy or teleoperator provided, skipping action generation.This is likely to happen when resetting the environment without a teleop device.The robot won't be at its rest position at the start of the next episode.
INFO 2026-05-11 15:08:19 t_record.py:383 No policy or teleoperator provided, skipping action generation.This is likely to happen when resetting the environment without a teleop device.The robot won't be at its rest position at the start of the next episode.
INFO 2026-05-11 15:08:19 t_record.py:383 No policy or teleoperator provided, skipping action generation.This is likely to happen when resetting the environment without a teleop device.The robot won't be at its rest position at the start of the next episode.
INFO 2026-05-11 15:08:19 t_record.py:383 No policy or teleoperator provided, skipping action generation.This is likely to happen when resetting the environment without a teleop device.The robot won't be at its rest position at the start of the next episode.
INFO 2026-05-11 15:08:19 t_record.py:383 No policy or teleoperator provided, skipping action generation.This is likely to happen when resetting the environment without a teleop device.The robot won't be at its rest position at the start of the next episode.
INFO 2026-05-11 15:08:19 t_record.py:383 No policy or teleoperator provided, skipping action generation.This is likely to happen when resetting the environment without a teleop device.The robot won't be at its rest position at the start of the next episode.
INFO 2026-05-11 15:08:19 t_record.py:383 No policy or teleoperator provided, skipping action generation.This is likely to happen when resetting the environment without a teleop device.The robot won't be at its rest position at the start of the next episode.
INFO 2026-05-11 15:08:19 t_record.py:383 No policy or teleoperator provided, skipping action generation.This is likely to happen when resetting the environment without a teleop device.The robot won't be at its rest position at the start of the next episode.
INFO 2026-05-11 15:08:19 t_record.py:383 No policy or teleoperator provided, skipping action generation.This is likely to happen when resetting the environment without a teleop device.The robot won't be at its rest position at the start of the next episode.
INFO 2026-05-11 15:08:19 t_record.py:383 No policy or teleoperator provided, skipping action generation.This is likely to happen when resetting the environment without a teleop device.The robot won't be at its rest position at the start of the next episode.
INFO 2026-05-11 15:08:19 t_record.py:383 No policy or teleoperator provided, skipping action generation.This is likely to happen when resetting the environment without a teleop device.The robot won't be at its rest position at the start of the next episode.
INFO 2026-05-11 15:08:19 t_record.py:383 No policy or teleoperator provided, skipping action generation.This is likely to happen when resetting the environment without a teleop device.The robot won't be at its rest position at the start of the next episode.
INFO 2026-05-11 15:08:19 t_record.py:383 No policy or teleoperator provided, skipping action generation.This is likely to happen when resetting the environment without a teleop device.The robot won't be at its rest position at the start of the next episode.
INFO 2026-05-11 15:08:19 t_record.py:383 No policy or teleoperator provided, skipping action generation.This is likely to happen when resetting the environment without a teleop device.The robot won't be at its rest position at the start of the next episode.
INFO 2026-05-11 15:08:19 t_record.py:383 No policy or teleoperator provided, skipping action generation.This is likely to happen when resetting the environment without a teleop device.The robot won't be at its rest position at the start of the next episode.
INFO 2026-05-11 15:08:19 t_record.py:383 No policy or teleoperator provided, skipping action generation.This is likely to happen when resetting the environment without a teleop device.The robot won't be at its rest position at the start of the next episode.
INFO 2026-05-11 15:08:19 t_record.py:383 No policy or teleoperator provided, skipping action generation.This is likely to happen when resetting the environment without a teleop device.The robot won't be at its rest position at the start of the next episode.
INFO 2026-05-11 15:08:19 t_record.py:383 No policy or teleoperator provided, skipping action generation.This is likely to happen when resetting the environment without a teleop device.The robot won't be at its rest position at the start of the next episode.
INFO 2026-05-11 15:08:19 t_record.py:383 No policy or teleoperator provided, skipping action generation.This is likely to happen when resetting the environment without a teleop device.The robot won't be at its rest position at the start of the next episode.
INFO 2026-05-11 15:08:19 t_record.py:383 No policy or teleoperator provided, skipping action generation.This is likely to happen when resetting the environment without a teleop device.The robot won't be at its rest position at the start of the next episode.
INFO 2026-05-11 15:08:19 t_record.py:383 No policy or teleoperator provided, skipping action generation.This is likely to happen when resetting the environment without a teleop device.The robot won't be at its rest position at the start of the next episode.
INFO 2026-05-11 15:08:19 t_record.py:383 No policy or teleoperator provided, skipping action generation.This is likely to happen when resetting the environment without a teleop device.The robot won't be at its rest position at the start of the next episode.
INFO 2026-05-11 15:08:19 t_record.py:383 No policy or teleoperator provided, skipping action generation.This is likely to happen when resetting the environment without a teleop device.The robot won't be at its rest position at the start of the next episode.
INFO 2026-05-11 15:08:19 t_record.py:383 No policy or teleoperator provided, skipping action generation.This is likely to happen when resetting the environment without a teleop device.The robot won't be at its rest position at the start of the next episode.
INFO 2026-05-11 15:08:19 t_record.py:383 No policy or teleoperator provided, skipping action generation.This is likely to happen when resetting the environment without a teleop device.The robot won't be at its rest position at the start of the next episode.
INFO 2026-05-11 15:08:19 t_record.py:383 No policy or teleoperator provided, skipping action generation.This is likely to happen when resetting the environment without a teleop device.The robot won't be at its rest position at the start of the next episode.
INFO 2026-05-11 15:08:19 t_record.py:383 No policy or teleoperator provided, skipping action generation.This is likely to happen when resetting the environment without a teleop device.The robot won't be at its rest position at the start of the next episode.
INFO 2026-05-11 15:08:19 t_record.py:383 No policy or teleoperator provided, skipping action generation.This is likely to happen when resetting the environment without a teleop device.The robot won't be at its rest position at the start of the next episode.
INFO 2026-05-11 15:08:19 t_record.py:383 No policy or teleoperator provided, skipping action generation.This is likely to happen when resetting the environment without a teleop device.The robot won't be at its rest position at the start of the next episode.
INFO 2026-05-11 15:08:19 t_record.py:383 No policy or teleoperator provided, skipping action generation.This is likely to happen when resetting the environment without a teleop device.The robot won't be at its rest position at the start of the next episode.
INFO 2026-05-11 15:08:19 t_record.py:383 No policy or teleoperator provided, skipping action generation.This is likely to happen when resetting the environment without a teleop device.The robot won't be at its rest position at the start of the next episode.
INFO 2026-05-11 15:08:19 t_record.py:383 No policy or teleoperator provided, skipping action generation.This is likely to happen when resetting the environment without a teleop device.The robot won't be at its rest position at the start of the next episode.
INFO 2026-05-11 15:08:19 t_record.py:383 No policy or teleoperator provided, skipping action generation.This is likely to happen when resetting the environment without a teleop device.The robot won't be at its rest position at the start of the next episode.
INFO 2026-05-11 15:08:19 t_record.py:383 No policy or teleoperator provided, skipping action generation.This is likely to happen when resetting the environment without a teleop device.The robot won't be at its rest position at the start of the next episode.
INFO 2026-05-11 15:08:19 t_record.py:383 No policy or teleoperator provided, skipping action generation.This is likely to happen when resetting the environment without a teleop device.The robot won't be at its rest position at the start of the next episode.
INFO 2026-05-11 15:08:19 t_record.py:383 No policy or teleoperator provided, skipping action generation.This is likely to happen when resetting the environment without a teleop device.The robot won't be at its rest position at the start of the next episode.
INFO 2026-05-11 15:08:19 t_record.py:383 No policy or teleoperator provided, skipping action generation.This is likely to happen when resetting the environment without a teleop device.The robot won't be at its rest position at the start of the next episode.
INFO 2026-05-11 15:08:19 t_record.py:383 No policy or teleoperator provided, skipping action generation.This is likely to happen when resetting the environment without a teleop device.The robot won't be at its rest position at the start of the next episode.
INFO 2026-05-11 15:08:19 t_record.py:383 No policy or teleoperator provided, skipping action generation.This is likely to happen when resetting the environment without a teleop device.The robot won't be at its rest position at the start of the next episode.
INFO 2026-05-11 15:08:19 t_record.py:383 No policy or teleoperator provided, skipping action generation.This is likely to happen when resetting the environment without a teleop device.The robot won't be at its rest position at the start of the next episode.
INFO 2026-05-11 15:08:19 t_record.py:383 No policy or teleoperator provided, skipping action generation.This is likely to happen when resetting the environment without a teleop device.The robot won't be at its rest position at the start of the next episode.
INFO 2026-05-11 15:08:19 t_record.py:383 No policy or teleoperator provided, skipping action generation.This is likely to happen when resetting the environment without a teleop device.The robot won't be at its rest position at the start of the next episode.
INFO 2026-05-11 15:08:19 t_record.py:383 No policy or teleoperator provided, skipping action generation.This is likely to happen when resetting the environment without a teleop device.The robot won't be at its rest position at the start of the next episode.
INFO 2026-05-11 15:08:19 t_record.py:383 No policy or teleoperator provided, skipping action generation.This is likely to happen when resetting the environment without a teleop device.The robot won't be at its rest position at the start of the next episode.
INFO 2026-05-11 15:08:19 t_record.py:383 No policy or teleoperator provided, skipping action generation.This is likely to happen when resetting the environment without a teleop device.The robot won't be at its rest position at the start of the next episode.
INFO 2026-05-11 15:08:19 t_record.py:383 No policy or teleoperator provided, skipping action generation.This is likely to happen when resetting the environment without a teleop device.The robot won't be at its rest position at the start of the next episode.
INFO 2026-05-11 15:08:19 t_record.py:383 No policy or teleoperator provided, skipping action generation.This is likely to happen when resetting the environment without a teleop device.The robot won't be at its rest position at the start of the next episode.
INFO 2026-05-11 15:08:19 t_record.py:383 No policy or teleoperator provided, skipping action generation.This is likely to happen when resetting the environment without a teleop device.The robot won't be at its rest position at the start of the next episode.
INFO 2026-05-11 15:08:19 t_record.py:383 No policy or teleoperator provided, skipping action generation.This is likely to happen when resetting the environment without a teleop device.The robot won't be at its rest position at the start of the next episode.
INFO 2026-05-11 15:08:19 t_record.py:383 No policy or teleoperator provided, skipping action generation.This is likely to happen when resetting the environment without a teleop device.The robot won't be at its rest position at the start of the next episode.
INFO 2026-05-11 15:08:19 t_record.py:383 No policy or teleoperator provided, skipping action generation.This is likely to happen when resetting the environment without a teleop device.The robot won't be at its rest position at the start of the next episode.
INFO 2026-05-11 15:08:19 t_record.py:383 No policy or teleoperator provided, skipping action generation.This is likely to happen when resetting the environment without a teleop device.The robot won't be at its rest position at the start of the next episode.
INFO 2026-05-11 15:08:19 t_record.py:383 No policy or teleoperator provided, skipping action generation.This is likely to happen when resetting the environment without a teleop device.The robot won't be at its rest position at the start of the next episode.
INFO 2026-05-11 15:08:19 t_record.py:383 No policy or teleoperator provided, skipping action generation.This is likely to happen when resetting the environment without a teleop device.The robot won't be at its rest position at the start of the next episode.
INFO 2026-05-11 15:08:19 t_record.py:383 No policy or teleoperator provided, skipping action generation.This is likely to happen when resetting the environment without a teleop device.The robot won't be at its rest position at the start of the next episode.
INFO 2026-05-11 15:08:19 t_record.py:383 No policy or teleoperator provided, skipping action generation.This is likely to happen when resetting the environment without a teleop device.The robot won't be at its rest position at the start of the next episode.
INFO 2026-05-11 15:08:19 t_record.py:383 No policy or teleoperator provided, skipping action generation.This is likely to happen when resetting the environment without a teleop device.The robot won't be at its rest position at the start of the next episode.
INFO 2026-05-11 15:08:19 t_record.py:383 No policy or teleoperator provided, skipping action generation.This is likely to happen when resetting the environment without a teleop device.The robot won't be at its rest position at the start of the next episode.
INFO 2026-05-11 15:08:19 t_record.py:383 No policy or teleoperator provided, skipping action generation.This is likely to happen when resetting the environment without a teleop device.The robot won't be at its rest position at the start of the next episode.
INFO 2026-05-11 15:08:19 t_record.py:383 No policy or teleoperator provided, skipping action generation.This is likely to happen when resetting the environment without a teleop device.The robot won't be at its rest position at the start of the next episode.
INFO 2026-05-11 15:08:19 t_record.py:383 No policy or teleoperator provided, skipping action generation.This is likely to happen when resetting the environment without a teleop device.The robot won't be at its rest position at the start of the next episode.
INFO 2026-05-11 15:08:19 t_record.py:383 No policy or teleoperator provided, skipping action generation.This is likely to happen when resetting the environment without a teleop device.The robot won't be at its rest position at the start of the next episode.
INFO 2026-05-11 15:08:19 t_record.py:383 No policy or teleoperator provided, skipping action generation.This is likely to happen when resetting the environment without a teleop device.The robot won't be at its rest position at the start of the next episode.
INFO 2026-05-11 15:08:19 t_record.py:383 No policy or teleoperator provided, skipping action generation.This is likely to happen when resetting the environment without a teleop device.The robot won't be at its rest position at the start of the next episode.
INFO 2026-05-11 15:08:19 t_record.py:383 No policy or teleoperator provided, skipping action generation.This is likely to happen when resetting the environment without a teleop device.The robot won't be at its rest position at the start of the next episode.
INFO 2026-05-11 15:08:19 t_record.py:383 No policy or teleoperator provided, skipping action generation.This is likely to happen when resetting the environment without a teleop device.The robot won't be at its rest position at the start of the next episode.
INFO 2026-05-11 15:08:19 t_record.py:383 No policy or teleoperator provided, skipping action generation.This is likely to happen when resetting the environment without a teleop device.The robot won't be at its rest position at the start of the next episode.
INFO 2026-05-11 15:08:19 t_record.py:383 No policy or teleoperator provided, skipping action generation.This is likely to happen when resetting the environment without a teleop device.The robot won't be at its rest position at the start of the next episode.
INFO 2026-05-11 15:08:19 t_record.py:383 No policy or teleoperator provided, skipping action generation.This is likely to happen when resetting the environment without a teleop device.The robot won't be at its rest position at the start of the next episode.
INFO 2026-05-11 15:08:19 t_record.py:383 No policy or teleoperator provided, skipping action generation.This is likely to happen when resetting the environment without a teleop device.The robot won't be at its rest position at the start of the next episode.
INFO 2026-05-11 15:08:19 t_record.py:383 No policy or teleoperator provided, skipping action generation.This is likely to happen when resetting the environment without a teleop device.The robot won't be at its rest position at the start of the next episode.
INFO 2026-05-11 15:08:19 t_record.py:383 No policy or teleoperator provided, skipping action generation.This is likely to happen when resetting the environment without a teleop device.The robot won't be at its rest position at the start of the next episode.
INFO 2026-05-11 15:08:19 t_record.py:383 No policy or teleoperator provided, skipping action generation.This is likely to happen when resetting the environment without a teleop device.The robot won't be at its rest position at the start of the next episode.
INFO 2026-05-11 15:08:19 t_record.py:383 No policy or teleoperator provided, skipping action generation.This is likely to happen when resetting the environment without a teleop device.The robot won't be at its rest position at the start of the next episode.
INFO 2026-05-11 15:08:19 t_record.py:383 No policy or teleoperator provided, skipping action generation.This is likely to happen when resetting the environment without a teleop device.The robot won't be at its rest position at the start of the next episode.
INFO 2026-05-11 15:08:19 t_record.py:383 No policy or teleoperator provided, skipping action generation.This is likely to happen when resetting the environment without a teleop device.The robot won't be at its rest position at the start of the next episode.
INFO 2026-05-11 15:08:19 t_record.py:383 No policy or teleoperator provided, skipping action generation.This is likely to happen when resetting the environment without a teleop device.The robot won't be at its rest position at the start of the next episode.
INFO 2026-05-11 15:08:19 t_record.py:383 No policy or teleoperator provided, skipping action generation.This is likely to happen when resetting the environment without a teleop device.The robot won't be at its rest position at the start of the next episode.
INFO 2026-05-11 15:08:19 t_record.py:383 No policy or teleoperator provided, skipping action generation.This is likely to happen when resetting the environment without a teleop device.The robot won't be at its rest position at the start of the next episode.
INFO 2026-05-11 15:08:19 t_record.py:383 No policy or teleoperator provided, skipping action generation.This is likely to happen when resetting the environment without a teleop device.The robot won't be at its rest position at the start of the next episode.
INFO 2026-05-11 15:08:19 t_record.py:383 No policy or teleoperator provided, skipping action generation.This is likely to happen when resetting the environment without a teleop device.The robot won't be at its rest position at the start of the next episode.
INFO 2026-05-11 15:08:19 t_record.py:383 No policy or teleoperator provided, skipping action generation.This is likely to happen when resetting the environment without a teleop device.The robot won't be at its rest position at the start of the next episode.
INFO 2026-05-11 15:08:19 t_record.py:383 No policy or teleoperator provided, skipping action generation.This is likely to happen when resetting the environment without a teleop device.The robot won't be at its rest position at the start of the next episode.
INFO 2026-05-11 15:08:19 t_record.py:383 No policy or teleoperator provided, skipping action generation.This is likely to happen when resetting the environment without a teleop device.The robot won't be at its rest position at the start of the next episode.
INFO 2026-05-11 15:08:19 t_record.py:383 No policy or teleoperator provided, skipping action generation.This is likely to happen when resetting the environment without a teleop device.The robot won't be at its rest position at the start of the next episode.
INFO 2026-05-11 15:08:19 t_record.py:383 No policy or teleoperator provided, skipping action generation.This is likely to happen when resetting the environment without a teleop device.The robot won't be at its rest position at the start of the next episode.
INFO 2026-05-11 15:08:19 t_record.py:383 No policy or teleoperator provided, skipping action generation.This is likely to happen when resetting the environment without a teleop device.The robot won't be at its rest position at the start of the next episode.
INFO 2026-05-11 15:08:19 t_record.py:383 No policy or teleoperator provided, skipping action generation.This is likely to happen when resetting the environment without a teleop device.The robot won't be at its rest position at the start of the next episode.
INFO 2026-05-11 15:08:19 t_record.py:383 No policy or teleoperator provided, skipping action generation.This is likely to happen when resetting the environment without a teleop device.The robot won't be at its rest position at the start of the next episode.
INFO 2026-05-11 15:08:19 t_record.py:383 No policy or teleoperator provided, skipping action generation.This is likely to happen when resetting the environment without a teleop device.The robot won't be at its rest position at the start of the next episode.
INFO 2026-05-11 15:08:19 t_record.py:383 No policy or teleoperator provided, skipping action generation.This is likely to happen when resetting the environment without a teleop device.The robot won't be at its rest position at the start of the next episode.
INFO 2026-05-11 15:08:19 t_record.py:383 No policy or teleoperator provided, skipping action generation.This is likely to happen when resetting the environment without a teleop device.The robot won't be at its rest position at the start of the next episode.
INFO 2026-05-11 15:08:19 t_record.py:383 No policy or teleoperator provided, skipping action generation.This is likely to happen when resetting the environment without a teleop device.The robot won't be at its rest position at the start of the next episode.
INFO 2026-05-11 15:08:19 t_record.py:383 No policy or teleoperator provided, skipping action generation.This is likely to happen when resetting the environment without a teleop device.The robot won't be at its rest position at the start of the next episode.
INFO 2026-05-11 15:08:19 t_record.py:383 No policy or teleoperator provided, skipping action generation.This is likely to happen when resetting the environment without a teleop device.The robot won't be at its rest position at the start of the next episode.
INFO 2026-05-11 15:08:19 t_record.py:383 No policy or teleoperator provided, skipping action generation.This is likely to happen when resetting the environment without a teleop device.The robot won't be at its rest position at the start of the next episode.
INFO 2026-05-11 15:08:19 t_record.py:383 No policy or teleoperator provided, skipping action generation.This is likely to happen when resetting the environment without a teleop device.The robot won't be at its rest position at the start of the next episode.
INFO 2026-05-11 15:08:19 t_record.py:383 No policy or teleoperator provided, skipping action generation.This is likely to happen when resetting the environment without a teleop device.The robot won't be at its rest position at the start of the next episode.
INFO 2026-05-11 15:08:19 t_record.py:383 No policy or teleoperator provided, skipping action generation.This is likely to happen when resetting the environment without a teleop device.The robot won't be at its rest position at the start of the next episode.
INFO 2026-05-11 15:08:19 t_record.py:383 No policy or teleoperator provided, skipping action generation.This is likely to happen when resetting the environment without a teleop device.The robot won't be at its rest position at the start of the next episode.
INFO 2026-05-11 15:08:19 t_record.py:383 No policy or teleoperator provided, skipping action generation.This is likely to happen when resetting the environment without a teleop device.The robot won't be at its rest position at the start of the next episode.
INFO 2026-05-11 15:08:19 t_record.py:383 No policy or teleoperator provided, skipping action generation.This is likely to happen when resetting the environment without a teleop device.The robot won't be at its rest position at the start of the next episode.
INFO 2026-05-11 15:08:19 t_record.py:383 No policy or teleoperator provided, skipping action generation.This is likely to happen when resetting the environment without a teleop device.The robot won't be at its rest position at the start of the next episode.
INFO 2026-05-11 15:08:19 t_record.py:383 No policy or teleoperator provided, skipping action generation.This is likely to happen when resetting the environment without a teleop device.The robot won't be at its rest position at the start of the next episode.
INFO 2026-05-11 15:08:19 t_record.py:383 No policy or teleoperator provided, skipping action generation.This is likely to happen when resetting the environment without a teleop device.The robot won't be at its rest position at the start of the next episode.
INFO 2026-05-11 15:08:19 t_record.py:383 No policy or teleoperator provided, skipping action generation.This is likely to happen when resetting the environment without a teleop device.The robot won't be at its rest position at the start of the next episode.
INFO 2026-05-11 15:08:19 t_record.py:383 No policy or teleoperator provided, skipping action generation.This is likely to happen when resetting the environment without a teleop device.The robot won't be at its rest position at the start of the next episode.
INFO 2026-05-11 15:08:19 t_record.py:383 No policy or teleoperator provided, skipping action generation.This is likely to happen when resetting the environment without a teleop device.The robot won't be at its rest position at the start of the next episode.
INFO 2026-05-11 15:08:19 t_record.py:383 No policy or teleoperator provided, skipping action generation.This is likely to happen when resetting the environment without a teleop device.The robot won't be at its rest position at the start of the next episode.
INFO 2026-05-11 15:08:19 t_record.py:383 No policy or teleoperator provided, skipping action generation.This is likely to happen when resetting the environment without a teleop device.The robot won't be at its rest position at the start of the next episode.
INFO 2026-05-11 15:08:19 t_record.py:383 No policy or teleoperator provided, skipping action generation.This is likely to happen when resetting the environment without a teleop device.The robot won't be at its rest position at the start of the next episode.
INFO 2026-05-11 15:08:19 t_record.py:383 No policy or teleoperator provided, skipping action generation.This is likely to happen when resetting the environment without a teleop device.The robot won't be at its rest position at the start of the next episode.
INFO 2026-05-11 15:08:19 t_record.py:383 No policy or teleoperator provided, skipping action generation.This is likely to happen when resetting the environment without a teleop device.The robot won't be at its rest position at the start of the next episode.
INFO 2026-05-11 15:08:19 t_record.py:383 No policy or teleoperator provided, skipping action generation.This is likely to happen when resetting the environment without a teleop device.The robot won't be at its rest position at the start of the next episode.
INFO 2026-05-11 15:08:19 t_record.py:383 No policy or teleoperator provided, skipping action generation.This is likely to happen when resetting the environment without a teleop device.The robot won't be at its rest position at the start of the next episode.
INFO 2026-05-11 15:08:19 t_record.py:383 No policy or teleoperator provided, skipping action generation.This is likely to happen when resetting the environment without a teleop device.The robot won't be at its rest position at the start of the next episode.
INFO 2026-05-11 15:08:19 t_record.py:383 No policy or teleoperator provided, skipping action generation.This is likely to happen when resetting the environment without a teleop device.The robot won't be at its rest position at the start of the next episode.
INFO 2026-05-11 15:08:19 t_record.py:383 No policy or teleoperator provided, skipping action generation.This is likely to happen when resetting the environment without a teleop device.The robot won't be at its rest position at the start of the next episode.
INFO 2026-05-11 15:08:19 t_record.py:383 No policy or teleoperator provided, skipping action generation.This is likely to happen when resetting the environment without a teleop device.The robot won't be at its rest position at the start of the next episode.
INFO 2026-05-11 15:08:19 t_record.py:383 No policy or teleoperator provided, skipping action generation.This is likely to happen when resetting the environment without a teleop device.The robot won't be at its rest position at the start of the next episode.
INFO 2026-05-11 15:08:19 t_record.py:383 No policy or teleoperator provided, skipping action generation.This is likely to happen when resetting the environment without a teleop device.The robot won't be at its rest position at the start of the next episode.
INFO 2026-05-11 15:08:19 t_record.py:383 No policy or teleoperator provided, skipping action generation.This is likely to happen when resetting the environment without a teleop device.The robot won't be at its rest position at the start of the next episode.
INFO 2026-05-11 15:08:19 t_record.py:383 No policy or teleoperator provided, skipping action generation.This is likely to happen when resetting the environment without a teleop device.The robot won't be at its rest position at the start of the next episode.
INFO 2026-05-11 15:08:19 t_record.py:383 No policy or teleoperator provided, skipping action generation.This is likely to happen when resetting the environment without a teleop device.The robot won't be at its rest position at the start of the next episode.
INFO 2026-05-11 15:08:19 t_record.py:383 No policy or teleoperator provided, skipping action generation.This is likely to happen when resetting the environment without a teleop device.The robot won't be at its rest position at the start of the next episode.
INFO 2026-05-11 15:08:19 t_record.py:383 No policy or teleoperator provided, skipping action generation.This is likely to happen when resetting the environment without a teleop device.The robot won't be at its rest position at the start of the next episode.
INFO 2026-05-11 15:08:19 t_record.py:383 No policy or teleoperator provided, skipping action generation.This is likely to happen when resetting the environment without a teleop device.The robot won't be at its rest position at the start of the next episode.
INFO 2026-05-11 15:08:19 t_record.py:383 No policy or teleoperator provided, skipping action generation.This is likely to happen when resetting the environment without a teleop device.The robot won't be at its rest position at the start of the next episode.
INFO 2026-05-11 15:08:19 t_record.py:383 No policy or teleoperator provided, skipping action generation.This is likely to happen when resetting the environment without a teleop device.The robot won't be at its rest position at the start of the next episode.
INFO 2026-05-11 15:08:19 t_record.py:383 No policy or teleoperator provided, skipping action generation.This is likely to happen when resetting the environment without a teleop device.The robot won't be at its rest position at the start of the next episode.
INFO 2026-05-11 15:08:19 t_record.py:383 No policy or teleoperator provided, skipping action generation.This is likely to happen when resetting the environment without a teleop device.The robot won't be at its rest position at the start of the next episode.
INFO 2026-05-11 15:08:19 t_record.py:383 No policy or teleoperator provided, skipping action generation.This is likely to happen when resetting the environment without a teleop device.The robot won't be at its rest position at the start of the next episode.
INFO 2026-05-11 15:08:19 t_record.py:383 No policy or teleoperator provided, skipping action generation.This is likely to happen when resetting the environment without a teleop device.The robot won't be at its rest position at the start of the next episode.
INFO 2026-05-11 15:08:19 t_record.py:383 No policy or teleoperator provided, skipping action generation.This is likely to happen when resetting the environment without a teleop device.The robot won't be at its rest position at the start of the next episode.
INFO 2026-05-11 15:08:19 t_record.py:383 No policy or teleoperator provided, skipping action generation.This is likely to happen when resetting the environment without a teleop device.The robot won't be at its rest position at the start of the next episode.
INFO 2026-05-11 15:08:19 t_record.py:383 No policy or teleoperator provided, skipping action generation.This is likely to happen when resetting the environment without a teleop device.The robot won't be at its rest position at the start of the next episode.
INFO 2026-05-11 15:08:19 t_record.py:383 No policy or teleoperator provided, skipping action generation.This is likely to happen when resetting the environment without a teleop device.The robot won't be at its rest position at the start of the next episode.
INFO 2026-05-11 15:08:19 t_record.py:383 No policy or teleoperator provided, skipping action generation.This is likely to happen when resetting the environment without a teleop device.The robot won't be at its rest position at the start of the next episode.
INFO 2026-05-11 15:08:19 t_record.py:383 No policy or teleoperator provided, skipping action generation.This is likely to happen when resetting the environment without a teleop device.The robot won't be at its rest position at the start of the next episode.
INFO 2026-05-11 15:08:19 t_record.py:383 No policy or teleoperator provided, skipping action generation.This is likely to happen when resetting the environment without a teleop device.The robot won't be at its rest position at the start of the next episode.
INFO 2026-05-11 15:08:19 t_record.py:383 No policy or teleoperator provided, skipping action generation.This is likely to happen when resetting the environment without a teleop device.The robot won't be at its rest position at the start of the next episode.
INFO 2026-05-11 15:08:19 t_record.py:383 No policy or teleoperator provided, skipping action generation.This is likely to happen when resetting the environment without a teleop device.The robot won't be at its rest position at the start of the next episode.
INFO 2026-05-11 15:08:19 t_record.py:383 No policy or teleoperator provided, skipping action generation.This is likely to happen when resetting the environment without a teleop device.The robot won't be at its rest position at the start of the next episode.
INFO 2026-05-11 15:08:19 t_record.py:383 No policy or teleoperator provided, skipping action generation.This is likely to happen when resetting the environment without a teleop device.The robot won't be at its rest position at the start of the next episode.
INFO 2026-05-11 15:08:19 t_record.py:383 No policy or teleoperator provided, skipping action generation.This is likely to happen when resetting the environment without a teleop device.The robot won't be at its rest position at the start of the next episode.
INFO 2026-05-11 15:08:19 t_record.py:383 No policy or teleoperator provided, skipping action generation.This is likely to happen when resetting the environment without a teleop device.The robot won't be at its rest position at the start of the next episode.
INFO 2026-05-11 15:08:19 t_record.py:383 No policy or teleoperator provided, skipping action generation.This is likely to happen when resetting the environment without a teleop device.The robot won't be at its rest position at the start of the next episode.
INFO 2026-05-11 15:08:19 t_record.py:383 No policy or teleoperator provided, skipping action generation.This is likely to happen when resetting the environment without a teleop device.The robot won't be at its rest position at the start of the next episode.
INFO 2026-05-11 15:08:19 t_record.py:383 No policy or teleoperator provided, skipping action generation.This is likely to happen when resetting the environment without a teleop device.The robot won't be at its rest position at the start of the next episode.
INFO 2026-05-11 15:08:19 t_record.py:383 No policy or teleoperator provided, skipping action generation.This is likely to happen when resetting the environment without a teleop device.The robot won't be at its rest position at the start of the next episode.
INFO 2026-05-11 15:08:19 t_record.py:383 No policy or teleoperator provided, skipping action generation.This is likely to happen when resetting the environment without a teleop device.The robot won't be at its rest position at the start of the next episode.
INFO 2026-05-11 15:08:19 t_record.py:383 No policy or teleoperator provided, skipping action generation.This is likely to happen when resetting the environment without a teleop device.The robot won't be at its rest position at the start of the next episode.
INFO 2026-05-11 15:08:19 t_record.py:383 No policy or teleoperator provided, skipping action generation.This is likely to happen when resetting the environment without a teleop device.The robot won't be at its rest position at the start of the next episode.
INFO 2026-05-11 15:08:19 t_record.py:383 No policy or teleoperator provided, skipping action generation.This is likely to happen when resetting the environment without a teleop device.The robot won't be at its rest position at the start of the next episode.
INFO 2026-05-11 15:08:19 t_record.py:383 No policy or teleoperator provided, skipping action generation.This is likely to happen when resetting the environment without a teleop device.The robot won't be at its rest position at the start of the next episode.
INFO 2026-05-11 15:08:19 t_record.py:383 No policy or teleoperator provided, skipping action generation.This is likely to happen when resetting the environment without a teleop device.The robot won't be at its rest position at the start of the next episode.
INFO 2026-05-11 15:08:19 t_record.py:383 No policy or teleoperator provided, skipping action generation.This is likely to happen when resetting the environment without a teleop device.The robot won't be at its rest position at the start of the next episode.
INFO 2026-05-11 15:08:19 t_record.py:383 No policy or teleoperator provided, skipping action generation.This is likely to happen when resetting the environment without a teleop device.The robot won't be at its rest position at the start of the next episode.
INFO 2026-05-11 15:08:19 t_record.py:383 No policy or teleoperator provided, skipping action generation.This is likely to happen when resetting the environment without a teleop device.The robot won't be at its rest position at the start of the next episode.
INFO 2026-05-11 15:08:19 t_record.py:383 No policy or teleoperator provided, skipping action generation.This is likely to happen when resetting the environment without a teleop device.The robot won't be at its rest position at the start of the next episode.
INFO 2026-05-11 15:08:19 t_record.py:383 No policy or teleoperator provided, skipping action generation.This is likely to happen when resetting the environment without a teleop device.The robot won't be at its rest position at the start of the next episode.
INFO 2026-05-11 15:08:19 t_record.py:383 No policy or teleoperator provided, skipping action generation.This is likely to happen when resetting the environment without a teleop device.The robot won't be at its rest position at the start of the next episode.
INFO 2026-05-11 15:08:19 t_record.py:383 No policy or teleoperator provided, skipping action generation.This is likely to happen when resetting the environment without a teleop device.The robot won't be at its rest position at the start of the next episode.
INFO 2026-05-11 15:08:19 t_record.py:383 No policy or teleoperator provided, skipping action generation.This is likely to happen when resetting the environment without a teleop device.The robot won't be at its rest position at the start of the next episode.
INFO 2026-05-11 15:08:19 t_record.py:383 No policy or teleoperator provided, skipping action generation.This is likely to happen when resetting the environment without a teleop device.The robot won't be at its rest position at the start of the next episode.
INFO 2026-05-11 15:08:19 t_record.py:383 No policy or teleoperator provided, skipping action generation.This is likely to happen when resetting the environment without a teleop device.The robot won't be at its rest position at the start of the next episode.
INFO 2026-05-11 15:08:19 t_record.py:383 No policy or teleoperator provided, skipping action generation.This is likely to happen when resetting the environment without a teleop device.The robot won't be at its rest position at the start of the next episode.
INFO 2026-05-11 15:08:19 t_record.py:383 No policy or teleoperator provided, skipping action generation.This is likely to happen when resetting the environment without a teleop device.The robot won't be at its rest position at the start of the next episode.
INFO 2026-05-11 15:08:19 t_record.py:383 No policy or teleoperator provided, skipping action generation.This is likely to happen when resetting the environment without a teleop device.The robot won't be at its rest position at the start of the next episode.
INFO 2026-05-11 15:08:19 t_record.py:383 No policy or teleoperator provided, skipping action generation.This is likely to happen when resetting the environment without a teleop device.The robot won't be at its rest position at the start of the next episode.
INFO 2026-05-11 15:08:19 t_record.py:383 No policy or teleoperator provided, skipping action generation.This is likely to happen when resetting the environment without a teleop device.The robot won't be at its rest position at the start of the next episode.
INFO 2026-05-11 15:08:19 t_record.py:383 No policy or teleoperator provided, skipping action generation.This is likely to happen when resetting the environment without a teleop device.The robot won't be at its rest position at the start of the next episode.
INFO 2026-05-11 15:08:19 t_record.py:383 No policy or teleoperator provided, skipping action generation.This is likely to happen when resetting the environment without a teleop device.The robot won't be at its rest position at the start of the next episode.
INFO 2026-05-11 15:08:19 t_record.py:383 No policy or teleoperator provided, skipping action generation.This is likely to happen when resetting the environment without a teleop device.The robot won't be at its rest position at the start of the next episode.
INFO 2026-05-11 15:08:19 t_record.py:383 No policy or teleoperator provided, skipping action generation.This is likely to happen when resetting the environment without a teleop device.The robot won't be at its rest position at the start of the next episode.
INFO 2026-05-11 15:08:19 t_record.py:383 No policy or teleoperator provided, skipping action generation.This is likely to happen when resetting the environment without a teleop device.The robot won't be at its rest position at the start of the next episode.
INFO 2026-05-11 15:08:19 t_record.py:383 No policy or teleoperator provided, skipping action generation.This is likely to happen when resetting the environment without a teleop device.The robot won't be at its rest position at the start of the next episode.
INFO 2026-05-11 15:08:19 t_record.py:383 No policy or teleoperator provided, skipping action generation.This is likely to happen when resetting the environment without a teleop device.The robot won't be at its rest position at the start of the next episode.
INFO 2026-05-11 15:08:19 t_record.py:383 No policy or teleoperator provided, skipping action generation.This is likely to happen when resetting the environment without a teleop device.The robot won't be at its rest position at the start of the next episode.
INFO 2026-05-11 15:08:19 t_record.py:383 No policy or teleoperator provided, skipping action generation.This is likely to happen when resetting the environment without a teleop device.The robot won't be at its rest position at the start of the next episode.
INFO 2026-05-11 15:08:19 t_record.py:383 No policy or teleoperator provided, skipping action generation.This is likely to happen when resetting the environment without a teleop device.The robot won't be at its rest position at the start of the next episode.
INFO 2026-05-11 15:08:19 t_record.py:383 No policy or teleoperator provided, skipping action generation.This is likely to happen when resetting the environment without a teleop device.The robot won't be at its rest position at the start of the next episode.
INFO 2026-05-11 15:08:19 t_record.py:383 No policy or teleoperator provided, skipping action generation.This is likely to happen when resetting the environment without a teleop device.The robot won't be at its rest position at the start of the next episode.
INFO 2026-05-11 15:08:19 t_record.py:383 No policy or teleoperator provided, skipping action generation.This is likely to happen when resetting the environment without a teleop device.The robot won't be at its rest position at the start of the next episode.
INFO 2026-05-11 15:08:19 t_record.py:383 No policy or teleoperator provided, skipping action generation.This is likely to happen when resetting the environment without a teleop device.The robot won't be at its rest position at the start of the next episode.
INFO 2026-05-11 15:08:19 t_record.py:383 No policy or teleoperator provided, skipping action generation.This is likely to happen when resetting the environment without a teleop device.The robot won't be at its rest position at the start of the next episode.
INFO 2026-05-11 15:08:19 t_record.py:383 No policy or teleoperator provided, skipping action generation.This is likely to happen when resetting the environment without a teleop device.The robot won't be at its rest position at the start of the next episode.
INFO 2026-05-11 15:08:19 t_record.py:383 No policy or teleoperator provided, skipping action generation.This is likely to happen when resetting the environment without a teleop device.The robot won't be at its rest position at the start of the next episode.
INFO 2026-05-11 15:08:19 t_record.py:383 No policy or teleoperator provided, skipping action generation.This is likely to happen when resetting the environment without a teleop device.The robot won't be at its rest position at the start of the next episode.
INFO 2026-05-11 15:08:19 t_record.py:383 No policy or teleoperator provided, skipping action generation.This is likely to happen when resetting the environment without a teleop device.The robot won't be at its rest position at the start of the next episode.
INFO 2026-05-11 15:08:19 t_record.py:383 No policy or teleoperator provided, skipping action generation.This is likely to happen when resetting the environment without a teleop device.The robot won't be at its rest position at the start of the next episode.
INFO 2026-05-11 15:08:19 t_record.py:383 No policy or teleoperator provided, skipping action generation.This is likely to happen when resetting the environment without a teleop device.The robot won't be at its rest position at the start of the next episode.
INFO 2026-05-11 15:08:19 t_record.py:383 No policy or teleoperator provided, skipping action generation.This is likely to happen when resetting the environment without a teleop device.The robot won't be at its rest position at the start of the next episode.
INFO 2026-05-11 15:08:19 t_record.py:383 No policy or teleoperator provided, skipping action generation.This is likely to happen when resetting the environment without a teleop device.The robot won't be at its rest position at the start of the next episode.
INFO 2026-05-11 15:08:19 t_record.py:383 No policy or teleoperator provided, skipping action generation.This is likely to happen when resetting the environment without a teleop device.The robot won't be at its rest position at the start of the next episode.
INFO 2026-05-11 15:08:19 t_record.py:383 No policy or teleoperator provided, skipping action generation.This is likely to happen when resetting the environment without a teleop device.The robot won't be at its rest position at the start of the next episode.
INFO 2026-05-11 15:08:19 t_record.py:383 No policy or teleoperator provided, skipping action generation.This is likely to happen when resetting the environment without a teleop device.The robot won't be at its rest position at the start of the next episode.
INFO 2026-05-11 15:08:19 t_record.py:383 No policy or teleoperator provided, skipping action generation.This is likely to happen when resetting the environment without a teleop device.The robot won't be at its rest position at the start of the next episode.
INFO 2026-05-11 15:08:19 t_record.py:383 No policy or teleoperator provided, skipping action generation.This is likely to happen when resetting the environment without a teleop device.The robot won't be at its rest position at the start of the next episode.
INFO 2026-05-11 15:08:19 t_record.py:383 No policy or teleoperator provided, skipping action generation.This is likely to happen when resetting the environment without a teleop device.The robot won't be at its rest position at the start of the next episode.
INFO 2026-05-11 15:08:19 t_record.py:383 No policy or teleoperator provided, skipping action generation.This is likely to happen when resetting the environment without a teleop device.The robot won't be at its rest position at the start of the next episode.
INFO 2026-05-11 15:08:19 t_record.py:383 No policy or teleoperator provided, skipping action generation.This is likely to happen when resetting the environment without a teleop device.The robot won't be at its rest position at the start of the next episode.
INFO 2026-05-11 15:08:19 t_record.py:383 No policy or teleoperator provided, skipping action generation.This is likely to happen when resetting the environment without a teleop device.The robot won't be at its rest position at the start of the next episode.
INFO 2026-05-11 15:08:19 t_record.py:383 No policy or teleoperator provided, skipping action generation.This is likely to happen when resetting the environment without a teleop device.The robot won't be at its rest position at the start of the next episode.
INFO 2026-05-11 15:08:19 t_record.py:383 No policy or teleoperator provided, skipping action generation.This is likely to happen when resetting the environment without a teleop device.The robot won't be at its rest position at the start of the next episode.
INFO 2026-05-11 15:08:19 t_record.py:383 No policy or teleoperator provided, skipping action generation.This is likely to happen when resetting the environment without a teleop device.The robot won't be at its rest position at the start of the next episode.
INFO 2026-05-11 15:08:19 t_record.py:383 No policy or teleoperator provided, skipping action generation.This is likely to happen when resetting the environment without a teleop device.The robot won't be at its rest position at the start of the next episode.
INFO 2026-05-11 15:08:19 t_record.py:383 No policy or teleoperator provided, skipping action generation.This is likely to happen when resetting the environment without a teleop device.The robot won't be at its rest position at the start of the next episode.
INFO 2026-05-11 15:08:19 t_record.py:383 No policy or teleoperator provided, skipping action generation.This is likely to happen when resetting the environment without a teleop device.The robot won't be at its rest position at the start of the next episode.
INFO 2026-05-11 15:08:19 t_record.py:383 No policy or teleoperator provided, skipping action generation.This is likely to happen when resetting the environment without a teleop device.The robot won't be at its rest position at the start of the next episode.
INFO 2026-05-11 15:08:19 t_record.py:383 No policy or teleoperator provided, skipping action generation.This is likely to happen when resetting the environment without a teleop device.The robot won't be at its rest position at the start of the next episode.
INFO 2026-05-11 15:08:19 t_record.py:383 No policy or teleoperator provided, skipping action generation.This is likely to happen when resetting the environment without a teleop device.The robot won't be at its rest position at the start of the next episode.
INFO 2026-05-11 15:08:19 t_record.py:383 No policy or teleoperator provided, skipping action generation.This is likely to happen when resetting the environment without a teleop device.The robot won't be at its rest position at the start of the next episode.
INFO 2026-05-11 15:08:19 t_record.py:383 No policy or teleoperator provided, skipping action generation.This is likely to happen when resetting the environment without a teleop device.The robot won't be at its rest position at the start of the next episode.
INFO 2026-05-11 15:08:19 t_record.py:383 No policy or teleoperator provided, skipping action generation.This is likely to happen when resetting the environment without a teleop device.The robot won't be at its rest position at the start of the next episode.
INFO 2026-05-11 15:08:19 t_record.py:383 No policy or teleoperator provided, skipping action generation.This is likely to happen when resetting the environment without a teleop device.The robot won't be at its rest position at the start of the next episode.
INFO 2026-05-11 15:08:19 t_record.py:383 No policy or teleoperator provided, skipping action generation.This is likely to happen when resetting the environment without a teleop device.The robot won't be at its rest position at the start of the next episode.
INFO 2026-05-11 15:08:19 t_record.py:383 No policy or teleoperator provided, skipping action generation.This is likely to happen when resetting the environment without a teleop device.The robot won't be at its rest position at the start of the next episode.
INFO 2026-05-11 15:08:19 t_record.py:383 No policy or teleoperator provided, skipping action generation.This is likely to happen when resetting the environment without a teleop device.The robot won't be at its rest position at the start of the next episode.
INFO 2026-05-11 15:08:19 t_record.py:383 No policy or teleoperator provided, skipping action generation.This is likely to happen when resetting the environment without a teleop device.The robot won't be at its rest position at the start of the next episode.
INFO 2026-05-11 15:08:19 t_record.py:383 No policy or teleoperator provided, skipping action generation.This is likely to happen when resetting the environment without a teleop device.The robot won't be at its rest position at the start of the next episode.
INFO 2026-05-11 15:08:19 t_record.py:383 No policy or teleoperator provided, skipping action generation.This is likely to happen when resetting the environment without a teleop device.The robot won't be at its rest position at the start of the next episode.
INFO 2026-05-11 15:08:19 t_record.py:383 No policy or teleoperator provided, skipping action generation.This is likely to happen when resetting the environment without a teleop device.The robot won't be at its rest position at the start of the next episode.
INFO 2026-05-11 15:08:19 t_record.py:383 No policy or teleoperator provided, skipping action generation.This is likely to happen when resetting the environment without a teleop device.The robot won't be at its rest position at the start of the next episode.
INFO 2026-05-11 15:08:19 t_record.py:383 No policy or teleoperator provided, skipping action generation.This is likely to happen when resetting the environment without a teleop device.The robot won't be at its rest position at the start of the next episode.
INFO 2026-05-11 15:08:19 t_record.py:383 No policy or teleoperator provided, skipping action generation.This is likely to happen when resetting the environment without a teleop device.The robot won't be at its rest position at the start of the next episode.
INFO 2026-05-11 15:08:19 t_record.py:383 No policy or teleoperator provided, skipping action generation.This is likely to happen when resetting the environment without a teleop device.The robot won't be at its rest position at the start of the next episode.
INFO 2026-05-11 15:08:19 t_record.py:383 No policy or teleoperator provided, skipping action generation.This is likely to happen when resetting the environment without a teleop device.The robot won't be at its rest position at the start of the next episode.
INFO 2026-05-11 15:08:19 t_record.py:383 No policy or teleoperator provided, skipping action generation.This is likely to happen when resetting the environment without a teleop device.The robot won't be at its rest position at the start of the next episode.
INFO 2026-05-11 15:08:19 t_record.py:383 No policy or teleoperator provided, skipping action generation.This is likely to happen when resetting the environment without a teleop device.The robot won't be at its rest position at the start of the next episode.
INFO 2026-05-11 15:08:19 t_record.py:383 No policy or teleoperator provided, skipping action generation.This is likely to happen when resetting the environment without a teleop device.The robot won't be at its rest position at the start of the next episode.
INFO 2026-05-11 15:08:19 t_record.py:383 No policy or teleoperator provided, skipping action generation.This is likely to happen when resetting the environment without a teleop device.The robot won't be at its rest position at the start of the next episode.
INFO 2026-05-11 15:08:19 t_record.py:383 No policy or teleoperator provided, skipping action generation.This is likely to happen when resetting the environment without a teleop device.The robot won't be at its rest position at the start of the next episode.
INFO 2026-05-11 15:08:19 t_record.py:383 No policy or teleoperator provided, skipping action generation.This is likely to happen when resetting the environment without a teleop device.The robot won't be at its rest position at the start of the next episode.
INFO 2026-05-11 15:08:19 t_record.py:383 No policy or teleoperator provided, skipping action generation.This is likely to happen when resetting the environment without a teleop device.The robot won't be at its rest position at the start of the next episode.
INFO 2026-05-11 15:08:19 t_record.py:383 No policy or teleoperator provided, skipping action generation.This is likely to happen when resetting the environment without a teleop device.The robot won't be at its rest position at the start of the next episode.
INFO 2026-05-11 15:08:19 t_record.py:383 No policy or teleoperator provided, skipping action generation.This is likely to happen when resetting the environment without a teleop device.The robot won't be at its rest position at the start of the next episode.
INFO 2026-05-11 15:08:19 t_record.py:383 No policy or teleoperator provided, skipping action generation.This is likely to happen when resetting the environment without a teleop device.The robot won't be at its rest position at the start of the next episode.
INFO 2026-05-11 15:08:19 t_record.py:383 No policy or teleoperator provided, skipping action generation.This is likely to happen when resetting the environment without a teleop device.The robot won't be at its rest position at the start of the next episode.
INFO 2026-05-11 15:08:19 t_record.py:383 No policy or teleoperator provided, skipping action generation.This is likely to happen when resetting the environment without a teleop device.The robot won't be at its rest position at the start of the next episode.
INFO 2026-05-11 15:08:19 t_record.py:383 No policy or teleoperator provided, skipping action generation.This is likely to happen when resetting the environment without a teleop device.The robot won't be at its rest position at the start of the next episode.
INFO 2026-05-11 15:08:19 t_record.py:383 No policy or teleoperator provided, skipping action generation.This is likely to happen when resetting the environment without a teleop device.The robot won't be at its rest position at the start of the next episode.
INFO 2026-05-11 15:08:19 t_record.py:383 No policy or teleoperator provided, skipping action generation.This is likely to happen when resetting the environment without a teleop device.The robot won't be at its rest position at the start of the next episode.
INFO 2026-05-11 15:08:19 t_record.py:383 No policy or teleoperator provided, skipping action generation.This is likely to happen when resetting the environment without a teleop device.The robot won't be at its rest position at the start of the next episode.
INFO 2026-05-11 15:08:19 t_record.py:383 No policy or teleoperator provided, skipping action generation.This is likely to happen when resetting the environment without a teleop device.The robot won't be at its rest position at the start of the next episode.
INFO 2026-05-11 15:08:19 t_record.py:383 No policy or teleoperator provided, skipping action generation.This is likely to happen when resetting the environment without a teleop device.The robot won't be at its rest position at the start of the next episode.
INFO 2026-05-11 15:08:19 t_record.py:383 No policy or teleoperator provided, skipping action generation.This is likely to happen when resetting the environment without a teleop device.The robot won't be at its rest position at the start of the next episode.
INFO 2026-05-11 15:08:19 t_record.py:383 No policy or teleoperator provided, skipping action generation.This is likely to happen when resetting the environment without a teleop device.The robot won't be at its rest position at the start of the next episode.
INFO 2026-05-11 15:08:19 t_record.py:383 No policy or teleoperator provided, skipping action generation.This is likely to happen when resetting the environment without a teleop device.The robot won't be at its rest position at the start of the next episode.
INFO 2026-05-11 15:08:19 t_record.py:383 No policy or teleoperator provided, skipping action generation.This is likely to happen when resetting the environment without a teleop device.The robot won't be at its rest position at the start of the next episode.
INFO 2026-05-11 15:08:19 t_record.py:383 No policy or teleoperator provided, skipping action generation.This is likely to happen when resetting the environment without a teleop device.The robot won't be at its rest position at the start of the next episode.
INFO 2026-05-11 15:08:19 t_record.py:383 No policy or teleoperator provided, skipping action generation.This is likely to happen when resetting the environment without a teleop device.The robot won't be at its rest position at the start of the next episode.
INFO 2026-05-11 15:08:19 t_record.py:383 No policy or teleoperator provided, skipping action generation.This is likely to happen when resetting the environment without a teleop device.The robot won't be at its rest position at the start of the next episode.
INFO 2026-05-11 15:08:19 t_record.py:383 No policy or teleoperator provided, skipping action generation.This is likely to happen when resetting the environment without a teleop device.The robot won't be at its rest position at the start of the next episode.
INFO 2026-05-11 15:08:19 t_record.py:383 No policy or teleoperator provided, skipping action generation.This is likely to happen when resetting the environment without a teleop device.The robot won't be at its rest position at the start of the next episode.
INFO 2026-05-11 15:08:19 t_record.py:383 No policy or teleoperator provided, skipping action generation.This is likely to happen when resetting the environment without a teleop device.The robot won't be at its rest position at the start of the next episode.
INFO 2026-05-11 15:08:19 t_record.py:383 No policy or teleoperator provided, skipping action generation.This is likely to happen when resetting the environment without a teleop device.The robot won't be at its rest position at the start of the next episode.
INFO 2026-05-11 15:08:19 t_record.py:383 No policy or teleoperator provided, skipping action generation.This is likely to happen when resetting the environment without a teleop device.The robot won't be at its rest position at the start of the next episode.
INFO 2026-05-11 15:08:19 t_record.py:383 No policy or teleoperator provided, skipping action generation.This is likely to happen when resetting the environment without a teleop device.The robot won't be at its rest position at the start of the next episode.
INFO 2026-05-11 15:08:19 t_record.py:383 No policy or teleoperator provided, skipping action generation.This is likely to happen when resetting the environment without a teleop device.The robot won't be at its rest position at the start of the next episode.
INFO 2026-05-11 15:08:19 t_record.py:383 No policy or teleoperator provided, skipping action generation.This is likely to happen when resetting the environment without a teleop device.The robot won't be at its rest position at the start of the next episode.
INFO 2026-05-11 15:08:19 t_record.py:383 No policy or teleoperator provided, skipping action generation.This is likely to happen when resetting the environment without a teleop device.The robot won't be at its rest position at the start of the next episode.
INFO 2026-05-11 15:08:19 t_record.py:383 No policy or teleoperator provided, skipping action generation.This is likely to happen when resetting the environment without a teleop device.The robot won't be at its rest position at the start of the next episode.
INFO 2026-05-11 15:08:19 t_record.py:383 No policy or teleoperator provided, skipping action generation.This is likely to happen when resetting the environment without a teleop device.The robot won't be at its rest position at the start of the next episode.
INFO 2026-05-11 15:08:19 t_record.py:383 No policy or teleoperator provided, skipping action generation.This is likely to happen when resetting the environment without a teleop device.The robot won't be at its rest position at the start of the next episode.
INFO 2026-05-11 15:08:19 t_record.py:383 No policy or teleoperator provided, skipping action generation.This is likely to happen when resetting the environment without a teleop device.The robot won't be at its rest position at the start of the next episode.
INFO 2026-05-11 15:08:19 t_record.py:383 No policy or teleoperator provided, skipping action generation.This is likely to happen when resetting the environment without a teleop device.The robot won't be at its rest position at the start of the next episode.
INFO 2026-05-11 15:08:19 t_record.py:383 No policy or teleoperator provided, skipping action generation.This is likely to happen when resetting the environment without a teleop device.The robot won't be at its rest position at the start of the next episode.
INFO 2026-05-11 15:08:19 t_record.py:383 No policy or teleoperator provided, skipping action generation.This is likely to happen when resetting the environment without a teleop device.The robot won't be at its rest position at the start of the next episode.
INFO 2026-05-11 15:08:19 t_record.py:383 No policy or teleoperator provided, skipping action generation.This is likely to happen when resetting the environment without a teleop device.The robot won't be at its rest position at the start of the next episode.
INFO 2026-05-11 15:08:19 t_record.py:383 No policy or teleoperator provided, skipping action generation.This is likely to happen when resetting the environment without a teleop device.The robot won't be at its rest position at the start of the next episode.
INFO 2026-05-11 15:08:19 t_record.py:383 No policy or teleoperator provided, skipping action generation.This is likely to happen when resetting the environment without a teleop device.The robot won't be at its rest position at the start of the next episode.
INFO 2026-05-11 15:08:19 t_record.py:383 No policy or teleoperator provided, skipping action generation.This is likely to happen when resetting the environment without a teleop device.The robot won't be at its rest position at the start of the next episode.
INFO 2026-05-11 15:08:19 t_record.py:383 No policy or teleoperator provided, skipping action generation.This is likely to happen when resetting the environment without a teleop device.The robot won't be at its rest position at the start of the next episode.
INFO 2026-05-11 15:08:19 t_record.py:383 No policy or teleoperator provided, skipping action generation.This is likely to happen when resetting the environment without a teleop device.The robot won't be at its rest position at the start of the next episode.
INFO 2026-05-11 15:08:19 t_record.py:383 No policy or teleoperator provided, skipping action generation.This is likely to happen when resetting the environment without a teleop device.The robot won't be at its rest position at the start of the next episode.
INFO 2026-05-11 15:08:19 t_record.py:383 No policy or teleoperator provided, skipping action generation.This is likely to happen when resetting the environment without a teleop device.The robot won't be at its rest position at the start of the next episode.
INFO 2026-05-11 15:08:19 t_record.py:383 No policy or teleoperator provided, skipping action generation.This is likely to happen when resetting the environment without a teleop device.The robot won't be at its rest position at the start of the next episode.
INFO 2026-05-11 15:08:19 t_record.py:383 No policy or teleoperator provided, skipping action generation.This is likely to happen when resetting the environment without a teleop device.The robot won't be at its rest position at the start of the next episode.
INFO 2026-05-11 15:08:19 t_record.py:383 No policy or teleoperator provided, skipping action generation.This is likely to happen when resetting the environment without a teleop device.The robot won't be at its rest position at the start of the next episode.
INFO 2026-05-11 15:08:19 t_record.py:383 No policy or teleoperator provided, skipping action generation.This is likely to happen when resetting the environment without a teleop device.The robot won't be at its rest position at the start of the next episode.
INFO 2026-05-11 15:08:19 t_record.py:383 No policy or teleoperator provided, skipping action generation.This is likely to happen when resetting the environment without a teleop device.The robot won't be at its rest position at the start of the next episode.
INFO 2026-05-11 15:08:19 t_record.py:383 No policy or teleoperator provided, skipping action generation.This is likely to happen when resetting the environment without a teleop device.The robot won't be at its rest position at the start of the next episode.
INFO 2026-05-11 15:08:19 t_record.py:383 No policy or teleoperator provided, skipping action generation.This is likely to happen when resetting the environment without a teleop device.The robot won't be at its rest position at the start of the next episode.
INFO 2026-05-11 15:08:19 t_record.py:383 No policy or teleoperator provided, skipping action generation.This is likely to happen when resetting the environment without a teleop device.The robot won't be at its rest position at the start of the next episode.
INFO 2026-05-11 15:08:19 t_record.py:383 No policy or teleoperator provided, skipping action generation.This is likely to happen when resetting the environment without a teleop device.The robot won't be at its rest position at the start of the next episode.
INFO 2026-05-11 15:08:19 t_record.py:383 No policy or teleoperator provided, skipping action generation.This is likely to happen when resetting the environment without a teleop device.The robot won't be at its rest position at the start of the next episode.
INFO 2026-05-11 15:08:19 t_record.py:383 No policy or teleoperator provided, skipping action generation.This is likely to happen when resetting the environment without a teleop device.The robot won't be at its rest position at the start of the next episode.
INFO 2026-05-11 15:08:19 t_record.py:383 No policy or teleoperator provided, skipping action generation.This is likely to happen when resetting the environment without a teleop device.The robot won't be at its rest position at the start of the next episode.
INFO 2026-05-11 15:08:19 t_record.py:383 No policy or teleoperator provided, skipping action generation.This is likely to happen when resetting the environment without a teleop device.The robot won't be at its rest position at the start of the next episode.
INFO 2026-05-11 15:08:19 t_record.py:383 No policy or teleoperator provided, skipping action generation.This is likely to happen when resetting the environment without a teleop device.The robot won't be at its rest position at the start of the next episode.
INFO 2026-05-11 15:08:19 t_record.py:383 No policy or teleoperator provided, skipping action generation.This is likely to happen when resetting the environment without a teleop device.The robot won't be at its rest position at the start of the next episode.
INFO 2026-05-11 15:08:19 t_record.py:383 No policy or teleoperator provided, skipping action generation.This is likely to happen when resetting the environment without a teleop device.The robot won't be at its rest position at the start of the next episode.
INFO 2026-05-11 15:08:19 t_record.py:383 No policy or teleoperator provided, skipping action generation.This is likely to happen when resetting the environment without a teleop device.The robot won't be at its rest position at the start of the next episode.
INFO 2026-05-11 15:08:19 t_record.py:383 No policy or teleoperator provided, skipping action generation.This is likely to happen when resetting the environment without a teleop device.The robot won't be at its rest position at the start of the next episode.
INFO 2026-05-11 15:08:19 t_record.py:383 No policy or teleoperator provided, skipping action generation.This is likely to happen when resetting the environment without a teleop device.The robot won't be at its rest position at the start of the next episode.
INFO 2026-05-11 15:08:19 t_record.py:383 No policy or teleoperator provided, skipping action generation.This is likely to happen when resetting the environment without a teleop device.The robot won't be at its rest position at the start of the next episode.
INFO 2026-05-11 15:08:19 t_record.py:383 No policy or teleoperator provided, skipping action generation.This is likely to happen when resetting the environment without a teleop device.The robot won't be at its rest position at the start of the next episode.
INFO 2026-05-11 15:08:19 t_record.py:383 No policy or teleoperator provided, skipping action generation.This is likely to happen when resetting the environment without a teleop device.The robot won't be at its rest position at the start of the next episode.
INFO 2026-05-11 15:08:19 t_record.py:383 No policy or teleoperator provided, skipping action generation.This is likely to happen when resetting the environment without a teleop device.The robot won't be at its rest position at the start of the next episode.
INFO 2026-05-11 15:08:19 t_record.py:383 No policy or teleoperator provided, skipping action generation.This is likely to happen when resetting the environment without a teleop device.The robot won't be at its rest position at the start of the next episode.
INFO 2026-05-11 15:08:19 t_record.py:383 No policy or teleoperator provided, skipping action generation.This is likely to happen when resetting the environment without a teleop device.The robot won't be at its rest position at the start of the next episode.
INFO 2026-05-11 15:08:19 t_record.py:383 No policy or teleoperator provided, skipping action generation.This is likely to happen when resetting the environment without a teleop device.The robot won't be at its rest position at the start of the next episode.
INFO 2026-05-11 15:08:19 t_record.py:383 No policy or teleoperator provided, skipping action generation.This is likely to happen when resetting the environment without a teleop device.The robot won't be at its rest position at the start of the next episode.
INFO 2026-05-11 15:08:19 t_record.py:383 No policy or teleoperator provided, skipping action generation.This is likely to happen when resetting the environment without a teleop device.The robot won't be at its rest position at the start of the next episode.
INFO 2026-05-11 15:08:19 t_record.py:383 No policy or teleoperator provided, skipping action generation.This is likely to happen when resetting the environment without a teleop device.The robot won't be at its rest position at the start of the next episode.
INFO 2026-05-11 15:08:19 t_record.py:383 No policy or teleoperator provided, skipping action generation.This is likely to happen when resetting the environment without a teleop device.The robot won't be at its rest position at the start of the next episode.
INFO 2026-05-11 15:08:19 t_record.py:383 No policy or teleoperator provided, skipping action generation.This is likely to happen when resetting the environment without a teleop device.The robot won't be at its rest position at the start of the next episode.
INFO 2026-05-11 15:08:19 t_record.py:383 No policy or teleoperator provided, skipping action generation.This is likely to happen when resetting the environment without a teleop device.The robot won't be at its rest position at the start of the next episode.
INFO 2026-05-11 15:08:19 t_record.py:383 No policy or teleoperator provided, skipping action generation.This is likely to happen when resetting the environment without a teleop device.The robot won't be at its rest position at the start of the next episode.
INFO 2026-05-11 15:08:19 t_record.py:383 No policy or teleoperator provided, skipping action generation.This is likely to happen when resetting the environment without a teleop device.The robot won't be at its rest position at the start of the next episode.
INFO 2026-05-11 15:08:19 t_record.py:383 No policy or teleoperator provided, skipping action generation.This is likely to happen when resetting the environment without a teleop device.The robot won't be at its rest position at the start of the next episode.
INFO 2026-05-11 15:08:19 t_record.py:383 No policy or teleoperator provided, skipping action generation.This is likely to happen when resetting the environment without a teleop device.The robot won't be at its rest position at the start of the next episode.
INFO 2026-05-11 15:08:19 t_record.py:383 No policy or teleoperator provided, skipping action generation.This is likely to happen when resetting the environment without a teleop device.The robot won't be at its rest position at the start of the next episode.
INFO 2026-05-11 15:08:19 t_record.py:383 No policy or teleoperator provided, skipping action generation.This is likely to happen when resetting the environment without a teleop device.The robot won't be at its rest position at the start of the next episode.
INFO 2026-05-11 15:08:19 t_record.py:383 No policy or teleoperator provided, skipping action generation.This is likely to happen when resetting the environment without a teleop device.The robot won't be at its rest position at the start of the next episode.
INFO 2026-05-11 15:08:19 t_record.py:383 No policy or teleoperator provided, skipping action generation.This is likely to happen when resetting the environment without a teleop device.The robot won't be at its rest position at the start of the next episode.
INFO 2026-05-11 15:08:19 t_record.py:383 No policy or teleoperator provided, skipping action generation.This is likely to happen when resetting the environment without a teleop device.The robot won't be at its rest position at the start of the next episode.
INFO 2026-05-11 15:08:19 t_record.py:383 No policy or teleoperator provided, skipping action generation.This is likely to happen when resetting the environment without a teleop device.The robot won't be at its rest position at the start of the next episode.
INFO 2026-05-11 15:08:19 t_record.py:383 No policy or teleoperator provided, skipping action generation.This is likely to happen when resetting the environment without a teleop device.The robot won't be at its rest position at the start of the next episode.
INFO 2026-05-11 15:08:19 t_record.py:383 No policy or teleoperator provided, skipping action generation.This is likely to happen when resetting the environment without a teleop device.The robot won't be at its rest position at the start of the next episode.
INFO 2026-05-11 15:08:19 t_record.py:383 No policy or teleoperator provided, skipping action generation.This is likely to happen when resetting the environment without a teleop device.The robot won't be at its rest position at the start of the next episode.
INFO 2026-05-11 15:08:19 t_record.py:383 No policy or teleoperator provided, skipping action generation.This is likely to happen when resetting the environment without a teleop device.The robot won't be at its rest position at the start of the next episode.
INFO 2026-05-11 15:08:19 t_record.py:383 No policy or teleoperator provided, skipping action generation.This is likely to happen when resetting the environment without a teleop device.The robot won't be at its rest position at the start of the next episode.
INFO 2026-05-11 15:08:19 t_record.py:383 No policy or teleoperator provided, skipping action generation.This is likely to happen when resetting the environment without a teleop device.The robot won't be at its rest position at the start of the next episode.
INFO 2026-05-11 15:08:19 t_record.py:383 No policy or teleoperator provided, skipping action generation.This is likely to happen when resetting the environment without a teleop device.The robot won't be at its rest position at the start of the next episode.
INFO 2026-05-11 15:08:19 t_record.py:383 No policy or teleoperator provided, skipping action generation.This is likely to happen when resetting the environment without a teleop device.The robot won't be at its rest position at the start of the next episode.
INFO 2026-05-11 15:08:19 t_record.py:383 No policy or teleoperator provided, skipping action generation.This is likely to happen when resetting the environment without a teleop device.The robot won't be at its rest position at the start of the next episode.
INFO 2026-05-11 15:08:19 t_record.py:383 No policy or teleoperator provided, skipping action generation.This is likely to happen when resetting the environment without a teleop device.The robot won't be at its rest position at the start of the next episode.
INFO 2026-05-11 15:08:19 t_record.py:383 No policy or teleoperator provided, skipping action generation.This is likely to happen when resetting the environment without a teleop device.The robot won't be at its rest position at the start of the next episode.
INFO 2026-05-11 15:08:19 t_record.py:383 No policy or teleoperator provided, skipping action generation.This is likely to happen when resetting the environment without a teleop device.The robot won't be at its rest position at the start of the next episode.
INFO 2026-05-11 15:08:19 t_record.py:383 No policy or teleoperator provided, skipping action generation.This is likely to happen when resetting the environment without a teleop device.The robot won't be at its rest position at the start of the next episode.
INFO 2026-05-11 15:08:19 t_record.py:383 No policy or teleoperator provided, skipping action generation.This is likely to happen when resetting the environment without a teleop device.The robot won't be at its rest position at the start of the next episode.
INFO 2026-05-11 15:08:19 t_record.py:383 No policy or teleoperator provided, skipping action generation.This is likely to happen when resetting the environment without a teleop device.The robot won't be at its rest position at the start of the next episode.
INFO 2026-05-11 15:08:19 t_record.py:383 No policy or teleoperator provided, skipping action generation.This is likely to happen when resetting the environment without a teleop device.The robot won't be at its rest position at the start of the next episode.
INFO 2026-05-11 15:08:19 t_record.py:383 No policy or teleoperator provided, skipping action generation.This is likely to happen when resetting the environment without a teleop device.The robot won't be at its rest position at the start of the next episode.
INFO 2026-05-11 15:08:19 t_record.py:383 No policy or teleoperator provided, skipping action generation.This is likely to happen when resetting the environment without a teleop device.The robot won't be at its rest position at the start of the next episode.
INFO 2026-05-11 15:08:19 t_record.py:383 No policy or teleoperator provided, skipping action generation.This is likely to happen when resetting the environment without a teleop device.The robot won't be at its rest position at the start of the next episode.
INFO 2026-05-11 15:08:19 t_record.py:383 No policy or teleoperator provided, skipping action generation.This is likely to happen when resetting the environment without a teleop device.The robot won't be at its rest position at the start of the next episode.
INFO 2026-05-11 15:08:19 t_record.py:383 No policy or teleoperator provided, skipping action generation.This is likely to happen when resetting the environment without a teleop device.The robot won't be at its rest position at the start of the next episode.
INFO 2026-05-11 15:08:19 t_record.py:383 No policy or teleoperator provided, skipping action generation.This is likely to happen when resetting the environment without a teleop device.The robot won't be at its rest position at the start of the next episode.
INFO 2026-05-11 15:08:19 t_record.py:383 No policy or teleoperator provided, skipping action generation.This is likely to happen when resetting the environment without a teleop device.The robot won't be at its rest position at the start of the next episode.
INFO 2026-05-11 15:08:19 t_record.py:383 No policy or teleoperator provided, skipping action generation.This is likely to happen when resetting the environment without a teleop device.The robot won't be at its rest position at the start of the next episode.
INFO 2026-05-11 15:08:19 t_record.py:383 No policy or teleoperator provided, skipping action generation.This is likely to happen when resetting the environment without a teleop device.The robot won't be at its rest position at the start of the next episode.
INFO 2026-05-11 15:08:19 t_record.py:383 No policy or teleoperator provided, skipping action generation.This is likely to happen when resetting the environment without a teleop device.The robot won't be at its rest position at the start of the next episode.
INFO 2026-05-11 15:08:19 t_record.py:383 No policy or teleoperator provided, skipping action generation.This is likely to happen when resetting the environment without a teleop device.The robot won't be at its rest position at the start of the next episode.
INFO 2026-05-11 15:08:19 t_record.py:383 No policy or teleoperator provided, skipping action generation.This is likely to happen when resetting the environment without a teleop device.The robot won't be at its rest position at the start of the next episode.
INFO 2026-05-11 15:08:19 t_record.py:383 No policy or teleoperator provided, skipping action generation.This is likely to happen when resetting the environment without a teleop device.The robot won't be at its rest position at the start of the next episode.
INFO 2026-05-11 15:08:19 t_record.py:383 No policy or teleoperator provided, skipping action generation.This is likely to happen when resetting the environment without a teleop device.The robot won't be at its rest position at the start of the next episode.
INFO 2026-05-11 15:08:19 t_record.py:383 No policy or teleoperator provided, skipping action generation.This is likely to happen when resetting the environment without a teleop device.The robot won't be at its rest position at the start of the next episode.
INFO 2026-05-11 15:08:19 t_record.py:383 No policy or teleoperator provided, skipping action generation.This is likely to happen when resetting the environment without a teleop device.The robot won't be at its rest position at the start of the next episode.
INFO 2026-05-11 15:08:19 t_record.py:383 No policy or teleoperator provided, skipping action generation.This is likely to happen when resetting the environment without a teleop device.The robot won't be at its rest position at the start of the next episode.
INFO 2026-05-11 15:08:19 t_record.py:383 No policy or teleoperator provided, skipping action generation.This is likely to happen when resetting the environment without a teleop device.The robot won't be at its rest position at the start of the next episode.
INFO 2026-05-11 15:08:19 t_record.py:383 No policy or teleoperator provided, skipping action generation.This is likely to happen when resetting the environment without a teleop device.The robot won't be at its rest position at the start of the next episode.
INFO 2026-05-11 15:08:19 t_record.py:383 No policy or teleoperator provided, skipping action generation.This is likely to happen when resetting the environment without a teleop device.The robot won't be at its rest position at the start of the next episode.
INFO 2026-05-11 15:08:19 t_record.py:383 No policy or teleoperator provided, skipping action generation.This is likely to happen when resetting the environment without a teleop device.The robot won't be at its rest position at the start of the next episode.
INFO 2026-05-11 15:08:19 t_record.py:383 No policy or teleoperator provided, skipping action generation.This is likely to happen when resetting the environment without a teleop device.The robot won't be at its rest position at the start of the next episode.
INFO 2026-05-11 15:08:19 t_record.py:383 No policy or teleoperator provided, skipping action generation.This is likely to happen when resetting the environment without a teleop device.The robot won't be at its rest position at the start of the next episode.
INFO 2026-05-11 15:08:19 t_record.py:383 No policy or teleoperator provided, skipping action generation.This is likely to happen when resetting the environment without a teleop device.The robot won't be at its rest position at the start of the next episode.
INFO 2026-05-11 15:08:19 t_record.py:383 No policy or teleoperator provided, skipping action generation.This is likely to happen when resetting the environment without a teleop device.The robot won't be at its rest position at the start of the next episode.
INFO 2026-05-11 15:08:19 t_record.py:383 No policy or teleoperator provided, skipping action generation.This is likely to happen when resetting the environment without a teleop device.The robot won't be at its rest position at the start of the next episode.
INFO 2026-05-11 15:08:19 t_record.py:383 No policy or teleoperator provided, skipping action generation.This is likely to happen when resetting the environment without a teleop device.The robot won't be at its rest position at the start of the next episode.
INFO 2026-05-11 15:08:19 t_record.py:383 No policy or teleoperator provided, skipping action generation.This is likely to happen when resetting the environment without a teleop device.The robot won't be at its rest position at the start of the next episode.
INFO 2026-05-11 15:08:19 t_record.py:383 No policy or teleoperator provided, skipping action generation.This is likely to happen when resetting the environment without a teleop device.The robot won't be at its rest position at the start of the next episode.
INFO 2026-05-11 15:08:19 t_record.py:383 No policy or teleoperator provided, skipping action generation.This is likely to happen when resetting the environment without a teleop device.The robot won't be at its rest position at the start of the next episode.
INFO 2026-05-11 15:08:19 t_record.py:383 No policy or teleoperator provided, skipping action generation.This is likely to happen when resetting the environment without a teleop device.The robot won't be at its rest position at the start of the next episode.
INFO 2026-05-11 15:08:19 t_record.py:383 No policy or teleoperator provided, skipping action generation.This is likely to happen when resetting the environment without a teleop device.The robot won't be at its rest position at the start of the next episode.
INFO 2026-05-11 15:08:19 t_record.py:383 No policy or teleoperator provided, skipping action generation.This is likely to happen when resetting the environment without a teleop device.The robot won't be at its rest position at the start of the next episode.
INFO 2026-05-11 15:08:19 t_record.py:383 No policy or teleoperator provided, skipping action generation.This is likely to happen when resetting the environment without a teleop device.The robot won't be at its rest position at the start of the next episode.
INFO 2026-05-11 15:08:19 t_record.py:383 No policy or teleoperator provided, skipping action generation.This is likely to happen when resetting the environment without a teleop device.The robot won't be at its rest position at the start of the next episode.
INFO 2026-05-11 15:08:19 t_record.py:383 No policy or teleoperator provided, skipping action generation.This is likely to happen when resetting the environment without a teleop device.The robot won't be at its rest position at the start of the next episode.
INFO 2026-05-11 15:08:19 t_record.py:383 No policy or teleoperator provided, skipping action generation.This is likely to happen when resetting the environment without a teleop device.The robot won't be at its rest position at the start of the next episode.
INFO 2026-05-11 15:08:19 t_record.py:383 No policy or teleoperator provided, skipping action generation.This is likely to happen when resetting the environment without a teleop device.The robot won't be at its rest position at the start of the next episode.
INFO 2026-05-11 15:08:19 t_record.py:383 No policy or teleoperator provided, skipping action generation.This is likely to happen when resetting the environment without a teleop device.The robot won't be at its rest position at the start of the next episode.
INFO 2026-05-11 15:08:19 t_record.py:383 No policy or teleoperator provided, skipping action generation.This is likely to happen when resetting the environment without a teleop device.The robot won't be at its rest position at the start of the next episode.
INFO 2026-05-11 15:08:19 t_record.py:383 No policy or teleoperator provided, skipping action generation.This is likely to happen when resetting the environment without a teleop device.The robot won't be at its rest position at the start of the next episode.
INFO 2026-05-11 15:08:19 t_record.py:383 No policy or teleoperator provided, skipping action generation.This is likely to happen when resetting the environment without a teleop device.The robot won't be at its rest position at the start of the next episode.
INFO 2026-05-11 15:08:19 t_record.py:383 No policy or teleoperator provided, skipping action generation.This is likely to happen when resetting the environment without a teleop device.The robot won't be at its rest position at the start of the next episode.
INFO 2026-05-11 15:08:19 t_record.py:383 No policy or teleoperator provided, skipping action generation.This is likely to happen when resetting the environment without a teleop device.The robot won't be at its rest position at the start of the next episode.
INFO 2026-05-11 15:08:19 t_record.py:383 No policy or teleoperator provided, skipping action generation.This is likely to happen when resetting the environment without a teleop device.The robot won't be at its rest position at the start of the next episode.
INFO 2026-05-11 15:08:19 t_record.py:383 No policy or teleoperator provided, skipping action generation.This is likely to happen when resetting the environment without a teleop device.The robot won't be at its rest position at the start of the next episode.
INFO 2026-05-11 15:08:19 t_record.py:383 No policy or teleoperator provided, skipping action generation.This is likely to happen when resetting the environment without a teleop device.The robot won't be at its rest position at the start of the next episode.
INFO 2026-05-11 15:08:19 t_record.py:383 No policy or teleoperator provided, skipping action generation.This is likely to happen when resetting the environment without a teleop device.The robot won't be at its rest position at the start of the next episode.
INFO 2026-05-11 15:08:19 t_record.py:383 No policy or teleoperator provided, skipping action generation.This is likely to happen when resetting the environment without a teleop device.The robot won't be at its rest position at the start of the next episode.
INFO 2026-05-11 15:08:19 t_record.py:383 No policy or teleoperator provided, skipping action generation.This is likely to happen when resetting the environment without a teleop device.The robot won't be at its rest position at the start of the next episode.
INFO 2026-05-11 15:08:19 t_record.py:383 No policy or teleoperator provided, skipping action generation.This is likely to happen when resetting the environment without a teleop device.The robot won't be at its rest position at the start of the next episode.
INFO 2026-05-11 15:08:19 t_record.py:383 No policy or teleoperator provided, skipping action generation.This is likely to happen when resetting the environment without a teleop device.The robot won't be at its rest position at the start of the next episode.
INFO 2026-05-11 15:08:19 t_record.py:383 No policy or teleoperator provided, skipping action generation.This is likely to happen when resetting the environment without a teleop device.The robot won't be at its rest position at the start of the next episode.
INFO 2026-05-11 15:08:19 t_record.py:383 No policy or teleoperator provided, skipping action generation.This is likely to happen when resetting the environment without a teleop device.The robot won't be at its rest position at the start of the next episode.
INFO 2026-05-11 15:08:19 t_record.py:383 No policy or teleoperator provided, skipping action generation.This is likely to happen when resetting the environment without a teleop device.The robot won't be at its rest position at the start of the next episode.
INFO 2026-05-11 15:08:19 t_record.py:383 No policy or teleoperator provided, skipping action generation.This is likely to happen when resetting the environment without a teleop device.The robot won't be at its rest position at the start of the next episode.
INFO 2026-05-11 15:08:19 t_record.py:383 No policy or teleoperator provided, skipping action generation.This is likely to happen when resetting the environment without a teleop device.The robot won't be at its rest position at the start of the next episode.
INFO 2026-05-11 15:08:19 t_record.py:383 No policy or teleoperator provided, skipping action generation.This is likely to happen when resetting the environment without a teleop device.The robot won't be at its rest position at the start of the next episode.
INFO 2026-05-11 15:08:19 t_record.py:383 No policy or teleoperator provided, skipping action generation.This is likely to happen when resetting the environment without a teleop device.The robot won't be at its rest position at the start of the next episode.
INFO 2026-05-11 15:08:19 t_record.py:383 No policy or teleoperator provided, skipping action generation.This is likely to happen when resetting the environment without a teleop device.The robot won't be at its rest position at the start of the next episode.
INFO 2026-05-11 15:08:19 t_record.py:383 No policy or teleoperator provided, skipping action generation.This is likely to happen when resetting the environment without a teleop device.The robot won't be at its rest position at the start of the next episode.
INFO 2026-05-11 15:08:19 t_record.py:383 No policy or teleoperator provided, skipping action generation.This is likely to happen when resetting the environment without a teleop device.The robot won't be at its rest position at the start of the next episode.
INFO 2026-05-11 15:08:19 t_record.py:383 No policy or teleoperator provided, skipping action generation.This is likely to happen when resetting the environment without a teleop device.The robot won't be at its rest position at the start of the next episode.
INFO 2026-05-11 15:08:19 t_record.py:383 No policy or teleoperator provided, skipping action generation.This is likely to happen when resetting the environment without a teleop device.The robot won't be at its rest position at the start of the next episode.
INFO 2026-05-11 15:08:19 t_record.py:383 No policy or teleoperator provided, skipping action generation.This is likely to happen when resetting the environment without a teleop device.The robot won't be at its rest position at the start of the next episode.
INFO 2026-05-11 15:08:19 t_record.py:383 No policy or teleoperator provided, skipping action generation.This is likely to happen when resetting the environment without a teleop device.The robot won't be at its rest position at the start of the next episode.
INFO 2026-05-11 15:08:19 t_record.py:383 No policy or teleoperator provided, skipping action generation.This is likely to happen when resetting the environment without a teleop device.The robot won't be at its rest position at the start of the next episode.
INFO 2026-05-11 15:08:19 t_record.py:383 No policy or teleoperator provided, skipping action generation.This is likely to happen when resetting the environment without a teleop device.The robot won't be at its rest position at the start of the next episode.
INFO 2026-05-11 15:08:19 t_record.py:383 No policy or teleoperator provided, skipping action generation.This is likely to happen when resetting the environment without a teleop device.The robot won't be at its rest position at the start of the next episode.
INFO 2026-05-11 15:08:19 t_record.py:383 No policy or teleoperator provided, skipping action generation.This is likely to happen when resetting the environment without a teleop device.The robot won't be at its rest position at the start of the next episode.
INFO 2026-05-11 15:08:19 t_record.py:383 No policy or teleoperator provided, skipping action generation.This is likely to happen when resetting the environment without a teleop device.The robot won't be at its rest position at the start of the next episode.
INFO 2026-05-11 15:08:19 t_record.py:383 No policy or teleoperator provided, skipping action generation.This is likely to happen when resetting the environment without a teleop device.The robot won't be at its rest position at the start of the next episode.
INFO 2026-05-11 15:08:19 t_record.py:383 No policy or teleoperator provided, skipping action generation.This is likely to happen when resetting the environment without a teleop device.The robot won't be at its rest position at the start of the next episode.
INFO 2026-05-11 15:08:19 t_record.py:383 No policy or teleoperator provided, skipping action generation.This is likely to happen when resetting the environment without a teleop device.The robot won't be at its rest position at the start of the next episode.
INFO 2026-05-11 15:08:19 t_record.py:383 No policy or teleoperator provided, skipping action generation.This is likely to happen when resetting the environment without a teleop device.The robot won't be at its rest position at the start of the next episode.
INFO 2026-05-11 15:08:19 t_record.py:383 No policy or teleoperator provided, skipping action generation.This is likely to happen when resetting the environment without a teleop device.The robot won't be at its rest position at the start of the next episode.
INFO 2026-05-11 15:08:19 t_record.py:383 No policy or teleoperator provided, skipping action generation.This is likely to happen when resetting the environment without a teleop device.The robot won't be at its rest position at the start of the next episode.
INFO 2026-05-11 15:08:19 t_record.py:383 No policy or teleoperator provided, skipping action generation.This is likely to happen when resetting the environment without a teleop device.The robot won't be at its rest position at the start of the next episode.
INFO 2026-05-11 15:08:19 t_record.py:383 No policy or teleoperator provided, skipping action generation.This is likely to happen when resetting the environment without a teleop device.The robot won't be at its rest position at the start of the next episode.
INFO 2026-05-11 15:08:19 t_record.py:383 No policy or teleoperator provided, skipping action generation.This is likely to happen when resetting the environment without a teleop device.The robot won't be at its rest position at the start of the next episode.
INFO 2026-05-11 15:08:19 t_record.py:383 No policy or teleoperator provided, skipping action generation.This is likely to happen when resetting the environment without a teleop device.The robot won't be at its rest position at the start of the next episode.
INFO 2026-05-11 15:08:19 t_record.py:383 No policy or teleoperator provided, skipping action generation.This is likely to happen when resetting the environment without a teleop device.The robot won't be at its rest position at the start of the next episode.
INFO 2026-05-11 15:08:19 t_record.py:383 No policy or teleoperator provided, skipping action generation.This is likely to happen when resetting the environment without a teleop device.The robot won't be at its rest position at the start of the next episode.
INFO 2026-05-11 15:08:19 t_record.py:383 No policy or teleoperator provided, skipping action generation.This is likely to happen when resetting the environment without a teleop device.The robot won't be at its rest position at the start of the next episode.
INFO 2026-05-11 15:08:19 t_record.py:383 No policy or teleoperator provided, skipping action generation.This is likely to happen when resetting the environment without a teleop device.The robot won't be at its rest position at the start of the next episode.
INFO 2026-05-11 15:08:19 t_record.py:383 No policy or teleoperator provided, skipping action generation.This is likely to happen when resetting the environment without a teleop device.The robot won't be at its rest position at the start of the next episode.
INFO 2026-05-11 15:08:19 t_record.py:383 No policy or teleoperator provided, skipping action generation.This is likely to happen when resetting the environment without a teleop device.The robot won't be at its rest position at the start of the next episode.
INFO 2026-05-11 15:08:19 t_record.py:383 No policy or teleoperator provided, skipping action generation.This is likely to happen when resetting the environment without a teleop device.The robot won't be at its rest position at the start of the next episode.
INFO 2026-05-11 15:08:19 t_record.py:383 No policy or teleoperator provided, skipping action generation.This is likely to happen when resetting the environment without a teleop device.The robot won't be at its rest position at the start of the next episode.
INFO 2026-05-11 15:08:19 t_record.py:383 No policy or teleoperator provided, skipping action generation.This is likely to happen when resetting the environment without a teleop device.The robot won't be at its rest position at the start of the next episode.
INFO 2026-05-11 15:08:19 t_record.py:383 No policy or teleoperator provided, skipping action generation.This is likely to happen when resetting the environment without a teleop device.The robot won't be at its rest position at the start of the next episode.
INFO 2026-05-11 15:08:19 t_record.py:383 No policy or teleoperator provided, skipping action generation.This is likely to happen when resetting the environment without a teleop device.The robot won't be at its rest position at the start of the next episode.
INFO 2026-05-11 15:08:19 t_record.py:383 No policy or teleoperator provided, skipping action generation.This is likely to happen when resetting the environment without a teleop device.The robot won't be at its rest position at the start of the next episode.
INFO 2026-05-11 15:08:19 t_record.py:383 No policy or teleoperator provided, skipping action generation.This is likely to happen when resetting the environment without a teleop device.The robot won't be at its rest position at the start of the next episode.
INFO 2026-05-11 15:08:19 t_record.py:383 No policy or teleoperator provided, skipping action generation.This is likely to happen when resetting the environment without a teleop device.The robot won't be at its rest position at the start of the next episode.
INFO 2026-05-11 15:08:19 t_record.py:383 No policy or teleoperator provided, skipping action generation.This is likely to happen when resetting the environment without a teleop device.The robot won't be at its rest position at the start of the next episode.
INFO 2026-05-11 15:08:19 t_record.py:383 No policy or teleoperator provided, skipping action generation.This is likely to happen when resetting the environment without a teleop device.The robot won't be at its rest position at the start of the next episode.
INFO 2026-05-11 15:08:19 t_record.py:383 No policy or teleoperator provided, skipping action generation.This is likely to happen when resetting the environment without a teleop device.The robot won't be at its rest position at the start of the next episode.
INFO 2026-05-11 15:08:19 t_record.py:383 No policy or teleoperator provided, skipping action generation.This is likely to happen when resetting the environment without a teleop device.The robot won't be at its rest position at the start of the next episode.
INFO 2026-05-11 15:08:19 t_record.py:383 No policy or teleoperator provided, skipping action generation.This is likely to happen when resetting the environment without a teleop device.The robot won't be at its rest position at the start of the next episode.
INFO 2026-05-11 15:08:19 t_record.py:383 No policy or teleoperator provided, skipping action generation.This is likely to happen when resetting the environment without a teleop device.The robot won't be at its rest position at the start of the next episode.
INFO 2026-05-11 15:08:19 t_record.py:383 No policy or teleoperator provided, skipping action generation.This is likely to happen when resetting the environment without a teleop device.The robot won't be at its rest position at the start of the next episode.
INFO 2026-05-11 15:08:19 t_record.py:383 No policy or teleoperator provided, skipping action generation.This is likely to happen when resetting the environment without a teleop device.The robot won't be at its rest position at the start of the next episode.
INFO 2026-05-11 15:08:19 t_record.py:383 No policy or teleoperator provided, skipping action generation.This is likely to happen when resetting the environment without a teleop device.The robot won't be at its rest position at the start of the next episode.
INFO 2026-05-11 15:08:19 t_record.py:383 No policy or teleoperator provided, skipping action generation.This is likely to happen when resetting the environment without a teleop device.The robot won't be at its rest position at the start of the next episode.
INFO 2026-05-11 15:08:19 t_record.py:383 No policy or teleoperator provided, skipping action generation.This is likely to happen when resetting the environment without a teleop device.The robot won't be at its rest position at the start of the next episode.
INFO 2026-05-11 15:08:19 t_record.py:383 No policy or teleoperator provided, skipping action generation.This is likely to happen when resetting the environment without a teleop device.The robot won't be at its rest position at the start of the next episode.
INFO 2026-05-11 15:08:19 t_record.py:383 No policy or teleoperator provided, skipping action generation.This is likely to happen when resetting the environment without a teleop device.The robot won't be at its rest position at the start of the next episode.
INFO 2026-05-11 15:08:19 t_record.py:383 No policy or teleoperator provided, skipping action generation.This is likely to happen when resetting the environment without a teleop device.The robot won't be at its rest position at the start of the next episode.
INFO 2026-05-11 15:08:19 t_record.py:383 No policy or teleoperator provided, skipping action generation.This is likely to happen when resetting the environment without a teleop device.The robot won't be at its rest position at the start of the next episode.
INFO 2026-05-11 15:08:19 t_record.py:383 No policy or teleoperator provided, skipping action generation.This is likely to happen when resetting the environment without a teleop device.The robot won't be at its rest position at the start of the next episode.
INFO 2026-05-11 15:08:19 t_record.py:383 No policy or teleoperator provided, skipping action generation.This is likely to happen when resetting the environment without a teleop device.The robot won't be at its rest position at the start of the next episode.
INFO 2026-05-11 15:08:19 t_record.py:383 No policy or teleoperator provided, skipping action generation.This is likely to happen when resetting the environment without a teleop device.The robot won't be at its rest position at the start of the next episode.
INFO 2026-05-11 15:08:19 t_record.py:383 No policy or teleoperator provided, skipping action generation.This is likely to happen when resetting the environment without a teleop device.The robot won't be at its rest position at the start of the next episode.
INFO 2026-05-11 15:08:19 t_record.py:383 No policy or teleoperator provided, skipping action generation.This is likely to happen when resetting the environment without a teleop device.The robot won't be at its rest position at the start of the next episode.
INFO 2026-05-11 15:08:19 t_record.py:383 No policy or teleoperator provided, skipping action generation.This is likely to happen when resetting the environment without a teleop device.The robot won't be at its rest position at the start of the next episode.
INFO 2026-05-11 15:08:19 t_record.py:383 No policy or teleoperator provided, skipping action generation.This is likely to happen when resetting the environment without a teleop device.The robot won't be at its rest position at the start of the next episode.
INFO 2026-05-11 15:08:19 t_record.py:383 No policy or teleoperator provided, skipping action generation.This is likely to happen when resetting the environment without a teleop device.The robot won't be at its rest position at the start of the next episode.
INFO 2026-05-11 15:08:19 t_record.py:383 No policy or teleoperator provided, skipping action generation.This is likely to happen when resetting the environment without a teleop device.The robot won't be at its rest position at the start of the next episode.
INFO 2026-05-11 15:08:19 t_record.py:383 No policy or teleoperator provided, skipping action generation.This is likely to happen when resetting the environment without a teleop device.The robot won't be at its rest position at the start of the next episode.
INFO 2026-05-11 15:08:19 t_record.py:383 No policy or teleoperator provided, skipping action generation.This is likely to happen when resetting the environment without a teleop device.The robot won't be at its rest position at the start of the next episode.
INFO 2026-05-11 15:08:19 t_record.py:383 No policy or teleoperator provided, skipping action generation.This is likely to happen when resetting the environment without a teleop device.The robot won't be at its rest position at the start of the next episode.
INFO 2026-05-11 15:08:19 t_record.py:383 No policy or teleoperator provided, skipping action generation.This is likely to happen when resetting the environment without a teleop device.The robot won't be at its rest position at the start of the next episode.
INFO 2026-05-11 15:08:19 t_record.py:383 No policy or teleoperator provided, skipping action generation.This is likely to happen when resetting the environment without a teleop device.The robot won't be at its rest position at the start of the next episode.
INFO 2026-05-11 15:08:19 t_record.py:383 No policy or teleoperator provided, skipping action generation.This is likely to happen when resetting the environment without a teleop device.The robot won't be at its rest position at the start of the next episode.
INFO 2026-05-11 15:08:19 t_record.py:383 No policy or teleoperator provided, skipping action generation.This is likely to happen when resetting the environment without a teleop device.The robot won't be at its rest position at the start of the next episode.
INFO 2026-05-11 15:08:19 t_record.py:383 No policy or teleoperator provided, skipping action generation.This is likely to happen when resetting the environment without a teleop device.The robot won't be at its rest position at the start of the next episode.
INFO 2026-05-11 15:08:19 t_record.py:383 No policy or teleoperator provided, skipping action generation.This is likely to happen when resetting the environment without a teleop device.The robot won't be at its rest position at the start of the next episode.
INFO 2026-05-11 15:08:19 t_record.py:383 No policy or teleoperator provided, skipping action generation.This is likely to happen when resetting the environment without a teleop device.The robot won't be at its rest position at the start of the next episode.
INFO 2026-05-11 15:08:19 t_record.py:383 No policy or teleoperator provided, skipping action generation.This is likely to happen when resetting the environment without a teleop device.The robot won't be at its rest position at the start of the next episode.
INFO 2026-05-11 15:08:19 t_record.py:383 No policy or teleoperator provided, skipping action generation.This is likely to happen when resetting the environment without a teleop device.The robot won't be at its rest position at the start of the next episode.
INFO 2026-05-11 15:08:19 t_record.py:383 No policy or teleoperator provided, skipping action generation.This is likely to happen when resetting the environment without a teleop device.The robot won't be at its rest position at the start of the next episode.
INFO 2026-05-11 15:08:20 t_record.py:383 No policy or teleoperator provided, skipping action generation.This is likely to happen when resetting the environment without a teleop device.The robot won't be at its rest position at the start of the next episode.
INFO 2026-05-11 15:08:20 t_record.py:383 No policy or teleoperator provided, skipping action generation.This is likely to happen when resetting the environment without a teleop device.The robot won't be at its rest position at the start of the next episode.
INFO 2026-05-11 15:08:20 t_record.py:383 No policy or teleoperator provided, skipping action generation.This is likely to happen when resetting the environment without a teleop device.The robot won't be at its rest position at the start of the next episode.
INFO 2026-05-11 15:08:20 t_record.py:383 No policy or teleoperator provided, skipping action generation.This is likely to happen when resetting the environment without a teleop device.The robot won't be at its rest position at the start of the next episode.
INFO 2026-05-11 15:08:20 t_record.py:383 No policy or teleoperator provided, skipping action generation.This is likely to happen when resetting the environment without a teleop device.The robot won't be at its rest position at the start of the next episode.
INFO 2026-05-11 15:08:20 t_record.py:383 No policy or teleoperator provided, skipping action generation.This is likely to happen when resetting the environment without a teleop device.The robot won't be at its rest position at the start of the next episode.
INFO 2026-05-11 15:08:20 t_record.py:383 No policy or teleoperator provided, skipping action generation.This is likely to happen when resetting the environment without a teleop device.The robot won't be at its rest position at the start of the next episode.
INFO 2026-05-11 15:08:20 t_record.py:383 No policy or teleoperator provided, skipping action generation.This is likely to happen when resetting the environment without a teleop device.The robot won't be at its rest position at the start of the next episode.
INFO 2026-05-11 15:08:20 t_record.py:383 No policy or teleoperator provided, skipping action generation.This is likely to happen when resetting the environment without a teleop device.The robot won't be at its rest position at the start of the next episode.
INFO 2026-05-11 15:08:20 t_record.py:383 No policy or teleoperator provided, skipping action generation.This is likely to happen when resetting the environment without a teleop device.The robot won't be at its rest position at the start of the next episode.
INFO 2026-05-11 15:08:20 t_record.py:383 No policy or teleoperator provided, skipping action generation.This is likely to happen when resetting the environment without a teleop device.The robot won't be at its rest position at the start of the next episode.
INFO 2026-05-11 15:08:20 t_record.py:383 No policy or teleoperator provided, skipping action generation.This is likely to happen when resetting the environment without a teleop device.The robot won't be at its rest position at the start of the next episode.
INFO 2026-05-11 15:08:20 t_record.py:383 No policy or teleoperator provided, skipping action generation.This is likely to happen when resetting the environment without a teleop device.The robot won't be at its rest position at the start of the next episode.
INFO 2026-05-11 15:08:20 t_record.py:383 No policy or teleoperator provided, skipping action generation.This is likely to happen when resetting the environment without a teleop device.The robot won't be at its rest position at the start of the next episode.
INFO 2026-05-11 15:08:20 t_record.py:383 No policy or teleoperator provided, skipping action generation.This is likely to happen when resetting the environment without a teleop device.The robot won't be at its rest position at the start of the next episode.
INFO 2026-05-11 15:08:20 t_record.py:383 No policy or teleoperator provided, skipping action generation.This is likely to happen when resetting the environment without a teleop device.The robot won't be at its rest position at the start of the next episode.
INFO 2026-05-11 15:08:20 t_record.py:383 No policy or teleoperator provided, skipping action generation.This is likely to happen when resetting the environment without a teleop device.The robot won't be at its rest position at the start of the next episode.
INFO 2026-05-11 15:08:20 t_record.py:383 No policy or teleoperator provided, skipping action generation.This is likely to happen when resetting the environment without a teleop device.The robot won't be at its rest position at the start of the next episode.
INFO 2026-05-11 15:08:20 t_record.py:383 No policy or teleoperator provided, skipping action generation.This is likely to happen when resetting the environment without a teleop device.The robot won't be at its rest position at the start of the next episode.
INFO 2026-05-11 15:08:20 t_record.py:383 No policy or teleoperator provided, skipping action generation.This is likely to happen when resetting the environment without a teleop device.The robot won't be at its rest position at the start of the next episode.
INFO 2026-05-11 15:08:20 t_record.py:383 No policy or teleoperator provided, skipping action generation.This is likely to happen when resetting the environment without a teleop device.The robot won't be at its rest position at the start of the next episode.
INFO 2026-05-11 15:08:20 t_record.py:383 No policy or teleoperator provided, skipping action generation.This is likely to happen when resetting the environment without a teleop device.The robot won't be at its rest position at the start of the next episode.
INFO 2026-05-11 15:08:20 t_record.py:383 No policy or teleoperator provided, skipping action generation.This is likely to happen when resetting the environment without a teleop device.The robot won't be at its rest position at the start of the next episode.
INFO 2026-05-11 15:08:20 t_record.py:383 No policy or teleoperator provided, skipping action generation.This is likely to happen when resetting the environment without a teleop device.The robot won't be at its rest position at the start of the next episode.
INFO 2026-05-11 15:08:20 t_record.py:383 No policy or teleoperator provided, skipping action generation.This is likely to happen when resetting the environment without a teleop device.The robot won't be at its rest position at the start of the next episode.
INFO 2026-05-11 15:08:20 t_record.py:383 No policy or teleoperator provided, skipping action generation.This is likely to happen when resetting the environment without a teleop device.The robot won't be at its rest position at the start of the next episode.
INFO 2026-05-11 15:08:20 t_record.py:383 No policy or teleoperator provided, skipping action generation.This is likely to happen when resetting the environment without a teleop device.The robot won't be at its rest position at the start of the next episode.
INFO 2026-05-11 15:08:20 t_record.py:383 No policy or teleoperator provided, skipping action generation.This is likely to happen when resetting the environment without a teleop device.The robot won't be at its rest position at the start of the next episode.
INFO 2026-05-11 15:08:20 t_record.py:383 No policy or teleoperator provided, skipping action generation.This is likely to happen when resetting the environment without a teleop device.The robot won't be at its rest position at the start of the next episode.
INFO 2026-05-11 15:08:20 t_record.py:383 No policy or teleoperator provided, skipping action generation.This is likely to happen when resetting the environment without a teleop device.The robot won't be at its rest position at the start of the next episode.
INFO 2026-05-11 15:08:20 t_record.py:383 No policy or teleoperator provided, skipping action generation.This is likely to happen when resetting the environment without a teleop device.The robot won't be at its rest position at the start of the next episode.
INFO 2026-05-11 15:08:20 t_record.py:383 No policy or teleoperator provided, skipping action generation.This is likely to happen when resetting the environment without a teleop device.The robot won't be at its rest position at the start of the next episode.
INFO 2026-05-11 15:08:20 t_record.py:383 No policy or teleoperator provided, skipping action generation.This is likely to happen when resetting the environment without a teleop device.The robot won't be at its rest position at the start of the next episode.
INFO 2026-05-11 15:08:20 t_record.py:383 No policy or teleoperator provided, skipping action generation.This is likely to happen when resetting the environment without a teleop device.The robot won't be at its rest position at the start of the next episode.
INFO 2026-05-11 15:08:20 t_record.py:383 No policy or teleoperator provided, skipping action generation.This is likely to happen when resetting the environment without a teleop device.The robot won't be at its rest position at the start of the next episode.
INFO 2026-05-11 15:08:20 t_record.py:383 No policy or teleoperator provided, skipping action generation.This is likely to happen when resetting the environment without a teleop device.The robot won't be at its rest position at the start of the next episode.
INFO 2026-05-11 15:08:20 t_record.py:383 No policy or teleoperator provided, skipping action generation.This is likely to happen when resetting the environment without a teleop device.The robot won't be at its rest position at the start of the next episode.
INFO 2026-05-11 15:08:20 t_record.py:383 No policy or teleoperator provided, skipping action generation.This is likely to happen when resetting the environment without a teleop device.The robot won't be at its rest position at the start of the next episode.
INFO 2026-05-11 15:08:20 t_record.py:383 No policy or teleoperator provided, skipping action generation.This is likely to happen when resetting the environment without a teleop device.The robot won't be at its rest position at the start of the next episode.
INFO 2026-05-11 15:08:20 t_record.py:383 No policy or teleoperator provided, skipping action generation.This is likely to happen when resetting the environment without a teleop device.The robot won't be at its rest position at the start of the next episode.
INFO 2026-05-11 15:08:20 t_record.py:383 No policy or teleoperator provided, skipping action generation.This is likely to happen when resetting the environment without a teleop device.The robot won't be at its rest position at the start of the next episode.
INFO 2026-05-11 15:08:20 t_record.py:383 No policy or teleoperator provided, skipping action generation.This is likely to happen when resetting the environment without a teleop device.The robot won't be at its rest position at the start of the next episode.
INFO 2026-05-11 15:08:20 t_record.py:383 No policy or teleoperator provided, skipping action generation.This is likely to happen when resetting the environment without a teleop device.The robot won't be at its rest position at the start of the next episode.
INFO 2026-05-11 15:08:20 t_record.py:383 No policy or teleoperator provided, skipping action generation.This is likely to happen when resetting the environment without a teleop device.The robot won't be at its rest position at the start of the next episode.
INFO 2026-05-11 15:08:20 t_record.py:383 No policy or teleoperator provided, skipping action generation.This is likely to happen when resetting the environment without a teleop device.The robot won't be at its rest position at the start of the next episode.
INFO 2026-05-11 15:08:20 t_record.py:383 No policy or teleoperator provided, skipping action generation.This is likely to happen when resetting the environment without a teleop device.The robot won't be at its rest position at the start of the next episode.
INFO 2026-05-11 15:08:20 t_record.py:383 No policy or teleoperator provided, skipping action generation.This is likely to happen when resetting the environment without a teleop device.The robot won't be at its rest position at the start of the next episode.
INFO 2026-05-11 15:08:20 t_record.py:383 No policy or teleoperator provided, skipping action generation.This is likely to happen when resetting the environment without a teleop device.The robot won't be at its rest position at the start of the next episode.
INFO 2026-05-11 15:08:20 t_record.py:383 No policy or teleoperator provided, skipping action generation.This is likely to happen when resetting the environment without a teleop device.The robot won't be at its rest position at the start of the next episode.
INFO 2026-05-11 15:08:20 t_record.py:383 No policy or teleoperator provided, skipping action generation.This is likely to happen when resetting the environment without a teleop device.The robot won't be at its rest position at the start of the next episode.
INFO 2026-05-11 15:08:20 t_record.py:383 No policy or teleoperator provided, skipping action generation.This is likely to happen when resetting the environment without a teleop device.The robot won't be at its rest position at the start of the next episode.
INFO 2026-05-11 15:08:20 t_record.py:383 No policy or teleoperator provided, skipping action generation.This is likely to happen when resetting the environment without a teleop device.The robot won't be at its rest position at the start of the next episode.
INFO 2026-05-11 15:08:20 t_record.py:383 No policy or teleoperator provided, skipping action generation.This is likely to happen when resetting the environment without a teleop device.The robot won't be at its rest position at the start of the next episode.
INFO 2026-05-11 15:08:20 t_record.py:383 No policy or teleoperator provided, skipping action generation.This is likely to happen when resetting the environment without a teleop device.The robot won't be at its rest position at the start of the next episode.
INFO 2026-05-11 15:08:20 t_record.py:383 No policy or teleoperator provided, skipping action generation.This is likely to happen when resetting the environment without a teleop device.The robot won't be at its rest position at the start of the next episode.
INFO 2026-05-11 15:08:20 t_record.py:383 No policy or teleoperator provided, skipping action generation.This is likely to happen when resetting the environment without a teleop device.The robot won't be at its rest position at the start of the next episode.
INFO 2026-05-11 15:08:20 t_record.py:383 No policy or teleoperator provided, skipping action generation.This is likely to happen when resetting the environment without a teleop device.The robot won't be at its rest position at the start of the next episode.
INFO 2026-05-11 15:08:20 t_record.py:383 No policy or teleoperator provided, skipping action generation.This is likely to happen when resetting the environment without a teleop device.The robot won't be at its rest position at the start of the next episode.
INFO 2026-05-11 15:08:20 t_record.py:383 No policy or teleoperator provided, skipping action generation.This is likely to happen when resetting the environment without a teleop device.The robot won't be at its rest position at the start of the next episode.
INFO 2026-05-11 15:08:20 t_record.py:383 No policy or teleoperator provided, skipping action generation.This is likely to happen when resetting the environment without a teleop device.The robot won't be at its rest position at the start of the next episode.
INFO 2026-05-11 15:08:20 t_record.py:383 No policy or teleoperator provided, skipping action generation.This is likely to happen when resetting the environment without a teleop device.The robot won't be at its rest position at the start of the next episode.
INFO 2026-05-11 15:08:20 t_record.py:383 No policy or teleoperator provided, skipping action generation.This is likely to happen when resetting the environment without a teleop device.The robot won't be at its rest position at the start of the next episode.
INFO 2026-05-11 15:08:20 t_record.py:383 No policy or teleoperator provided, skipping action generation.This is likely to happen when resetting the environment without a teleop device.The robot won't be at its rest position at the start of the next episode.
INFO 2026-05-11 15:08:20 t_record.py:383 No policy or teleoperator provided, skipping action generation.This is likely to happen when resetting the environment without a teleop device.The robot won't be at its rest position at the start of the next episode.
INFO 2026-05-11 15:08:20 t_record.py:383 No policy or teleoperator provided, skipping action generation.This is likely to happen when resetting the environment without a teleop device.The robot won't be at its rest position at the start of the next episode.
INFO 2026-05-11 15:08:20 t_record.py:383 No policy or teleoperator provided, skipping action generation.This is likely to happen when resetting the environment without a teleop device.The robot won't be at its rest position at the start of the next episode.
INFO 2026-05-11 15:08:20 t_record.py:383 No policy or teleoperator provided, skipping action generation.This is likely to happen when resetting the environment without a teleop device.The robot won't be at its rest position at the start of the next episode.
INFO 2026-05-11 15:08:20 t_record.py:383 No policy or teleoperator provided, skipping action generation.This is likely to happen when resetting the environment without a teleop device.The robot won't be at its rest position at the start of the next episode.
INFO 2026-05-11 15:08:20 t_record.py:383 No policy or teleoperator provided, skipping action generation.This is likely to happen when resetting the environment without a teleop device.The robot won't be at its rest position at the start of the next episode.
INFO 2026-05-11 15:08:20 t_record.py:383 No policy or teleoperator provided, skipping action generation.This is likely to happen when resetting the environment without a teleop device.The robot won't be at its rest position at the start of the next episode.
INFO 2026-05-11 15:08:20 t_record.py:383 No policy or teleoperator provided, skipping action generation.This is likely to happen when resetting the environment without a teleop device.The robot won't be at its rest position at the start of the next episode.
INFO 2026-05-11 15:08:20 t_record.py:383 No policy or teleoperator provided, skipping action generation.This is likely to happen when resetting the environment without a teleop device.The robot won't be at its rest position at the start of the next episode.
INFO 2026-05-11 15:08:20 t_record.py:383 No policy or teleoperator provided, skipping action generation.This is likely to happen when resetting the environment without a teleop device.The robot won't be at its rest position at the start of the next episode.
INFO 2026-05-11 15:08:20 t_record.py:383 No policy or teleoperator provided, skipping action generation.This is likely to happen when resetting the environment without a teleop device.The robot won't be at its rest position at the start of the next episode.
INFO 2026-05-11 15:08:20 t_record.py:383 No policy or teleoperator provided, skipping action generation.This is likely to happen when resetting the environment without a teleop device.The robot won't be at its rest position at the start of the next episode.
INFO 2026-05-11 15:08:20 t_record.py:383 No policy or teleoperator provided, skipping action generation.This is likely to happen when resetting the environment without a teleop device.The robot won't be at its rest position at the start of the next episode.
INFO 2026-05-11 15:08:20 t_record.py:383 No policy or teleoperator provided, skipping action generation.This is likely to happen when resetting the environment without a teleop device.The robot won't be at its rest position at the start of the next episode.
INFO 2026-05-11 15:08:20 t_record.py:383 No policy or teleoperator provided, skipping action generation.This is likely to happen when resetting the environment without a teleop device.The robot won't be at its rest position at the start of the next episode.
INFO 2026-05-11 15:08:20 t_record.py:383 No policy or teleoperator provided, skipping action generation.This is likely to happen when resetting the environment without a teleop device.The robot won't be at its rest position at the start of the next episode.
INFO 2026-05-11 15:08:20 t_record.py:383 No policy or teleoperator provided, skipping action generation.This is likely to happen when resetting the environment without a teleop device.The robot won't be at its rest position at the start of the next episode.
INFO 2026-05-11 15:08:20 t_record.py:383 No policy or teleoperator provided, skipping action generation.This is likely to happen when resetting the environment without a teleop device.The robot won't be at its rest position at the start of the next episode.
INFO 2026-05-11 15:08:20 t_record.py:383 No policy or teleoperator provided, skipping action generation.This is likely to happen when resetting the environment without a teleop device.The robot won't be at its rest position at the start of the next episode.
INFO 2026-05-11 15:08:20 t_record.py:383 No policy or teleoperator provided, skipping action generation.This is likely to happen when resetting the environment without a teleop device.The robot won't be at its rest position at the start of the next episode.
INFO 2026-05-11 15:08:20 t_record.py:383 No policy or teleoperator provided, skipping action generation.This is likely to happen when resetting the environment without a teleop device.The robot won't be at its rest position at the start of the next episode.
INFO 2026-05-11 15:08:20 t_record.py:383 No policy or teleoperator provided, skipping action generation.This is likely to happen when resetting the environment without a teleop device.The robot won't be at its rest position at the start of the next episode.
INFO 2026-05-11 15:08:20 t_record.py:383 No policy or teleoperator provided, skipping action generation.This is likely to happen when resetting the environment without a teleop device.The robot won't be at its rest position at the start of the next episode.
INFO 2026-05-11 15:08:20 t_record.py:383 No policy or teleoperator provided, skipping action generation.This is likely to happen when resetting the environment without a teleop device.The robot won't be at its rest position at the start of the next episode.
INFO 2026-05-11 15:08:20 t_record.py:383 No policy or teleoperator provided, skipping action generation.This is likely to happen when resetting the environment without a teleop device.The robot won't be at its rest position at the start of the next episode.
INFO 2026-05-11 15:08:20 t_record.py:383 No policy or teleoperator provided, skipping action generation.This is likely to happen when resetting the environment without a teleop device.The robot won't be at its rest position at the start of the next episode.
INFO 2026-05-11 15:08:20 t_record.py:383 No policy or teleoperator provided, skipping action generation.This is likely to happen when resetting the environment without a teleop device.The robot won't be at its rest position at the start of the next episode.
INFO 2026-05-11 15:08:20 t_record.py:383 No policy or teleoperator provided, skipping action generation.This is likely to happen when resetting the environment without a teleop device.The robot won't be at its rest position at the start of the next episode.
INFO 2026-05-11 15:08:20 t_record.py:383 No policy or teleoperator provided, skipping action generation.This is likely to happen when resetting the environment without a teleop device.The robot won't be at its rest position at the start of the next episode.
INFO 2026-05-11 15:08:20 t_record.py:383 No policy or teleoperator provided, skipping action generation.This is likely to happen when resetting the environment without a teleop device.The robot won't be at its rest position at the start of the next episode.
INFO 2026-05-11 15:08:20 t_record.py:383 No policy or teleoperator provided, skipping action generation.This is likely to happen when resetting the environment without a teleop device.The robot won't be at its rest position at the start of the next episode.
INFO 2026-05-11 15:08:20 t_record.py:383 No policy or teleoperator provided, skipping action generation.This is likely to happen when resetting the environment without a teleop device.The robot won't be at its rest position at the start of the next episode.
INFO 2026-05-11 15:08:20 t_record.py:383 No policy or teleoperator provided, skipping action generation.This is likely to happen when resetting the environment without a teleop device.The robot won't be at its rest position at the start of the next episode.
INFO 2026-05-11 15:08:20 t_record.py:383 No policy or teleoperator provided, skipping action generation.This is likely to happen when resetting the environment without a teleop device.The robot won't be at its rest position at the start of the next episode.
INFO 2026-05-11 15:08:20 t_record.py:383 No policy or teleoperator provided, skipping action generation.This is likely to happen when resetting the environment without a teleop device.The robot won't be at its rest position at the start of the next episode.
INFO 2026-05-11 15:08:20 t_record.py:383 No policy or teleoperator provided, skipping action generation.This is likely to happen when resetting the environment without a teleop device.The robot won't be at its rest position at the start of the next episode.
INFO 2026-05-11 15:08:20 t_record.py:383 No policy or teleoperator provided, skipping action generation.This is likely to happen when resetting the environment without a teleop device.The robot won't be at its rest position at the start of the next episode.
INFO 2026-05-11 15:08:20 t_record.py:383 No policy or teleoperator provided, skipping action generation.This is likely to happen when resetting the environment without a teleop device.The robot won't be at its rest position at the start of the next episode.
INFO 2026-05-11 15:08:20 t_record.py:383 No policy or teleoperator provided, skipping action generation.This is likely to happen when resetting the environment without a teleop device.The robot won't be at its rest position at the start of the next episode.
INFO 2026-05-11 15:08:20 t_record.py:383 No policy or teleoperator provided, skipping action generation.This is likely to happen when resetting the environment without a teleop device.The robot won't be at its rest position at the start of the next episode.
INFO 2026-05-11 15:08:20 t_record.py:383 No policy or teleoperator provided, skipping action generation.This is likely to happen when resetting the environment without a teleop device.The robot won't be at its rest position at the start of the next episode.
INFO 2026-05-11 15:08:20 t_record.py:383 No policy or teleoperator provided, skipping action generation.This is likely to happen when resetting the environment without a teleop device.The robot won't be at its rest position at the start of the next episode.
INFO 2026-05-11 15:08:20 t_record.py:383 No policy or teleoperator provided, skipping action generation.This is likely to happen when resetting the environment without a teleop device.The robot won't be at its rest position at the start of the next episode.
INFO 2026-05-11 15:08:20 t_record.py:383 No policy or teleoperator provided, skipping action generation.This is likely to happen when resetting the environment without a teleop device.The robot won't be at its rest position at the start of the next episode.
INFO 2026-05-11 15:08:20 t_record.py:383 No policy or teleoperator provided, skipping action generation.This is likely to happen when resetting the environment without a teleop device.The robot won't be at its rest position at the start of the next episode.
INFO 2026-05-11 15:08:20 t_record.py:383 No policy or teleoperator provided, skipping action generation.This is likely to happen when resetting the environment without a teleop device.The robot won't be at its rest position at the start of the next episode.
INFO 2026-05-11 15:08:20 t_record.py:383 No policy or teleoperator provided, skipping action generation.This is likely to happen when resetting the environment without a teleop device.The robot won't be at its rest position at the start of the next episode.
INFO 2026-05-11 15:08:20 t_record.py:383 No policy or teleoperator provided, skipping action generation.This is likely to happen when resetting the environment without a teleop device.The robot won't be at its rest position at the start of the next episode.
INFO 2026-05-11 15:08:20 t_record.py:383 No policy or teleoperator provided, skipping action generation.This is likely to happen when resetting the environment without a teleop device.The robot won't be at its rest position at the start of the next episode.
INFO 2026-05-11 15:08:20 t_record.py:383 No policy or teleoperator provided, skipping action generation.This is likely to happen when resetting the environment without a teleop device.The robot won't be at its rest position at the start of the next episode.
INFO 2026-05-11 15:08:20 t_record.py:383 No policy or teleoperator provided, skipping action generation.This is likely to happen when resetting the environment without a teleop device.The robot won't be at its rest position at the start of the next episode.
INFO 2026-05-11 15:08:20 t_record.py:383 No policy or teleoperator provided, skipping action generation.This is likely to happen when resetting the environment without a teleop device.The robot won't be at its rest position at the start of the next episode.
INFO 2026-05-11 15:08:20 t_record.py:383 No policy or teleoperator provided, skipping action generation.This is likely to happen when resetting the environment without a teleop device.The robot won't be at its rest position at the start of the next episode.
INFO 2026-05-11 15:08:20 t_record.py:383 No policy or teleoperator provided, skipping action generation.This is likely to happen when resetting the environment without a teleop device.The robot won't be at its rest position at the start of the next episode.
INFO 2026-05-11 15:08:20 t_record.py:383 No policy or teleoperator provided, skipping action generation.This is likely to happen when resetting the environment without a teleop device.The robot won't be at its rest position at the start of the next episode.
INFO 2026-05-11 15:08:20 t_record.py:383 No policy or teleoperator provided, skipping action generation.This is likely to happen when resetting the environment without a teleop device.The robot won't be at its rest position at the start of the next episode.
INFO 2026-05-11 15:08:20 t_record.py:383 No policy or teleoperator provided, skipping action generation.This is likely to happen when resetting the environment without a teleop device.The robot won't be at its rest position at the start of the next episode.
INFO 2026-05-11 15:08:20 t_record.py:383 No policy or teleoperator provided, skipping action generation.This is likely to happen when resetting the environment without a teleop device.The robot won't be at its rest position at the start of the next episode.
INFO 2026-05-11 15:08:20 t_record.py:383 No policy or teleoperator provided, skipping action generation.This is likely to happen when resetting the environment without a teleop device.The robot won't be at its rest position at the start of the next episode.
INFO 2026-05-11 15:08:20 t_record.py:383 No policy or teleoperator provided, skipping action generation.This is likely to happen when resetting the environment without a teleop device.The robot won't be at its rest position at the start of the next episode.
INFO 2026-05-11 15:08:20 t_record.py:383 No policy or teleoperator provided, skipping action generation.This is likely to happen when resetting the environment without a teleop device.The robot won't be at its rest position at the start of the next episode.
INFO 2026-05-11 15:08:20 t_record.py:383 No policy or teleoperator provided, skipping action generation.This is likely to happen when resetting the environment without a teleop device.The robot won't be at its rest position at the start of the next episode.
INFO 2026-05-11 15:08:20 t_record.py:383 No policy or teleoperator provided, skipping action generation.This is likely to happen when resetting the environment without a teleop device.The robot won't be at its rest position at the start of the next episode.
INFO 2026-05-11 15:08:20 t_record.py:383 No policy or teleoperator provided, skipping action generation.This is likely to happen when resetting the environment without a teleop device.The robot won't be at its rest position at the start of the next episode.
INFO 2026-05-11 15:08:20 t_record.py:383 No policy or teleoperator provided, skipping action generation.This is likely to happen when resetting the environment without a teleop device.The robot won't be at its rest position at the start of the next episode.
INFO 2026-05-11 15:08:20 t_record.py:383 No policy or teleoperator provided, skipping action generation.This is likely to happen when resetting the environment without a teleop device.The robot won't be at its rest position at the start of the next episode.
INFO 2026-05-11 15:08:20 t_record.py:383 No policy or teleoperator provided, skipping action generation.This is likely to happen when resetting the environment without a teleop device.The robot won't be at its rest position at the start of the next episode.
INFO 2026-05-11 15:08:20 t_record.py:383 No policy or teleoperator provided, skipping action generation.This is likely to happen when resetting the environment without a teleop device.The robot won't be at its rest position at the start of the next episode.
INFO 2026-05-11 15:08:20 t_record.py:383 No policy or teleoperator provided, skipping action generation.This is likely to happen when resetting the environment without a teleop device.The robot won't be at its rest position at the start of the next episode.
INFO 2026-05-11 15:08:20 t_record.py:383 No policy or teleoperator provided, skipping action generation.This is likely to happen when resetting the environment without a teleop device.The robot won't be at its rest position at the start of the next episode.
INFO 2026-05-11 15:08:20 t_record.py:383 No policy or teleoperator provided, skipping action generation.This is likely to happen when resetting the environment without a teleop device.The robot won't be at its rest position at the start of the next episode.
INFO 2026-05-11 15:08:20 t_record.py:383 No policy or teleoperator provided, skipping action generation.This is likely to happen when resetting the environment without a teleop device.The robot won't be at its rest position at the start of the next episode.
INFO 2026-05-11 15:08:20 t_record.py:383 No policy or teleoperator provided, skipping action generation.This is likely to happen when resetting the environment without a teleop device.The robot won't be at its rest position at the start of the next episode.
INFO 2026-05-11 15:08:20 t_record.py:383 No policy or teleoperator provided, skipping action generation.This is likely to happen when resetting the environment without a teleop device.The robot won't be at its rest position at the start of the next episode.
INFO 2026-05-11 15:08:20 t_record.py:383 No policy or teleoperator provided, skipping action generation.This is likely to happen when resetting the environment without a teleop device.The robot won't be at its rest position at the start of the next episode.
INFO 2026-05-11 15:08:20 t_record.py:383 No policy or teleoperator provided, skipping action generation.This is likely to happen when resetting the environment without a teleop device.The robot won't be at its rest position at the start of the next episode.
INFO 2026-05-11 15:08:20 t_record.py:383 No policy or teleoperator provided, skipping action generation.This is likely to happen when resetting the environment without a teleop device.The robot won't be at its rest position at the start of the next episode.
INFO 2026-05-11 15:08:20 t_record.py:383 No policy or teleoperator provided, skipping action generation.This is likely to happen when resetting the environment without a teleop device.The robot won't be at its rest position at the start of the next episode.
INFO 2026-05-11 15:08:20 t_record.py:383 No policy or teleoperator provided, skipping action generation.This is likely to happen when resetting the environment without a teleop device.The robot won't be at its rest position at the start of the next episode.
INFO 2026-05-11 15:08:20 t_record.py:383 No policy or teleoperator provided, skipping action generation.This is likely to happen when resetting the environment without a teleop device.The robot won't be at its rest position at the start of the next episode.
INFO 2026-05-11 15:08:20 t_record.py:383 No policy or teleoperator provided, skipping action generation.This is likely to happen when resetting the environment without a teleop device.The robot won't be at its rest position at the start of the next episode.
INFO 2026-05-11 15:08:20 t_record.py:383 No policy or teleoperator provided, skipping action generation.This is likely to happen when resetting the environment without a teleop device.The robot won't be at its rest position at the start of the next episode.
INFO 2026-05-11 15:08:20 t_record.py:383 No policy or teleoperator provided, skipping action generation.This is likely to happen when resetting the environment without a teleop device.The robot won't be at its rest position at the start of the next episode.
INFO 2026-05-11 15:08:20 t_record.py:383 No policy or teleoperator provided, skipping action generation.This is likely to happen when resetting the environment without a teleop device.The robot won't be at its rest position at the start of the next episode.
INFO 2026-05-11 15:08:20 t_record.py:383 No policy or teleoperator provided, skipping action generation.This is likely to happen when resetting the environment without a teleop device.The robot won't be at its rest position at the start of the next episode.
INFO 2026-05-11 15:08:20 t_record.py:383 No policy or teleoperator provided, skipping action generation.This is likely to happen when resetting the environment without a teleop device.The robot won't be at its rest position at the start of the next episode.
INFO 2026-05-11 15:08:20 t_record.py:383 No policy or teleoperator provided, skipping action generation.This is likely to happen when resetting the environment without a teleop device.The robot won't be at its rest position at the start of the next episode.
INFO 2026-05-11 15:08:20 t_record.py:383 No policy or teleoperator provided, skipping action generation.This is likely to happen when resetting the environment without a teleop device.The robot won't be at its rest position at the start of the next episode.
INFO 2026-05-11 15:08:20 t_record.py:383 No policy or teleoperator provided, skipping action generation.This is likely to happen when resetting the environment without a teleop device.The robot won't be at its rest position at the start of the next episode.
INFO 2026-05-11 15:08:20 t_record.py:383 No policy or teleoperator provided, skipping action generation.This is likely to happen when resetting the environment without a teleop device.The robot won't be at its rest position at the start of the next episode.
INFO 2026-05-11 15:08:20 t_record.py:383 No policy or teleoperator provided, skipping action generation.This is likely to happen when resetting the environment without a teleop device.The robot won't be at its rest position at the start of the next episode.
INFO 2026-05-11 15:08:20 t_record.py:383 No policy or teleoperator provided, skipping action generation.This is likely to happen when resetting the environment without a teleop device.The robot won't be at its rest position at the start of the next episode.
INFO 2026-05-11 15:08:20 t_record.py:383 No policy or teleoperator provided, skipping action generation.This is likely to happen when resetting the environment without a teleop device.The robot won't be at its rest position at the start of the next episode.
INFO 2026-05-11 15:08:20 t_record.py:383 No policy or teleoperator provided, skipping action generation.This is likely to happen when resetting the environment without a teleop device.The robot won't be at its rest position at the start of the next episode.
INFO 2026-05-11 15:08:20 t_record.py:383 No policy or teleoperator provided, skipping action generation.This is likely to happen when resetting the environment without a teleop device.The robot won't be at its rest position at the start of the next episode.
INFO 2026-05-11 15:08:20 t_record.py:383 No policy or teleoperator provided, skipping action generation.This is likely to happen when resetting the environment without a teleop device.The robot won't be at its rest position at the start of the next episode.
INFO 2026-05-11 15:08:20 t_record.py:383 No policy or teleoperator provided, skipping action generation.This is likely to happen when resetting the environment without a teleop device.The robot won't be at its rest position at the start of the next episode.
INFO 2026-05-11 15:08:20 t_record.py:383 No policy or teleoperator provided, skipping action generation.This is likely to happen when resetting the environment without a teleop device.The robot won't be at its rest position at the start of the next episode.
INFO 2026-05-11 15:08:20 t_record.py:383 No policy or teleoperator provided, skipping action generation.This is likely to happen when resetting the environment without a teleop device.The robot won't be at its rest position at the start of the next episode.
INFO 2026-05-11 15:08:20 t_record.py:383 No policy or teleoperator provided, skipping action generation.This is likely to happen when resetting the environment without a teleop device.The robot won't be at its rest position at the start of the next episode.
INFO 2026-05-11 15:08:20 t_record.py:383 No policy or teleoperator provided, skipping action generation.This is likely to happen when resetting the environment without a teleop device.The robot won't be at its rest position at the start of the next episode.
INFO 2026-05-11 15:08:20 t_record.py:383 No policy or teleoperator provided, skipping action generation.This is likely to happen when resetting the environment without a teleop device.The robot won't be at its rest position at the start of the next episode.
INFO 2026-05-11 15:08:20 t_record.py:383 No policy or teleoperator provided, skipping action generation.This is likely to happen when resetting the environment without a teleop device.The robot won't be at its rest position at the start of the next episode.
INFO 2026-05-11 15:08:20 t_record.py:383 No policy or teleoperator provided, skipping action generation.This is likely to happen when resetting the environment without a teleop device.The robot won't be at its rest position at the start of the next episode.
INFO 2026-05-11 15:08:20 t_record.py:383 No policy or teleoperator provided, skipping action generation.This is likely to happen when resetting the environment without a teleop device.The robot won't be at its rest position at the start of the next episode.
INFO 2026-05-11 15:08:20 t_record.py:383 No policy or teleoperator provided, skipping action generation.This is likely to happen when resetting the environment without a teleop device.The robot won't be at its rest position at the start of the next episode.
INFO 2026-05-11 15:08:20 t_record.py:383 No policy or teleoperator provided, skipping action generation.This is likely to happen when resetting the environment without a teleop device.The robot won't be at its rest position at the start of the next episode.
INFO 2026-05-11 15:08:20 t_record.py:383 No policy or teleoperator provided, skipping action generation.This is likely to happen when resetting the environment without a teleop device.The robot won't be at its rest position at the start of the next episode.
INFO 2026-05-11 15:08:20 t_record.py:383 No policy or teleoperator provided, skipping action generation.This is likely to happen when resetting the environment without a teleop device.The robot won't be at its rest position at the start of the next episode.
INFO 2026-05-11 15:08:20 t_record.py:383 No policy or teleoperator provided, skipping action generation.This is likely to happen when resetting the environment without a teleop device.The robot won't be at its rest position at the start of the next episode.
INFO 2026-05-11 15:08:20 t_record.py:383 No policy or teleoperator provided, skipping action generation.This is likely to happen when resetting the environment without a teleop device.The robot won't be at its rest position at the start of the next episode.
INFO 2026-05-11 15:08:20 t_record.py:383 No policy or teleoperator provided, skipping action generation.This is likely to happen when resetting the environment without a teleop device.The robot won't be at its rest position at the start of the next episode.
INFO 2026-05-11 15:08:20 t_record.py:383 No policy or teleoperator provided, skipping action generation.This is likely to happen when resetting the environment without a teleop device.The robot won't be at its rest position at the start of the next episode.
INFO 2026-05-11 15:08:20 t_record.py:383 No policy or teleoperator provided, skipping action generation.This is likely to happen when resetting the environment without a teleop device.The robot won't be at its rest position at the start of the next episode.
INFO 2026-05-11 15:08:20 t_record.py:383 No policy or teleoperator provided, skipping action generation.This is likely to happen when resetting the environment without a teleop device.The robot won't be at its rest position at the start of the next episode.
INFO 2026-05-11 15:08:20 t_record.py:383 No policy or teleoperator provided, skipping action generation.This is likely to happen when resetting the environment without a teleop device.The robot won't be at its rest position at the start of the next episode.
INFO 2026-05-11 15:08:20 t_record.py:383 No policy or teleoperator provided, skipping action generation.This is likely to happen when resetting the environment without a teleop device.The robot won't be at its rest position at the start of the next episode.
INFO 2026-05-11 15:08:20 t_record.py:383 No policy or teleoperator provided, skipping action generation.This is likely to happen when resetting the environment without a teleop device.The robot won't be at its rest position at the start of the next episode.
INFO 2026-05-11 15:08:20 t_record.py:383 No policy or teleoperator provided, skipping action generation.This is likely to happen when resetting the environment without a teleop device.The robot won't be at its rest position at the start of the next episode.
INFO 2026-05-11 15:08:20 t_record.py:383 No policy or teleoperator provided, skipping action generation.This is likely to happen when resetting the environment without a teleop device.The robot won't be at its rest position at the start of the next episode.
INFO 2026-05-11 15:08:20 t_record.py:383 No policy or teleoperator provided, skipping action generation.This is likely to happen when resetting the environment without a teleop device.The robot won't be at its rest position at the start of the next episode.
INFO 2026-05-11 15:08:20 t_record.py:383 No policy or teleoperator provided, skipping action generation.This is likely to happen when resetting the environment without a teleop device.The robot won't be at its rest position at the start of the next episode.
INFO 2026-05-11 15:08:20 t_record.py:383 No policy or teleoperator provided, skipping action generation.This is likely to happen when resetting the environment without a teleop device.The robot won't be at its rest position at the start of the next episode.
INFO 2026-05-11 15:08:20 t_record.py:383 No policy or teleoperator provided, skipping action generation.This is likely to happen when resetting the environment without a teleop device.The robot won't be at its rest position at the start of the next episode.
INFO 2026-05-11 15:08:20 t_record.py:383 No policy or teleoperator provided, skipping action generation.This is likely to happen when resetting the environment without a teleop device.The robot won't be at its rest position at the start of the next episode.
INFO 2026-05-11 15:08:20 t_record.py:383 No policy or teleoperator provided, skipping action generation.This is likely to happen when resetting the environment without a teleop device.The robot won't be at its rest position at the start of the next episode.
INFO 2026-05-11 15:08:20 t_record.py:383 No policy or teleoperator provided, skipping action generation.This is likely to happen when resetting the environment without a teleop device.The robot won't be at its rest position at the start of the next episode.
INFO 2026-05-11 15:08:20 t_record.py:383 No policy or teleoperator provided, skipping action generation.This is likely to happen when resetting the environment without a teleop device.The robot won't be at its rest position at the start of the next episode.
INFO 2026-05-11 15:08:20 t_record.py:383 No policy or teleoperator provided, skipping action generation.This is likely to happen when resetting the environment without a teleop device.The robot won't be at its rest position at the start of the next episode.
INFO 2026-05-11 15:08:20 t_record.py:383 No policy or teleoperator provided, skipping action generation.This is likely to happen when resetting the environment without a teleop device.The robot won't be at its rest position at the start of the next episode.
INFO 2026-05-11 15:08:20 t_record.py:383 No policy or teleoperator provided, skipping action generation.This is likely to happen when resetting the environment without a teleop device.The robot won't be at its rest position at the start of the next episode.
INFO 2026-05-11 15:08:20 t_record.py:383 No policy or teleoperator provided, skipping action generation.This is likely to happen when resetting the environment without a teleop device.The robot won't be at its rest position at the start of the next episode.
INFO 2026-05-11 15:08:20 t_record.py:383 No policy or teleoperator provided, skipping action generation.This is likely to happen when resetting the environment without a teleop device.The robot won't be at its rest position at the start of the next episode.
INFO 2026-05-11 15:08:20 t_record.py:383 No policy or teleoperator provided, skipping action generation.This is likely to happen when resetting the environment without a teleop device.The robot won't be at its rest position at the start of the next episode.
INFO 2026-05-11 15:08:20 t_record.py:383 No policy or teleoperator provided, skipping action generation.This is likely to happen when resetting the environment without a teleop device.The robot won't be at its rest position at the start of the next episode.
INFO 2026-05-11 15:08:20 t_record.py:383 No policy or teleoperator provided, skipping action generation.This is likely to happen when resetting the environment without a teleop device.The robot won't be at its rest position at the start of the next episode.
INFO 2026-05-11 15:08:20 t_record.py:383 No policy or teleoperator provided, skipping action generation.This is likely to happen when resetting the environment without a teleop device.The robot won't be at its rest position at the start of the next episode.
INFO 2026-05-11 15:08:20 t_record.py:383 No policy or teleoperator provided, skipping action generation.This is likely to happen when resetting the environment without a teleop device.The robot won't be at its rest position at the start of the next episode.
INFO 2026-05-11 15:08:20 t_record.py:383 No policy or teleoperator provided, skipping action generation.This is likely to happen when resetting the environment without a teleop device.The robot won't be at its rest position at the start of the next episode.
INFO 2026-05-11 15:08:20 t_record.py:383 No policy or teleoperator provided, skipping action generation.This is likely to happen when resetting the environment without a teleop device.The robot won't be at its rest position at the start of the next episode.
INFO 2026-05-11 15:08:20 t_record.py:383 No policy or teleoperator provided, skipping action generation.This is likely to happen when resetting the environment without a teleop device.The robot won't be at its rest position at the start of the next episode.
INFO 2026-05-11 15:08:20 t_record.py:383 No policy or teleoperator provided, skipping action generation.This is likely to happen when resetting the environment without a teleop device.The robot won't be at its rest position at the start of the next episode.
INFO 2026-05-11 15:08:20 t_record.py:383 No policy or teleoperator provided, skipping action generation.This is likely to happen when resetting the environment without a teleop device.The robot won't be at its rest position at the start of the next episode.
INFO 2026-05-11 15:08:20 t_record.py:383 No policy or teleoperator provided, skipping action generation.This is likely to happen when resetting the environment without a teleop device.The robot won't be at its rest position at the start of the next episode.
INFO 2026-05-11 15:08:20 t_record.py:383 No policy or teleoperator provided, skipping action generation.This is likely to happen when resetting the environment without a teleop device.The robot won't be at its rest position at the start of the next episode.
INFO 2026-05-11 15:08:20 t_record.py:383 No policy or teleoperator provided, skipping action generation.This is likely to happen when resetting the environment without a teleop device.The robot won't be at its rest position at the start of the next episode.
INFO 2026-05-11 15:08:20 t_record.py:383 No policy or teleoperator provided, skipping action generation.This is likely to happen when resetting the environment without a teleop device.The robot won't be at its rest position at the start of the next episode.
INFO 2026-05-11 15:08:20 t_record.py:383 No policy or teleoperator provided, skipping action generation.This is likely to happen when resetting the environment without a teleop device.The robot won't be at its rest position at the start of the next episode.
INFO 2026-05-11 15:08:20 t_record.py:383 No policy or teleoperator provided, skipping action generation.This is likely to happen when resetting the environment without a teleop device.The robot won't be at its rest position at the start of the next episode.
INFO 2026-05-11 15:08:20 t_record.py:383 No policy or teleoperator provided, skipping action generation.This is likely to happen when resetting the environment without a teleop device.The robot won't be at its rest position at the start of the next episode.
INFO 2026-05-11 15:08:20 t_record.py:383 No policy or teleoperator provided, skipping action generation.This is likely to happen when resetting the environment without a teleop device.The robot won't be at its rest position at the start of the next episode.
INFO 2026-05-11 15:08:20 t_record.py:383 No policy or teleoperator provided, skipping action generation.This is likely to happen when resetting the environment without a teleop device.The robot won't be at its rest position at the start of the next episode.
INFO 2026-05-11 15:08:20 t_record.py:383 No policy or teleoperator provided, skipping action generation.This is likely to happen when resetting the environment without a teleop device.The robot won't be at its rest position at the start of the next episode.
INFO 2026-05-11 15:08:20 t_record.py:383 No policy or teleoperator provided, skipping action generation.This is likely to happen when resetting the environment without a teleop device.The robot won't be at its rest position at the start of the next episode.
INFO 2026-05-11 15:08:20 t_record.py:383 No policy or teleoperator provided, skipping action generation.This is likely to happen when resetting the environment without a teleop device.The robot won't be at its rest position at the start of the next episode.
INFO 2026-05-11 15:08:20 t_record.py:383 No policy or teleoperator provided, skipping action generation.This is likely to happen when resetting the environment without a teleop device.The robot won't be at its rest position at the start of the next episode.
INFO 2026-05-11 15:08:20 t_record.py:383 No policy or teleoperator provided, skipping action generation.This is likely to happen when resetting the environment without a teleop device.The robot won't be at its rest position at the start of the next episode.
INFO 2026-05-11 15:08:20 t_record.py:383 No policy or teleoperator provided, skipping action generation.This is likely to happen when resetting the environment without a teleop device.The robot won't be at its rest position at the start of the next episode.
INFO 2026-05-11 15:08:20 t_record.py:383 No policy or teleoperator provided, skipping action generation.This is likely to happen when resetting the environment without a teleop device.The robot won't be at its rest position at the start of the next episode.
INFO 2026-05-11 15:08:20 t_record.py:383 No policy or teleoperator provided, skipping action generation.This is likely to happen when resetting the environment without a teleop device.The robot won't be at its rest position at the start of the next episode.
INFO 2026-05-11 15:08:20 t_record.py:383 No policy or teleoperator provided, skipping action generation.This is likely to happen when resetting the environment without a teleop device.The robot won't be at its rest position at the start of the next episode.
INFO 2026-05-11 15:08:20 t_record.py:383 No policy or teleoperator provided, skipping action generation.This is likely to happen when resetting the environment without a teleop device.The robot won't be at its rest position at the start of the next episode.
INFO 2026-05-11 15:08:20 t_record.py:383 No policy or teleoperator provided, skipping action generation.This is likely to happen when resetting the environment without a teleop device.The robot won't be at its rest position at the start of the next episode.
INFO 2026-05-11 15:08:20 t_record.py:383 No policy or teleoperator provided, skipping action generation.This is likely to happen when resetting the environment without a teleop device.The robot won't be at its rest position at the start of the next episode.
INFO 2026-05-11 15:08:20 t_record.py:383 No policy or teleoperator provided, skipping action generation.This is likely to happen when resetting the environment without a teleop device.The robot won't be at its rest position at the start of the next episode.
INFO 2026-05-11 15:08:20 t_record.py:383 No policy or teleoperator provided, skipping action generation.This is likely to happen when resetting the environment without a teleop device.The robot won't be at its rest position at the start of the next episode.
INFO 2026-05-11 15:08:20 t_record.py:383 No policy or teleoperator provided, skipping action generation.This is likely to happen when resetting the environment without a teleop device.The robot won't be at its rest position at the start of the next episode.
INFO 2026-05-11 15:08:20 t_record.py:383 No policy or teleoperator provided, skipping action generation.This is likely to happen when resetting the environment without a teleop device.The robot won't be at its rest position at the start of the next episode.
INFO 2026-05-11 15:08:20 t_record.py:383 No policy or teleoperator provided, skipping action generation.This is likely to happen when resetting the environment without a teleop device.The robot won't be at its rest position at the start of the next episode.
INFO 2026-05-11 15:08:20 t_record.py:383 No policy or teleoperator provided, skipping action generation.This is likely to happen when resetting the environment without a teleop device.The robot won't be at its rest position at the start of the next episode.
INFO 2026-05-11 15:08:20 t_record.py:383 No policy or teleoperator provided, skipping action generation.This is likely to happen when resetting the environment without a teleop device.The robot won't be at its rest position at the start of the next episode.
INFO 2026-05-11 15:08:20 t_record.py:383 No policy or teleoperator provided, skipping action generation.This is likely to happen when resetting the environment without a teleop device.The robot won't be at its rest position at the start of the next episode.
INFO 2026-05-11 15:08:20 t_record.py:383 No policy or teleoperator provided, skipping action generation.This is likely to happen when resetting the environment without a teleop device.The robot won't be at its rest position at the start of the next episode.
INFO 2026-05-11 15:08:20 t_record.py:383 No policy or teleoperator provided, skipping action generation.This is likely to happen when resetting the environment without a teleop device.The robot won't be at its rest position at the start of the next episode.
INFO 2026-05-11 15:08:20 t_record.py:383 No policy or teleoperator provided, skipping action generation.This is likely to happen when resetting the environment without a teleop device.The robot won't be at its rest position at the start of the next episode.
INFO 2026-05-11 15:08:20 t_record.py:383 No policy or teleoperator provided, skipping action generation.This is likely to happen when resetting the environment without a teleop device.The robot won't be at its rest position at the start of the next episode.
INFO 2026-05-11 15:08:20 t_record.py:383 No policy or teleoperator provided, skipping action generation.This is likely to happen when resetting the environment without a teleop device.The robot won't be at its rest position at the start of the next episode.
INFO 2026-05-11 15:08:20 t_record.py:383 No policy or teleoperator provided, skipping action generation.This is likely to happen when resetting the environment without a teleop device.The robot won't be at its rest position at the start of the next episode.
INFO 2026-05-11 15:08:20 t_record.py:383 No policy or teleoperator provided, skipping action generation.This is likely to happen when resetting the environment without a teleop device.The robot won't be at its rest position at the start of the next episode.
INFO 2026-05-11 15:08:20 t_record.py:383 No policy or teleoperator provided, skipping action generation.This is likely to happen when resetting the environment without a teleop device.The robot won't be at its rest position at the start of the next episode.
INFO 2026-05-11 15:08:20 t_record.py:383 No policy or teleoperator provided, skipping action generation.This is likely to happen when resetting the environment without a teleop device.The robot won't be at its rest position at the start of the next episode.
INFO 2026-05-11 15:08:20 t_record.py:383 No policy or teleoperator provided, skipping action generation.This is likely to happen when resetting the environment without a teleop device.The robot won't be at its rest position at the start of the next episode.
INFO 2026-05-11 15:08:20 t_record.py:383 No policy or teleoperator provided, skipping action generation.This is likely to happen when resetting the environment without a teleop device.The robot won't be at its rest position at the start of the next episode.
INFO 2026-05-11 15:08:20 t_record.py:383 No policy or teleoperator provided, skipping action generation.This is likely to happen when resetting the environment without a teleop device.The robot won't be at its rest position at the start of the next episode.
INFO 2026-05-11 15:08:20 t_record.py:383 No policy or teleoperator provided, skipping action generation.This is likely to happen when resetting the environment without a teleop device.The robot won't be at its rest position at the start of the next episode.
INFO 2026-05-11 15:08:20 t_record.py:383 No policy or teleoperator provided, skipping action generation.This is likely to happen when resetting the environment without a teleop device.The robot won't be at its rest position at the start of the next episode.
INFO 2026-05-11 15:08:20 t_record.py:383 No policy or teleoperator provided, skipping action generation.This is likely to happen when resetting the environment without a teleop device.The robot won't be at its rest position at the start of the next episode.
INFO 2026-05-11 15:08:20 t_record.py:383 No policy or teleoperator provided, skipping action generation.This is likely to happen when resetting the environment without a teleop device.The robot won't be at its rest position at the start of the next episode.
INFO 2026-05-11 15:08:20 t_record.py:383 No policy or teleoperator provided, skipping action generation.This is likely to happen when resetting the environment without a teleop device.The robot won't be at its rest position at the start of the next episode.
INFO 2026-05-11 15:08:20 t_record.py:383 No policy or teleoperator provided, skipping action generation.This is likely to happen when resetting the environment without a teleop device.The robot won't be at its rest position at the start of the next episode.
INFO 2026-05-11 15:08:20 t_record.py:383 No policy or teleoperator provided, skipping action generation.This is likely to happen when resetting the environment without a teleop device.The robot won't be at its rest position at the start of the next episode.
INFO 2026-05-11 15:08:20 t_record.py:383 No policy or teleoperator provided, skipping action generation.This is likely to happen when resetting the environment without a teleop device.The robot won't be at its rest position at the start of the next episode.
INFO 2026-05-11 15:08:20 t_record.py:383 No policy or teleoperator provided, skipping action generation.This is likely to happen when resetting the environment without a teleop device.The robot won't be at its rest position at the start of the next episode.
INFO 2026-05-11 15:08:20 t_record.py:383 No policy or teleoperator provided, skipping action generation.This is likely to happen when resetting the environment without a teleop device.The robot won't be at its rest position at the start of the next episode.
INFO 2026-05-11 15:08:20 t_record.py:383 No policy or teleoperator provided, skipping action generation.This is likely to happen when resetting the environment without a teleop device.The robot won't be at its rest position at the start of the next episode.
INFO 2026-05-11 15:08:20 t_record.py:383 No policy or teleoperator provided, skipping action generation.This is likely to happen when resetting the environment without a teleop device.The robot won't be at its rest position at the start of the next episode.
INFO 2026-05-11 15:08:20 t_record.py:383 No policy or teleoperator provided, skipping action generation.This is likely to happen when resetting the environment without a teleop device.The robot won't be at its rest position at the start of the next episode.
INFO 2026-05-11 15:08:20 t_record.py:383 No policy or teleoperator provided, skipping action generation.This is likely to happen when resetting the environment without a teleop device.The robot won't be at its rest position at the start of the next episode.
INFO 2026-05-11 15:08:20 t_record.py:383 No policy or teleoperator provided, skipping action generation.This is likely to happen when resetting the environment without a teleop device.The robot won't be at its rest position at the start of the next episode.
INFO 2026-05-11 15:08:20 t_record.py:383 No policy or teleoperator provided, skipping action generation.This is likely to happen when resetting the environment without a teleop device.The robot won't be at its rest position at the start of the next episode.
INFO 2026-05-11 15:08:20 t_record.py:383 No policy or teleoperator provided, skipping action generation.This is likely to happen when resetting the environment without a teleop device.The robot won't be at its rest position at the start of the next episode.
INFO 2026-05-11 15:08:20 t_record.py:383 No policy or teleoperator provided, skipping action generation.This is likely to happen when resetting the environment without a teleop device.The robot won't be at its rest position at the start of the next episode.
INFO 2026-05-11 15:08:20 t_record.py:383 No policy or teleoperator provided, skipping action generation.This is likely to happen when resetting the environment without a teleop device.The robot won't be at its rest position at the start of the next episode.
INFO 2026-05-11 15:08:20 t_record.py:383 No policy or teleoperator provided, skipping action generation.This is likely to happen when resetting the environment without a teleop device.The robot won't be at its rest position at the start of the next episode.
INFO 2026-05-11 15:08:20 t_record.py:383 No policy or teleoperator provided, skipping action generation.This is likely to happen when resetting the environment without a teleop device.The robot won't be at its rest position at the start of the next episode.
INFO 2026-05-11 15:08:20 t_record.py:383 No policy or teleoperator provided, skipping action generation.This is likely to happen when resetting the environment without a teleop device.The robot won't be at its rest position at the start of the next episode.
INFO 2026-05-11 15:08:20 t_record.py:383 No policy or teleoperator provided, skipping action generation.This is likely to happen when resetting the environment without a teleop device.The robot won't be at its rest position at the start of the next episode.
INFO 2026-05-11 15:08:20 t_record.py:383 No policy or teleoperator provided, skipping action generation.This is likely to happen when resetting the environment without a teleop device.The robot won't be at its rest position at the start of the next episode.
INFO 2026-05-11 15:08:20 t_record.py:383 No policy or teleoperator provided, skipping action generation.This is likely to happen when resetting the environment without a teleop device.The robot won't be at its rest position at the start of the next episode.
INFO 2026-05-11 15:08:20 t_record.py:383 No policy or teleoperator provided, skipping action generation.This is likely to happen when resetting the environment without a teleop device.The robot won't be at its rest position at the start of the next episode.
INFO 2026-05-11 15:08:20 t_record.py:383 No policy or teleoperator provided, skipping action generation.This is likely to happen when resetting the environment without a teleop device.The robot won't be at its rest position at the start of the next episode.
INFO 2026-05-11 15:08:20 t_record.py:383 No policy or teleoperator provided, skipping action generation.This is likely to happen when resetting the environment without a teleop device.The robot won't be at its rest position at the start of the next episode.
INFO 2026-05-11 15:08:20 t_record.py:383 No policy or teleoperator provided, skipping action generation.This is likely to happen when resetting the environment without a teleop device.The robot won't be at its rest position at the start of the next episode.
INFO 2026-05-11 15:08:20 t_record.py:383 No policy or teleoperator provided, skipping action generation.This is likely to happen when resetting the environment without a teleop device.The robot won't be at its rest position at the start of the next episode.
INFO 2026-05-11 15:08:20 t_record.py:383 No policy or teleoperator provided, skipping action generation.This is likely to happen when resetting the environment without a teleop device.The robot won't be at its rest position at the start of the next episode.
INFO 2026-05-11 15:08:20 t_record.py:383 No policy or teleoperator provided, skipping action generation.This is likely to happen when resetting the environment without a teleop device.The robot won't be at its rest position at the start of the next episode.
INFO 2026-05-11 15:08:20 t_record.py:383 No policy or teleoperator provided, skipping action generation.This is likely to happen when resetting the environment without a teleop device.The robot won't be at its rest position at the start of the next episode.
INFO 2026-05-11 15:08:20 t_record.py:383 No policy or teleoperator provided, skipping action generation.This is likely to happen when resetting the environment without a teleop device.The robot won't be at its rest position at the start of the next episode.
INFO 2026-05-11 15:08:20 t_record.py:383 No policy or teleoperator provided, skipping action generation.This is likely to happen when resetting the environment without a teleop device.The robot won't be at its rest position at the start of the next episode.
INFO 2026-05-11 15:08:20 t_record.py:383 No policy or teleoperator provided, skipping action generation.This is likely to happen when resetting the environment without a teleop device.The robot won't be at its rest position at the start of the next episode.
INFO 2026-05-11 15:08:20 t_record.py:383 No policy or teleoperator provided, skipping action generation.This is likely to happen when resetting the environment without a teleop device.The robot won't be at its rest position at the start of the next episode.
INFO 2026-05-11 15:08:20 t_record.py:383 No policy or teleoperator provided, skipping action generation.This is likely to happen when resetting the environment without a teleop device.The robot won't be at its rest position at the start of the next episode.
INFO 2026-05-11 15:08:20 t_record.py:383 No policy or teleoperator provided, skipping action generation.This is likely to happen when resetting the environment without a teleop device.The robot won't be at its rest position at the start of the next episode.
INFO 2026-05-11 15:08:20 t_record.py:383 No policy or teleoperator provided, skipping action generation.This is likely to happen when resetting the environment without a teleop device.The robot won't be at its rest position at the start of the next episode.
INFO 2026-05-11 15:08:20 t_record.py:383 No policy or teleoperator provided, skipping action generation.This is likely to happen when resetting the environment without a teleop device.The robot won't be at its rest position at the start of the next episode.
INFO 2026-05-11 15:08:20 t_record.py:383 No policy or teleoperator provided, skipping action generation.This is likely to happen when resetting the environment without a teleop device.The robot won't be at its rest position at the start of the next episode.
INFO 2026-05-11 15:08:20 t_record.py:383 No policy or teleoperator provided, skipping action generation.This is likely to happen when resetting the environment without a teleop device.The robot won't be at its rest position at the start of the next episode.
INFO 2026-05-11 15:08:20 t_record.py:383 No policy or teleoperator provided, skipping action generation.This is likely to happen when resetting the environment without a teleop device.The robot won't be at its rest position at the start of the next episode.
INFO 2026-05-11 15:08:20 t_record.py:383 No policy or teleoperator provided, skipping action generation.This is likely to happen when resetting the environment without a teleop device.The robot won't be at its rest position at the start of the next episode.
INFO 2026-05-11 15:08:20 t_record.py:383 No policy or teleoperator provided, skipping action generation.This is likely to happen when resetting the environment without a teleop device.The robot won't be at its rest position at the start of the next episode.
INFO 2026-05-11 15:08:20 t_record.py:383 No policy or teleoperator provided, skipping action generation.This is likely to happen when resetting the environment without a teleop device.The robot won't be at its rest position at the start of the next episode.
INFO 2026-05-11 15:08:20 t_record.py:383 No policy or teleoperator provided, skipping action generation.This is likely to happen when resetting the environment without a teleop device.The robot won't be at its rest position at the start of the next episode.
INFO 2026-05-11 15:08:20 t_record.py:383 No policy or teleoperator provided, skipping action generation.This is likely to happen when resetting the environment without a teleop device.The robot won't be at its rest position at the start of the next episode.
INFO 2026-05-11 15:08:20 t_record.py:383 No policy or teleoperator provided, skipping action generation.This is likely to happen when resetting the environment without a teleop device.The robot won't be at its rest position at the start of the next episode.
INFO 2026-05-11 15:08:20 t_record.py:383 No policy or teleoperator provided, skipping action generation.This is likely to happen when resetting the environment without a teleop device.The robot won't be at its rest position at the start of the next episode.
INFO 2026-05-11 15:08:20 t_record.py:383 No policy or teleoperator provided, skipping action generation.This is likely to happen when resetting the environment without a teleop device.The robot won't be at its rest position at the start of the next episode.
INFO 2026-05-11 15:08:20 t_record.py:383 No policy or teleoperator provided, skipping action generation.This is likely to happen when resetting the environment without a teleop device.The robot won't be at its rest position at the start of the next episode.
INFO 2026-05-11 15:08:20 t_record.py:383 No policy or teleoperator provided, skipping action generation.This is likely to happen when resetting the environment without a teleop device.The robot won't be at its rest position at the start of the next episode.
INFO 2026-05-11 15:08:20 t_record.py:383 No policy or teleoperator provided, skipping action generation.This is likely to happen when resetting the environment without a teleop device.The robot won't be at its rest position at the start of the next episode.
INFO 2026-05-11 15:08:20 t_record.py:383 No policy or teleoperator provided, skipping action generation.This is likely to happen when resetting the environment without a teleop device.The robot won't be at its rest position at the start of the next episode.
INFO 2026-05-11 15:08:20 t_record.py:383 No policy or teleoperator provided, skipping action generation.This is likely to happen when resetting the environment without a teleop device.The robot won't be at its rest position at the start of the next episode.
INFO 2026-05-11 15:08:20 t_record.py:383 No policy or teleoperator provided, skipping action generation.This is likely to happen when resetting the environment without a teleop device.The robot won't be at its rest position at the start of the next episode.
INFO 2026-05-11 15:08:20 t_record.py:383 No policy or teleoperator provided, skipping action generation.This is likely to happen when resetting the environment without a teleop device.The robot won't be at its rest position at the start of the next episode.
INFO 2026-05-11 15:08:20 t_record.py:383 No policy or teleoperator provided, skipping action generation.This is likely to happen when resetting the environment without a teleop device.The robot won't be at its rest position at the start of the next episode.
INFO 2026-05-11 15:08:20 t_record.py:383 No policy or teleoperator provided, skipping action generation.This is likely to happen when resetting the environment without a teleop device.The robot won't be at its rest position at the start of the next episode.
INFO 2026-05-11 15:08:20 t_record.py:383 No policy or teleoperator provided, skipping action generation.This is likely to happen when resetting the environment without a teleop device.The robot won't be at its rest position at the start of the next episode.
INFO 2026-05-11 15:08:20 t_record.py:383 No policy or teleoperator provided, skipping action generation.This is likely to happen when resetting the environment without a teleop device.The robot won't be at its rest position at the start of the next episode.
INFO 2026-05-11 15:08:20 t_record.py:383 No policy or teleoperator provided, skipping action generation.This is likely to happen when resetting the environment without a teleop device.The robot won't be at its rest position at the start of the next episode.
INFO 2026-05-11 15:08:20 t_record.py:383 No policy or teleoperator provided, skipping action generation.This is likely to happen when resetting the environment without a teleop device.The robot won't be at its rest position at the start of the next episode.
INFO 2026-05-11 15:08:20 t_record.py:383 No policy or teleoperator provided, skipping action generation.This is likely to happen when resetting the environment without a teleop device.The robot won't be at its rest position at the start of the next episode.
INFO 2026-05-11 15:08:20 t_record.py:383 No policy or teleoperator provided, skipping action generation.This is likely to happen when resetting the environment without a teleop device.The robot won't be at its rest position at the start of the next episode.
INFO 2026-05-11 15:08:20 t_record.py:383 No policy or teleoperator provided, skipping action generation.This is likely to happen when resetting the environment without a teleop device.The robot won't be at its rest position at the start of the next episode.
INFO 2026-05-11 15:08:20 t_record.py:383 No policy or teleoperator provided, skipping action generation.This is likely to happen when resetting the environment without a teleop device.The robot won't be at its rest position at the start of the next episode.
INFO 2026-05-11 15:08:20 t_record.py:383 No policy or teleoperator provided, skipping action generation.This is likely to happen when resetting the environment without a teleop device.The robot won't be at its rest position at the start of the next episode.
INFO 2026-05-11 15:08:20 t_record.py:383 No policy or teleoperator provided, skipping action generation.This is likely to happen when resetting the environment without a teleop device.The robot won't be at its rest position at the start of the next episode.
INFO 2026-05-11 15:08:20 t_record.py:383 No policy or teleoperator provided, skipping action generation.This is likely to happen when resetting the environment without a teleop device.The robot won't be at its rest position at the start of the next episode.
INFO 2026-05-11 15:08:20 t_record.py:383 No policy or teleoperator provided, skipping action generation.This is likely to happen when resetting the environment without a teleop device.The robot won't be at its rest position at the start of the next episode.
INFO 2026-05-11 15:08:20 t_record.py:383 No policy or teleoperator provided, skipping action generation.This is likely to happen when resetting the environment without a teleop device.The robot won't be at its rest position at the start of the next episode.
INFO 2026-05-11 15:08:20 t_record.py:383 No policy or teleoperator provided, skipping action generation.This is likely to happen when resetting the environment without a teleop device.The robot won't be at its rest position at the start of the next episode.
INFO 2026-05-11 15:08:20 t_record.py:383 No policy or teleoperator provided, skipping action generation.This is likely to happen when resetting the environment without a teleop device.The robot won't be at its rest position at the start of the next episode.
INFO 2026-05-11 15:08:20 t_record.py:383 No policy or teleoperator provided, skipping action generation.This is likely to happen when resetting the environment without a teleop device.The robot won't be at its rest position at the start of the next episode.
INFO 2026-05-11 15:08:20 t_record.py:383 No policy or teleoperator provided, skipping action generation.This is likely to happen when resetting the environment without a teleop device.The robot won't be at its rest position at the start of the next episode.
INFO 2026-05-11 15:08:20 t_record.py:383 No policy or teleoperator provided, skipping action generation.This is likely to happen when resetting the environment without a teleop device.The robot won't be at its rest position at the start of the next episode.
INFO 2026-05-11 15:08:20 t_record.py:383 No policy or teleoperator provided, skipping action generation.This is likely to happen when resetting the environment without a teleop device.The robot won't be at its rest position at the start of the next episode.
INFO 2026-05-11 15:08:20 t_record.py:383 No policy or teleoperator provided, skipping action generation.This is likely to happen when resetting the environment without a teleop device.The robot won't be at its rest position at the start of the next episode.
INFO 2026-05-11 15:08:20 t_record.py:383 No policy or teleoperator provided, skipping action generation.This is likely to happen when resetting the environment without a teleop device.The robot won't be at its rest position at the start of the next episode.
INFO 2026-05-11 15:08:20 t_record.py:383 No policy or teleoperator provided, skipping action generation.This is likely to happen when resetting the environment without a teleop device.The robot won't be at its rest position at the start of the next episode.
INFO 2026-05-11 15:08:20 t_record.py:383 No policy or teleoperator provided, skipping action generation.This is likely to happen when resetting the environment without a teleop device.The robot won't be at its rest position at the start of the next episode.
INFO 2026-05-11 15:08:20 t_record.py:383 No policy or teleoperator provided, skipping action generation.This is likely to happen when resetting the environment without a teleop device.The robot won't be at its rest position at the start of the next episode.
INFO 2026-05-11 15:08:20 t_record.py:383 No policy or teleoperator provided, skipping action generation.This is likely to happen when resetting the environment without a teleop device.The robot won't be at its rest position at the start of the next episode.
INFO 2026-05-11 15:08:20 t_record.py:383 No policy or teleoperator provided, skipping action generation.This is likely to happen when resetting the environment without a teleop device.The robot won't be at its rest position at the start of the next episode.
INFO 2026-05-11 15:08:20 t_record.py:383 No policy or teleoperator provided, skipping action generation.This is likely to happen when resetting the environment without a teleop device.The robot won't be at its rest position at the start of the next episode.
INFO 2026-05-11 15:08:20 t_record.py:383 No policy or teleoperator provided, skipping action generation.This is likely to happen when resetting the environment without a teleop device.The robot won't be at its rest position at the start of the next episode.
INFO 2026-05-11 15:08:20 t_record.py:383 No policy or teleoperator provided, skipping action generation.This is likely to happen when resetting the environment without a teleop device.The robot won't be at its rest position at the start of the next episode.
INFO 2026-05-11 15:08:20 t_record.py:383 No policy or teleoperator provided, skipping action generation.This is likely to happen when resetting the environment without a teleop device.The robot won't be at its rest position at the start of the next episode.
INFO 2026-05-11 15:08:20 t_record.py:383 No policy or teleoperator provided, skipping action generation.This is likely to happen when resetting the environment without a teleop device.The robot won't be at its rest position at the start of the next episode.
INFO 2026-05-11 15:08:20 t_record.py:383 No policy or teleoperator provided, skipping action generation.This is likely to happen when resetting the environment without a teleop device.The robot won't be at its rest position at the start of the next episode.
INFO 2026-05-11 15:08:20 t_record.py:383 No policy or teleoperator provided, skipping action generation.This is likely to happen when resetting the environment without a teleop device.The robot won't be at its rest position at the start of the next episode.
INFO 2026-05-11 15:08:20 t_record.py:383 No policy or teleoperator provided, skipping action generation.This is likely to happen when resetting the environment without a teleop device.The robot won't be at its rest position at the start of the next episode.
INFO 2026-05-11 15:08:20 t_record.py:383 No policy or teleoperator provided, skipping action generation.This is likely to happen when resetting the environment without a teleop device.The robot won't be at its rest position at the start of the next episode.
INFO 2026-05-11 15:08:20 t_record.py:383 No policy or teleoperator provided, skipping action generation.This is likely to happen when resetting the environment without a teleop device.The robot won't be at its rest position at the start of the next episode.
INFO 2026-05-11 15:08:20 t_record.py:383 No policy or teleoperator provided, skipping action generation.This is likely to happen when resetting the environment without a teleop device.The robot won't be at its rest position at the start of the next episode.
INFO 2026-05-11 15:08:20 t_record.py:383 No policy or teleoperator provided, skipping action generation.This is likely to happen when resetting the environment without a teleop device.The robot won't be at its rest position at the start of the next episode.
INFO 2026-05-11 15:08:20 t_record.py:383 No policy or teleoperator provided, skipping action generation.This is likely to happen when resetting the environment without a teleop device.The robot won't be at its rest position at the start of the next episode.
INFO 2026-05-11 15:08:20 t_record.py:383 No policy or teleoperator provided, skipping action generation.This is likely to happen when resetting the environment without a teleop device.The robot won't be at its rest position at the start of the next episode.
INFO 2026-05-11 15:08:20 t_record.py:383 No policy or teleoperator provided, skipping action generation.This is likely to happen when resetting the environment without a teleop device.The robot won't be at its rest position at the start of the next episode.
INFO 2026-05-11 15:08:20 t_record.py:383 No policy or teleoperator provided, skipping action generation.This is likely to happen when resetting the environment without a teleop device.The robot won't be at its rest position at the start of the next episode.
INFO 2026-05-11 15:08:20 t_record.py:383 No policy or teleoperator provided, skipping action generation.This is likely to happen when resetting the environment without a teleop device.The robot won't be at its rest position at the start of the next episode.
INFO 2026-05-11 15:08:20 t_record.py:383 No policy or teleoperator provided, skipping action generation.This is likely to happen when resetting the environment without a teleop device.The robot won't be at its rest position at the start of the next episode.
INFO 2026-05-11 15:08:20 t_record.py:383 No policy or teleoperator provided, skipping action generation.This is likely to happen when resetting the environment without a teleop device.The robot won't be at its rest position at the start of the next episode.
INFO 2026-05-11 15:08:20 t_record.py:383 No policy or teleoperator provided, skipping action generation.This is likely to happen when resetting the environment without a teleop device.The robot won't be at its rest position at the start of the next episode.
INFO 2026-05-11 15:08:20 t_record.py:383 No policy or teleoperator provided, skipping action generation.This is likely to happen when resetting the environment without a teleop device.The robot won't be at its rest position at the start of the next episode.
INFO 2026-05-11 15:08:20 t_record.py:383 No policy or teleoperator provided, skipping action generation.This is likely to happen when resetting the environment without a teleop device.The robot won't be at its rest position at the start of the next episode.
INFO 2026-05-11 15:08:20 t_record.py:383 No policy or teleoperator provided, skipping action generation.This is likely to happen when resetting the environment without a teleop device.The robot won't be at its rest position at the start of the next episode.
INFO 2026-05-11 15:08:20 t_record.py:383 No policy or teleoperator provided, skipping action generation.This is likely to happen when resetting the environment without a teleop device.The robot won't be at its rest position at the start of the next episode.
INFO 2026-05-11 15:08:20 t_record.py:383 No policy or teleoperator provided, skipping action generation.This is likely to happen when resetting the environment without a teleop device.The robot won't be at its rest position at the start of the next episode.
INFO 2026-05-11 15:08:20 t_record.py:383 No policy or teleoperator provided, skipping action generation.This is likely to happen when resetting the environment without a teleop device.The robot won't be at its rest position at the start of the next episode.
INFO 2026-05-11 15:08:20 t_record.py:383 No policy or teleoperator provided, skipping action generation.This is likely to happen when resetting the environment without a teleop device.The robot won't be at its rest position at the start of the next episode.
INFO 2026-05-11 15:08:20 t_record.py:383 No policy or teleoperator provided, skipping action generation.This is likely to happen when resetting the environment without a teleop device.The robot won't be at its rest position at the start of the next episode.
INFO 2026-05-11 15:08:20 t_record.py:383 No policy or teleoperator provided, skipping action generation.This is likely to happen when resetting the environment without a teleop device.The robot won't be at its rest position at the start of the next episode.
INFO 2026-05-11 15:08:20 t_record.py:383 No policy or teleoperator provided, skipping action generation.This is likely to happen when resetting the environment without a teleop device.The robot won't be at its rest position at the start of the next episode.
INFO 2026-05-11 15:08:20 t_record.py:383 No policy or teleoperator provided, skipping action generation.This is likely to happen when resetting the environment without a teleop device.The robot won't be at its rest position at the start of the next episode.
INFO 2026-05-11 15:08:20 t_record.py:383 No policy or teleoperator provided, skipping action generation.This is likely to happen when resetting the environment without a teleop device.The robot won't be at its rest position at the start of the next episode.
INFO 2026-05-11 15:08:20 t_record.py:383 No policy or teleoperator provided, skipping action generation.This is likely to happen when resetting the environment without a teleop device.The robot won't be at its rest position at the start of the next episode.
INFO 2026-05-11 15:08:20 t_record.py:383 No policy or teleoperator provided, skipping action generation.This is likely to happen when resetting the environment without a teleop device.The robot won't be at its rest position at the start of the next episode.
INFO 2026-05-11 15:08:20 t_record.py:383 No policy or teleoperator provided, skipping action generation.This is likely to happen when resetting the environment without a teleop device.The robot won't be at its rest position at the start of the next episode.
INFO 2026-05-11 15:08:20 t_record.py:383 No policy or teleoperator provided, skipping action generation.This is likely to happen when resetting the environment without a teleop device.The robot won't be at its rest position at the start of the next episode.
INFO 2026-05-11 15:08:20 t_record.py:383 No policy or teleoperator provided, skipping action generation.This is likely to happen when resetting the environment without a teleop device.The robot won't be at its rest position at the start of the next episode.
INFO 2026-05-11 15:08:20 t_record.py:383 No policy or teleoperator provided, skipping action generation.This is likely to happen when resetting the environment without a teleop device.The robot won't be at its rest position at the start of the next episode.
INFO 2026-05-11 15:08:20 t_record.py:383 No policy or teleoperator provided, skipping action generation.This is likely to happen when resetting the environment without a teleop device.The robot won't be at its rest position at the start of the next episode.
INFO 2026-05-11 15:08:20 t_record.py:383 No policy or teleoperator provided, skipping action generation.This is likely to happen when resetting the environment without a teleop device.The robot won't be at its rest position at the start of the next episode.
INFO 2026-05-11 15:08:20 t_record.py:383 No policy or teleoperator provided, skipping action generation.This is likely to happen when resetting the environment without a teleop device.The robot won't be at its rest position at the start of the next episode.
INFO 2026-05-11 15:08:20 t_record.py:383 No policy or teleoperator provided, skipping action generation.This is likely to happen when resetting the environment without a teleop device.The robot won't be at its rest position at the start of the next episode.
INFO 2026-05-11 15:08:20 t_record.py:383 No policy or teleoperator provided, skipping action generation.This is likely to happen when resetting the environment without a teleop device.The robot won't be at its rest position at the start of the next episode.
INFO 2026-05-11 15:08:20 t_record.py:383 No policy or teleoperator provided, skipping action generation.This is likely to happen when resetting the environment without a teleop device.The robot won't be at its rest position at the start of the next episode.
INFO 2026-05-11 15:08:20 t_record.py:383 No policy or teleoperator provided, skipping action generation.This is likely to happen when resetting the environment without a teleop device.The robot won't be at its rest position at the start of the next episode.
INFO 2026-05-11 15:08:20 t_record.py:383 No policy or teleoperator provided, skipping action generation.This is likely to happen when resetting the environment without a teleop device.The robot won't be at its rest position at the start of the next episode.
INFO 2026-05-11 15:08:20 t_record.py:383 No policy or teleoperator provided, skipping action generation.This is likely to happen when resetting the environment without a teleop device.The robot won't be at its rest position at the start of the next episode.
INFO 2026-05-11 15:08:20 t_record.py:383 No policy or teleoperator provided, skipping action generation.This is likely to happen when resetting the environment without a teleop device.The robot won't be at its rest position at the start of the next episode.
INFO 2026-05-11 15:08:20 t_record.py:383 No policy or teleoperator provided, skipping action generation.This is likely to happen when resetting the environment without a teleop device.The robot won't be at its rest position at the start of the next episode.
INFO 2026-05-11 15:08:20 t_record.py:383 No policy or teleoperator provided, skipping action generation.This is likely to happen when resetting the environment without a teleop device.The robot won't be at its rest position at the start of the next episode.
INFO 2026-05-11 15:08:20 t_record.py:383 No policy or teleoperator provided, skipping action generation.This is likely to happen when resetting the environment without a teleop device.The robot won't be at its rest position at the start of the next episode.
INFO 2026-05-11 15:08:20 t_record.py:383 No policy or teleoperator provided, skipping action generation.This is likely to happen when resetting the environment without a teleop device.The robot won't be at its rest position at the start of the next episode.
INFO 2026-05-11 15:08:20 t_record.py:383 No policy or teleoperator provided, skipping action generation.This is likely to happen when resetting the environment without a teleop device.The robot won't be at its rest position at the start of the next episode.
INFO 2026-05-11 15:08:20 t_record.py:383 No policy or teleoperator provided, skipping action generation.This is likely to happen when resetting the environment without a teleop device.The robot won't be at its rest position at the start of the next episode.
INFO 2026-05-11 15:08:20 t_record.py:383 No policy or teleoperator provided, skipping action generation.This is likely to happen when resetting the environment without a teleop device.The robot won't be at its rest position at the start of the next episode.
INFO 2026-05-11 15:08:20 t_record.py:383 No policy or teleoperator provided, skipping action generation.This is likely to happen when resetting the environment without a teleop device.The robot won't be at its rest position at the start of the next episode.
INFO 2026-05-11 15:08:20 t_record.py:383 No policy or teleoperator provided, skipping action generation.This is likely to happen when resetting the environment without a teleop device.The robot won't be at its rest position at the start of the next episode.
INFO 2026-05-11 15:08:20 t_record.py:383 No policy or teleoperator provided, skipping action generation.This is likely to happen when resetting the environment without a teleop device.The robot won't be at its rest position at the start of the next episode.
INFO 2026-05-11 15:08:20 t_record.py:383 No policy or teleoperator provided, skipping action generation.This is likely to happen when resetting the environment without a teleop device.The robot won't be at its rest position at the start of the next episode.
INFO 2026-05-11 15:08:20 t_record.py:383 No policy or teleoperator provided, skipping action generation.This is likely to happen when resetting the environment without a teleop device.The robot won't be at its rest position at the start of the next episode.
INFO 2026-05-11 15:08:20 t_record.py:383 No policy or teleoperator provided, skipping action generation.This is likely to happen when resetting the environment without a teleop device.The robot won't be at its rest position at the start of the next episode.
INFO 2026-05-11 15:08:20 t_record.py:383 No policy or teleoperator provided, skipping action generation.This is likely to happen when resetting the environment without a teleop device.The robot won't be at its rest position at the start of the next episode.
INFO 2026-05-11 15:08:20 t_record.py:383 No policy or teleoperator provided, skipping action generation.This is likely to happen when resetting the environment without a teleop device.The robot won't be at its rest position at the start of the next episode.
INFO 2026-05-11 15:08:20 t_record.py:383 No policy or teleoperator provided, skipping action generation.This is likely to happen when resetting the environment without a teleop device.The robot won't be at its rest position at the start of the next episode.
INFO 2026-05-11 15:08:20 t_record.py:383 No policy or teleoperator provided, skipping action generation.This is likely to happen when resetting the environment without a teleop device.The robot won't be at its rest position at the start of the next episode.
INFO 2026-05-11 15:08:20 t_record.py:383 No policy or teleoperator provided, skipping action generation.This is likely to happen when resetting the environment without a teleop device.The robot won't be at its rest position at the start of the next episode.
INFO 2026-05-11 15:08:20 t_record.py:383 No policy or teleoperator provided, skipping action generation.This is likely to happen when resetting the environment without a teleop device.The robot won't be at its rest position at the start of the next episode.
INFO 2026-05-11 15:08:20 t_record.py:383 No policy or teleoperator provided, skipping action generation.This is likely to happen when resetting the environment without a teleop device.The robot won't be at its rest position at the start of the next episode.
INFO 2026-05-11 15:08:20 t_record.py:383 No policy or teleoperator provided, skipping action generation.This is likely to happen when resetting the environment without a teleop device.The robot won't be at its rest position at the start of the next episode.
INFO 2026-05-11 15:08:20 t_record.py:383 No policy or teleoperator provided, skipping action generation.This is likely to happen when resetting the environment without a teleop device.The robot won't be at its rest position at the start of the next episode.
INFO 2026-05-11 15:08:20 t_record.py:383 No policy or teleoperator provided, skipping action generation.This is likely to happen when resetting the environment without a teleop device.The robot won't be at its rest position at the start of the next episode.
INFO 2026-05-11 15:08:20 t_record.py:383 No policy or teleoperator provided, skipping action generation.This is likely to happen when resetting the environment without a teleop device.The robot won't be at its rest position at the start of the next episode.
INFO 2026-05-11 15:08:20 t_record.py:383 No policy or teleoperator provided, skipping action generation.This is likely to happen when resetting the environment without a teleop device.The robot won't be at its rest position at the start of the next episode.
INFO 2026-05-11 15:08:20 t_record.py:383 No policy or teleoperator provided, skipping action generation.This is likely to happen when resetting the environment without a teleop device.The robot won't be at its rest position at the start of the next episode.
INFO 2026-05-11 15:08:20 t_record.py:383 No policy or teleoperator provided, skipping action generation.This is likely to happen when resetting the environment without a teleop device.The robot won't be at its rest position at the start of the next episode.
INFO 2026-05-11 15:08:20 t_record.py:383 No policy or teleoperator provided, skipping action generation.This is likely to happen when resetting the environment without a teleop device.The robot won't be at its rest position at the start of the next episode.
INFO 2026-05-11 15:08:20 t_record.py:383 No policy or teleoperator provided, skipping action generation.This is likely to happen when resetting the environment without a teleop device.The robot won't be at its rest position at the start of the next episode.
INFO 2026-05-11 15:08:20 t_record.py:383 No policy or teleoperator provided, skipping action generation.This is likely to happen when resetting the environment without a teleop device.The robot won't be at its rest position at the start of the next episode.
INFO 2026-05-11 15:08:20 t_record.py:383 No policy or teleoperator provided, skipping action generation.This is likely to happen when resetting the environment without a teleop device.The robot won't be at its rest position at the start of the next episode.
INFO 2026-05-11 15:08:20 t_record.py:383 No policy or teleoperator provided, skipping action generation.This is likely to happen when resetting the environment without a teleop device.The robot won't be at its rest position at the start of the next episode.
INFO 2026-05-11 15:08:20 t_record.py:383 No policy or teleoperator provided, skipping action generation.This is likely to happen when resetting the environment without a teleop device.The robot won't be at its rest position at the start of the next episode.
INFO 2026-05-11 15:08:20 t_record.py:383 No policy or teleoperator provided, skipping action generation.This is likely to happen when resetting the environment without a teleop device.The robot won't be at its rest position at the start of the next episode.
INFO 2026-05-11 15:08:20 t_record.py:383 No policy or teleoperator provided, skipping action generation.This is likely to happen when resetting the environment without a teleop device.The robot won't be at its rest position at the start of the next episode.
INFO 2026-05-11 15:08:20 t_record.py:383 No policy or teleoperator provided, skipping action generation.This is likely to happen when resetting the environment without a teleop device.The robot won't be at its rest position at the start of the next episode.
INFO 2026-05-11 15:08:20 t_record.py:383 No policy or teleoperator provided, skipping action generation.This is likely to happen when resetting the environment without a teleop device.The robot won't be at its rest position at the start of the next episode.
INFO 2026-05-11 15:08:20 t_record.py:383 No policy or teleoperator provided, skipping action generation.This is likely to happen when resetting the environment without a teleop device.The robot won't be at its rest position at the start of the next episode.
INFO 2026-05-11 15:08:20 t_record.py:383 No policy or teleoperator provided, skipping action generation.This is likely to happen when resetting the environment without a teleop device.The robot won't be at its rest position at the start of the next episode.
INFO 2026-05-11 15:08:20 t_record.py:383 No policy or teleoperator provided, skipping action generation.This is likely to happen when resetting the environment without a teleop device.The robot won't be at its rest position at the start of the next episode.
INFO 2026-05-11 15:08:20 t_record.py:383 No policy or teleoperator provided, skipping action generation.This is likely to happen when resetting the environment without a teleop device.The robot won't be at its rest position at the start of the next episode.
INFO 2026-05-11 15:08:20 t_record.py:383 No policy or teleoperator provided, skipping action generation.This is likely to happen when resetting the environment without a teleop device.The robot won't be at its rest position at the start of the next episode.
INFO 2026-05-11 15:08:20 t_record.py:383 No policy or teleoperator provided, skipping action generation.This is likely to happen when resetting the environment without a teleop device.The robot won't be at its rest position at the start of the next episode.
INFO 2026-05-11 15:08:20 t_record.py:383 No policy or teleoperator provided, skipping action generation.This is likely to happen when resetting the environment without a teleop device.The robot won't be at its rest position at the start of the next episode.
INFO 2026-05-11 15:08:20 t_record.py:383 No policy or teleoperator provided, skipping action generation.This is likely to happen when resetting the environment without a teleop device.The robot won't be at its rest position at the start of the next episode.
INFO 2026-05-11 15:08:20 t_record.py:383 No policy or teleoperator provided, skipping action generation.This is likely to happen when resetting the environment without a teleop device.The robot won't be at its rest position at the start of the next episode.
INFO 2026-05-11 15:08:20 t_record.py:383 No policy or teleoperator provided, skipping action generation.This is likely to happen when resetting the environment without a teleop device.The robot won't be at its rest position at the start of the next episode.
INFO 2026-05-11 15:08:20 t_record.py:383 No policy or teleoperator provided, skipping action generation.This is likely to happen when resetting the environment without a teleop device.The robot won't be at its rest position at the start of the next episode.
INFO 2026-05-11 15:08:20 t_record.py:383 No policy or teleoperator provided, skipping action generation.This is likely to happen when resetting the environment without a teleop device.The robot won't be at its rest position at the start of the next episode.
INFO 2026-05-11 15:08:20 t_record.py:383 No policy or teleoperator provided, skipping action generation.This is likely to happen when resetting the environment without a teleop device.The robot won't be at its rest position at the start of the next episode.
INFO 2026-05-11 15:08:20 t_record.py:383 No policy or teleoperator provided, skipping action generation.This is likely to happen when resetting the environment without a teleop device.The robot won't be at its rest position at the start of the next episode.
INFO 2026-05-11 15:08:20 t_record.py:383 No policy or teleoperator provided, skipping action generation.This is likely to happen when resetting the environment without a teleop device.The robot won't be at its rest position at the start of the next episode.
INFO 2026-05-11 15:08:20 t_record.py:383 No policy or teleoperator provided, skipping action generation.This is likely to happen when resetting the environment without a teleop device.The robot won't be at its rest position at the start of the next episode.
INFO 2026-05-11 15:08:20 t_record.py:383 No policy or teleoperator provided, skipping action generation.This is likely to happen when resetting the environment without a teleop device.The robot won't be at its rest position at the start of the next episode.
INFO 2026-05-11 15:08:20 t_record.py:383 No policy or teleoperator provided, skipping action generation.This is likely to happen when resetting the environment without a teleop device.The robot won't be at its rest position at the start of the next episode.
INFO 2026-05-11 15:08:20 t_record.py:383 No policy or teleoperator provided, skipping action generation.This is likely to happen when resetting the environment without a teleop device.The robot won't be at its rest position at the start of the next episode.
INFO 2026-05-11 15:08:20 t_record.py:383 No policy or teleoperator provided, skipping action generation.This is likely to happen when resetting the environment without a teleop device.The robot won't be at its rest position at the start of the next episode.
INFO 2026-05-11 15:08:20 t_record.py:383 No policy or teleoperator provided, skipping action generation.This is likely to happen when resetting the environment without a teleop device.The robot won't be at its rest position at the start of the next episode.
INFO 2026-05-11 15:08:20 t_record.py:383 No policy or teleoperator provided, skipping action generation.This is likely to happen when resetting the environment without a teleop device.The robot won't be at its rest position at the start of the next episode.
INFO 2026-05-11 15:08:20 t_record.py:383 No policy or teleoperator provided, skipping action generation.This is likely to happen when resetting the environment without a teleop device.The robot won't be at its rest position at the start of the next episode.
INFO 2026-05-11 15:08:20 t_record.py:383 No policy or teleoperator provided, skipping action generation.This is likely to happen when resetting the environment without a teleop device.The robot won't be at its rest position at the start of the next episode.
INFO 2026-05-11 15:08:20 t_record.py:383 No policy or teleoperator provided, skipping action generation.This is likely to happen when resetting the environment without a teleop device.The robot won't be at its rest position at the start of the next episode.
INFO 2026-05-11 15:08:20 t_record.py:383 No policy or teleoperator provided, skipping action generation.This is likely to happen when resetting the environment without a teleop device.The robot won't be at its rest position at the start of the next episode.
INFO 2026-05-11 15:08:20 t_record.py:383 No policy or teleoperator provided, skipping action generation.This is likely to happen when resetting the environment without a teleop device.The robot won't be at its rest position at the start of the next episode.
INFO 2026-05-11 15:08:20 t_record.py:383 No policy or teleoperator provided, skipping action generation.This is likely to happen when resetting the environment without a teleop device.The robot won't be at its rest position at the start of the next episode.
INFO 2026-05-11 15:08:20 t_record.py:383 No policy or teleoperator provided, skipping action generation.This is likely to happen when resetting the environment without a teleop device.The robot won't be at its rest position at the start of the next episode.
INFO 2026-05-11 15:08:20 t_record.py:383 No policy or teleoperator provided, skipping action generation.This is likely to happen when resetting the environment without a teleop device.The robot won't be at its rest position at the start of the next episode.
INFO 2026-05-11 15:08:20 t_record.py:383 No policy or teleoperator provided, skipping action generation.This is likely to happen when resetting the environment without a teleop device.The robot won't be at its rest position at the start of the next episode.
INFO 2026-05-11 15:08:20 t_record.py:383 No policy or teleoperator provided, skipping action generation.This is likely to happen when resetting the environment without a teleop device.The robot won't be at its rest position at the start of the next episode.
INFO 2026-05-11 15:08:20 t_record.py:383 No policy or teleoperator provided, skipping action generation.This is likely to happen when resetting the environment without a teleop device.The robot won't be at its rest position at the start of the next episode.
INFO 2026-05-11 15:08:20 t_record.py:383 No policy or teleoperator provided, skipping action generation.This is likely to happen when resetting the environment without a teleop device.The robot won't be at its rest position at the start of the next episode.
INFO 2026-05-11 15:08:20 t_record.py:383 No policy or teleoperator provided, skipping action generation.This is likely to happen when resetting the environment without a teleop device.The robot won't be at its rest position at the start of the next episode.
INFO 2026-05-11 15:08:20 t_record.py:383 No policy or teleoperator provided, skipping action generation.This is likely to happen when resetting the environment without a teleop device.The robot won't be at its rest position at the start of the next episode.
INFO 2026-05-11 15:08:20 t_record.py:383 No policy or teleoperator provided, skipping action generation.This is likely to happen when resetting the environment without a teleop device.The robot won't be at its rest position at the start of the next episode.
INFO 2026-05-11 15:08:20 t_record.py:383 No policy or teleoperator provided, skipping action generation.This is likely to happen when resetting the environment without a teleop device.The robot won't be at its rest position at the start of the next episode.
INFO 2026-05-11 15:08:20 t_record.py:383 No policy or teleoperator provided, skipping action generation.This is likely to happen when resetting the environment without a teleop device.The robot won't be at its rest position at the start of the next episode.
INFO 2026-05-11 15:08:20 t_record.py:383 No policy or teleoperator provided, skipping action generation.This is likely to happen when resetting the environment without a teleop device.The robot won't be at its rest position at the start of the next episode.
INFO 2026-05-11 15:08:20 t_record.py:383 No policy or teleoperator provided, skipping action generation.This is likely to happen when resetting the environment without a teleop device.The robot won't be at its rest position at the start of the next episode.
INFO 2026-05-11 15:08:20 t_record.py:383 No policy or teleoperator provided, skipping action generation.This is likely to happen when resetting the environment without a teleop device.The robot won't be at its rest position at the start of the next episode.
INFO 2026-05-11 15:08:20 t_record.py:383 No policy or teleoperator provided, skipping action generation.This is likely to happen when resetting the environment without a teleop device.The robot won't be at its rest position at the start of the next episode.
INFO 2026-05-11 15:08:20 t_record.py:383 No policy or teleoperator provided, skipping action generation.This is likely to happen when resetting the environment without a teleop device.The robot won't be at its rest position at the start of the next episode.
INFO 2026-05-11 15:08:20 t_record.py:383 No policy or teleoperator provided, skipping action generation.This is likely to happen when resetting the environment without a teleop device.The robot won't be at its rest position at the start of the next episode.
INFO 2026-05-11 15:08:20 t_record.py:383 No policy or teleoperator provided, skipping action generation.This is likely to happen when resetting the environment without a teleop device.The robot won't be at its rest position at the start of the next episode.
INFO 2026-05-11 15:08:20 t_record.py:383 No policy or teleoperator provided, skipping action generation.This is likely to happen when resetting the environment without a teleop device.The robot won't be at its rest position at the start of the next episode.
INFO 2026-05-11 15:08:20 t_record.py:383 No policy or teleoperator provided, skipping action generation.This is likely to happen when resetting the environment without a teleop device.The robot won't be at its rest position at the start of the next episode.
INFO 2026-05-11 15:08:20 t_record.py:383 No policy or teleoperator provided, skipping action generation.This is likely to happen when resetting the environment without a teleop device.The robot won't be at its rest position at the start of the next episode.
INFO 2026-05-11 15:08:20 t_record.py:383 No policy or teleoperator provided, skipping action generation.This is likely to happen when resetting the environment without a teleop device.The robot won't be at its rest position at the start of the next episode.
INFO 2026-05-11 15:08:20 t_record.py:383 No policy or teleoperator provided, skipping action generation.This is likely to happen when resetting the environment without a teleop device.The robot won't be at its rest position at the start of the next episode.
INFO 2026-05-11 15:08:20 t_record.py:383 No policy or teleoperator provided, skipping action generation.This is likely to happen when resetting the environment without a teleop device.The robot won't be at its rest position at the start of the next episode.
INFO 2026-05-11 15:08:20 t_record.py:383 No policy or teleoperator provided, skipping action generation.This is likely to happen when resetting the environment without a teleop device.The robot won't be at its rest position at the start of the next episode.
INFO 2026-05-11 15:08:20 t_record.py:383 No policy or teleoperator provided, skipping action generation.This is likely to happen when resetting the environment without a teleop device.The robot won't be at its rest position at the start of the next episode.
INFO 2026-05-11 15:08:20 t_record.py:383 No policy or teleoperator provided, skipping action generation.This is likely to happen when resetting the environment without a teleop device.The robot won't be at its rest position at the start of the next episode.
INFO 2026-05-11 15:08:20 t_record.py:383 No policy or teleoperator provided, skipping action generation.This is likely to happen when resetting the environment without a teleop device.The robot won't be at its rest position at the start of the next episode.
INFO 2026-05-11 15:08:20 t_record.py:383 No policy or teleoperator provided, skipping action generation.This is likely to happen when resetting the environment without a teleop device.The robot won't be at its rest position at the start of the next episode.
INFO 2026-05-11 15:08:20 t_record.py:383 No policy or teleoperator provided, skipping action generation.This is likely to happen when resetting the environment without a teleop device.The robot won't be at its rest position at the start of the next episode.
INFO 2026-05-11 15:08:20 t_record.py:383 No policy or teleoperator provided, skipping action generation.This is likely to happen when resetting the environment without a teleop device.The robot won't be at its rest position at the start of the next episode.
INFO 2026-05-11 15:08:20 t_record.py:383 No policy or teleoperator provided, skipping action generation.This is likely to happen when resetting the environment without a teleop device.The robot won't be at its rest position at the start of the next episode.
INFO 2026-05-11 15:08:20 t_record.py:383 No policy or teleoperator provided, skipping action generation.This is likely to happen when resetting the environment without a teleop device.The robot won't be at its rest position at the start of the next episode.
INFO 2026-05-11 15:08:20 t_record.py:383 No policy or teleoperator provided, skipping action generation.This is likely to happen when resetting the environment without a teleop device.The robot won't be at its rest position at the start of the next episode.
INFO 2026-05-11 15:08:20 t_record.py:383 No policy or teleoperator provided, skipping action generation.This is likely to happen when resetting the environment without a teleop device.The robot won't be at its rest position at the start of the next episode.
INFO 2026-05-11 15:08:20 t_record.py:383 No policy or teleoperator provided, skipping action generation.This is likely to happen when resetting the environment without a teleop device.The robot won't be at its rest position at the start of the next episode.
INFO 2026-05-11 15:08:20 t_record.py:383 No policy or teleoperator provided, skipping action generation.This is likely to happen when resetting the environment without a teleop device.The robot won't be at its rest position at the start of the next episode.
INFO 2026-05-11 15:08:20 t_record.py:383 No policy or teleoperator provided, skipping action generation.This is likely to happen when resetting the environment without a teleop device.The robot won't be at its rest position at the start of the next episode.
INFO 2026-05-11 15:08:20 t_record.py:383 No policy or teleoperator provided, skipping action generation.This is likely to happen when resetting the environment without a teleop device.The robot won't be at its rest position at the start of the next episode.
INFO 2026-05-11 15:08:20 t_record.py:383 No policy or teleoperator provided, skipping action generation.This is likely to happen when resetting the environment without a teleop device.The robot won't be at its rest position at the start of the next episode.
INFO 2026-05-11 15:08:20 t_record.py:383 No policy or teleoperator provided, skipping action generation.This is likely to happen when resetting the environment without a teleop device.The robot won't be at its rest position at the start of the next episode.
INFO 2026-05-11 15:08:20 t_record.py:383 No policy or teleoperator provided, skipping action generation.This is likely to happen when resetting the environment without a teleop device.The robot won't be at its rest position at the start of the next episode.
INFO 2026-05-11 15:08:20 t_record.py:383 No policy or teleoperator provided, skipping action generation.This is likely to happen when resetting the environment without a teleop device.The robot won't be at its rest position at the start of the next episode.
INFO 2026-05-11 15:08:20 t_record.py:383 No policy or teleoperator provided, skipping action generation.This is likely to happen when resetting the environment without a teleop device.The robot won't be at its rest position at the start of the next episode.
INFO 2026-05-11 15:08:20 t_record.py:383 No policy or teleoperator provided, skipping action generation.This is likely to happen when resetting the environment without a teleop device.The robot won't be at its rest position at the start of the next episode.
INFO 2026-05-11 15:08:20 t_record.py:383 No policy or teleoperator provided, skipping action generation.This is likely to happen when resetting the environment without a teleop device.The robot won't be at its rest position at the start of the next episode.
INFO 2026-05-11 15:08:20 t_record.py:383 No policy or teleoperator provided, skipping action generation.This is likely to happen when resetting the environment without a teleop device.The robot won't be at its rest position at the start of the next episode.
INFO 2026-05-11 15:08:20 t_record.py:383 No policy or teleoperator provided, skipping action generation.This is likely to happen when resetting the environment without a teleop device.The robot won't be at its rest position at the start of the next episode.
INFO 2026-05-11 15:08:20 t_record.py:383 No policy or teleoperator provided, skipping action generation.This is likely to happen when resetting the environment without a teleop device.The robot won't be at its rest position at the start of the next episode.
INFO 2026-05-11 15:08:20 t_record.py:383 No policy or teleoperator provided, skipping action generation.This is likely to happen when resetting the environment without a teleop device.The robot won't be at its rest position at the start of the next episode.
INFO 2026-05-11 15:08:20 t_record.py:383 No policy or teleoperator provided, skipping action generation.This is likely to happen when resetting the environment without a teleop device.The robot won't be at its rest position at the start of the next episode.
INFO 2026-05-11 15:08:20 t_record.py:383 No policy or teleoperator provided, skipping action generation.This is likely to happen when resetting the environment without a teleop device.The robot won't be at its rest position at the start of the next episode.
INFO 2026-05-11 15:08:20 t_record.py:383 No policy or teleoperator provided, skipping action generation.This is likely to happen when resetting the environment without a teleop device.The robot won't be at its rest position at the start of the next episode.
INFO 2026-05-11 15:08:20 t_record.py:383 No policy or teleoperator provided, skipping action generation.This is likely to happen when resetting the environment without a teleop device.The robot won't be at its rest position at the start of the next episode.
INFO 2026-05-11 15:08:20 t_record.py:383 No policy or teleoperator provided, skipping action generation.This is likely to happen when resetting the environment without a teleop device.The robot won't be at its rest position at the start of the next episode.
INFO 2026-05-11 15:08:20 t_record.py:383 No policy or teleoperator provided, skipping action generation.This is likely to happen when resetting the environment without a teleop device.The robot won't be at its rest position at the start of the next episode.
INFO 2026-05-11 15:08:20 t_record.py:383 No policy or teleoperator provided, skipping action generation.This is likely to happen when resetting the environment without a teleop device.The robot won't be at its rest position at the start of the next episode.
INFO 2026-05-11 15:08:20 t_record.py:383 No policy or teleoperator provided, skipping action generation.This is likely to happen when resetting the environment without a teleop device.The robot won't be at its rest position at the start of the next episode.
INFO 2026-05-11 15:08:20 t_record.py:383 No policy or teleoperator provided, skipping action generation.This is likely to happen when resetting the environment without a teleop device.The robot won't be at its rest position at the start of the next episode.
INFO 2026-05-11 15:08:20 t_record.py:383 No policy or teleoperator provided, skipping action generation.This is likely to happen when resetting the environment without a teleop device.The robot won't be at its rest position at the start of the next episode.
INFO 2026-05-11 15:08:20 t_record.py:383 No policy or teleoperator provided, skipping action generation.This is likely to happen when resetting the environment without a teleop device.The robot won't be at its rest position at the start of the next episode.
INFO 2026-05-11 15:08:20 t_record.py:383 No policy or teleoperator provided, skipping action generation.This is likely to happen when resetting the environment without a teleop device.The robot won't be at its rest position at the start of the next episode.
INFO 2026-05-11 15:08:20 t_record.py:383 No policy or teleoperator provided, skipping action generation.This is likely to happen when resetting the environment without a teleop device.The robot won't be at its rest position at the start of the next episode.
INFO 2026-05-11 15:08:20 t_record.py:383 No policy or teleoperator provided, skipping action generation.This is likely to happen when resetting the environment without a teleop device.The robot won't be at its rest position at the start of the next episode.
INFO 2026-05-11 15:08:20 t_record.py:383 No policy or teleoperator provided, skipping action generation.This is likely to happen when resetting the environment without a teleop device.The robot won't be at its rest position at the start of the next episode.
INFO 2026-05-11 15:08:20 t_record.py:383 No policy or teleoperator provided, skipping action generation.This is likely to happen when resetting the environment without a teleop device.The robot won't be at its rest position at the start of the next episode.
INFO 2026-05-11 15:08:20 t_record.py:383 No policy or teleoperator provided, skipping action generation.This is likely to happen when resetting the environment without a teleop device.The robot won't be at its rest position at the start of the next episode.
INFO 2026-05-11 15:08:20 t_record.py:383 No policy or teleoperator provided, skipping action generation.This is likely to happen when resetting the environment without a teleop device.The robot won't be at its rest position at the start of the next episode.
INFO 2026-05-11 15:08:20 t_record.py:383 No policy or teleoperator provided, skipping action generation.This is likely to happen when resetting the environment without a teleop device.The robot won't be at its rest position at the start of the next episode.
INFO 2026-05-11 15:08:20 t_record.py:383 No policy or teleoperator provided, skipping action generation.This is likely to happen when resetting the environment without a teleop device.The robot won't be at its rest position at the start of the next episode.
INFO 2026-05-11 15:08:20 t_record.py:383 No policy or teleoperator provided, skipping action generation.This is likely to happen when resetting the environment without a teleop device.The robot won't be at its rest position at the start of the next episode.
INFO 2026-05-11 15:08:20 t_record.py:383 No policy or teleoperator provided, skipping action generation.This is likely to happen when resetting the environment without a teleop device.The robot won't be at its rest position at the start of the next episode.
INFO 2026-05-11 15:08:20 t_record.py:383 No policy or teleoperator provided, skipping action generation.This is likely to happen when resetting the environment without a teleop device.The robot won't be at its rest position at the start of the next episode.
INFO 2026-05-11 15:08:20 t_record.py:383 No policy or teleoperator provided, skipping action generation.This is likely to happen when resetting the environment without a teleop device.The robot won't be at its rest position at the start of the next episode.
INFO 2026-05-11 15:08:20 t_record.py:383 No policy or teleoperator provided, skipping action generation.This is likely to happen when resetting the environment without a teleop device.The robot won't be at its rest position at the start of the next episode.
INFO 2026-05-11 15:08:20 t_record.py:383 No policy or teleoperator provided, skipping action generation.This is likely to happen when resetting the environment without a teleop device.The robot won't be at its rest position at the start of the next episode.
INFO 2026-05-11 15:08:20 t_record.py:383 No policy or teleoperator provided, skipping action generation.This is likely to happen when resetting the environment without a teleop device.The robot won't be at its rest position at the start of the next episode.
INFO 2026-05-11 15:08:20 t_record.py:383 No policy or teleoperator provided, skipping action generation.This is likely to happen when resetting the environment without a teleop device.The robot won't be at its rest position at the start of the next episode.
INFO 2026-05-11 15:08:20 t_record.py:383 No policy or teleoperator provided, skipping action generation.This is likely to happen when resetting the environment without a teleop device.The robot won't be at its rest position at the start of the next episode.
INFO 2026-05-11 15:08:20 t_record.py:383 No policy or teleoperator provided, skipping action generation.This is likely to happen when resetting the environment without a teleop device.The robot won't be at its rest position at the start of the next episode.
INFO 2026-05-11 15:08:20 t_record.py:383 No policy or teleoperator provided, skipping action generation.This is likely to happen when resetting the environment without a teleop device.The robot won't be at its rest position at the start of the next episode.
INFO 2026-05-11 15:08:20 t_record.py:383 No policy or teleoperator provided, skipping action generation.This is likely to happen when resetting the environment without a teleop device.The robot won't be at its rest position at the start of the next episode.
INFO 2026-05-11 15:08:20 t_record.py:383 No policy or teleoperator provided, skipping action generation.This is likely to happen when resetting the environment without a teleop device.The robot won't be at its rest position at the start of the next episode.
INFO 2026-05-11 15:08:20 t_record.py:383 No policy or teleoperator provided, skipping action generation.This is likely to happen when resetting the environment without a teleop device.The robot won't be at its rest position at the start of the next episode.
INFO 2026-05-11 15:08:20 t_record.py:383 No policy or teleoperator provided, skipping action generation.This is likely to happen when resetting the environment without a teleop device.The robot won't be at its rest position at the start of the next episode.
INFO 2026-05-11 15:08:20 t_record.py:383 No policy or teleoperator provided, skipping action generation.This is likely to happen when resetting the environment without a teleop device.The robot won't be at its rest position at the start of the next episode.
INFO 2026-05-11 15:08:20 t_record.py:383 No policy or teleoperator provided, skipping action generation.This is likely to happen when resetting the environment without a teleop device.The robot won't be at its rest position at the start of the next episode.
INFO 2026-05-11 15:08:20 t_record.py:383 No policy or teleoperator provided, skipping action generation.This is likely to happen when resetting the environment without a teleop device.The robot won't be at its rest position at the start of the next episode.
INFO 2026-05-11 15:08:20 t_record.py:383 No policy or teleoperator provided, skipping action generation.This is likely to happen when resetting the environment without a teleop device.The robot won't be at its rest position at the start of the next episode.
INFO 2026-05-11 15:08:20 t_record.py:383 No policy or teleoperator provided, skipping action generation.This is likely to happen when resetting the environment without a teleop device.The robot won't be at its rest position at the start of the next episode.
INFO 2026-05-11 15:08:20 t_record.py:383 No policy or teleoperator provided, skipping action generation.This is likely to happen when resetting the environment without a teleop device.The robot won't be at its rest position at the start of the next episode.
INFO 2026-05-11 15:08:20 t_record.py:383 No policy or teleoperator provided, skipping action generation.This is likely to happen when resetting the environment without a teleop device.The robot won't be at its rest position at the start of the next episode.
INFO 2026-05-11 15:08:20 t_record.py:383 No policy or teleoperator provided, skipping action generation.This is likely to happen when resetting the environment without a teleop device.The robot won't be at its rest position at the start of the next episode.
INFO 2026-05-11 15:08:20 t_record.py:383 No policy or teleoperator provided, skipping action generation.This is likely to happen when resetting the environment without a teleop device.The robot won't be at its rest position at the start of the next episode.
INFO 2026-05-11 15:08:20 t_record.py:383 No policy or teleoperator provided, skipping action generation.This is likely to happen when resetting the environment without a teleop device.The robot won't be at its rest position at the start of the next episode.
INFO 2026-05-11 15:08:20 t_record.py:383 No policy or teleoperator provided, skipping action generation.This is likely to happen when resetting the environment without a teleop device.The robot won't be at its rest position at the start of the next episode.
INFO 2026-05-11 15:08:20 t_record.py:383 No policy or teleoperator provided, skipping action generation.This is likely to happen when resetting the environment without a teleop device.The robot won't be at its rest position at the start of the next episode.
INFO 2026-05-11 15:08:20 t_record.py:383 No policy or teleoperator provided, skipping action generation.This is likely to happen when resetting the environment without a teleop device.The robot won't be at its rest position at the start of the next episode.
INFO 2026-05-11 15:08:20 t_record.py:383 No policy or teleoperator provided, skipping action generation.This is likely to happen when resetting the environment without a teleop device.The robot won't be at its rest position at the start of the next episode.
INFO 2026-05-11 15:08:20 t_record.py:383 No policy or teleoperator provided, skipping action generation.This is likely to happen when resetting the environment without a teleop device.The robot won't be at its rest position at the start of the next episode.
INFO 2026-05-11 15:08:20 t_record.py:383 No policy or teleoperator provided, skipping action generation.This is likely to happen when resetting the environment without a teleop device.The robot won't be at its rest position at the start of the next episode.
INFO 2026-05-11 15:08:20 t_record.py:383 No policy or teleoperator provided, skipping action generation.This is likely to happen when resetting the environment without a teleop device.The robot won't be at its rest position at the start of the next episode.
INFO 2026-05-11 15:08:20 t_record.py:383 No policy or teleoperator provided, skipping action generation.This is likely to happen when resetting the environment without a teleop device.The robot won't be at its rest position at the start of the next episode.
INFO 2026-05-11 15:08:20 t_record.py:383 No policy or teleoperator provided, skipping action generation.This is likely to happen when resetting the environment without a teleop device.The robot won't be at its rest position at the start of the next episode.
INFO 2026-05-11 15:08:20 t_record.py:383 No policy or teleoperator provided, skipping action generation.This is likely to happen when resetting the environment without a teleop device.The robot won't be at its rest position at the start of the next episode.
INFO 2026-05-11 15:08:20 t_record.py:383 No policy or teleoperator provided, skipping action generation.This is likely to happen when resetting the environment without a teleop device.The robot won't be at its rest position at the start of the next episode.
INFO 2026-05-11 15:08:20 t_record.py:383 No policy or teleoperator provided, skipping action generation.This is likely to happen when resetting the environment without a teleop device.The robot won't be at its rest position at the start of the next episode.
INFO 2026-05-11 15:08:20 t_record.py:383 No policy or teleoperator provided, skipping action generation.This is likely to happen when resetting the environment without a teleop device.The robot won't be at its rest position at the start of the next episode.
INFO 2026-05-11 15:08:20 t_record.py:383 No policy or teleoperator provided, skipping action generation.This is likely to happen when resetting the environment without a teleop device.The robot won't be at its rest position at the start of the next episode.
INFO 2026-05-11 15:08:20 t_record.py:383 No policy or teleoperator provided, skipping action generation.This is likely to happen when resetting the environment without a teleop device.The robot won't be at its rest position at the start of the next episode.
INFO 2026-05-11 15:08:20 t_record.py:383 No policy or teleoperator provided, skipping action generation.This is likely to happen when resetting the environment without a teleop device.The robot won't be at its rest position at the start of the next episode.
INFO 2026-05-11 15:08:20 t_record.py:383 No policy or teleoperator provided, skipping action generation.This is likely to happen when resetting the environment without a teleop device.The robot won't be at its rest position at the start of the next episode.
INFO 2026-05-11 15:08:20 t_record.py:383 No policy or teleoperator provided, skipping action generation.This is likely to happen when resetting the environment without a teleop device.The robot won't be at its rest position at the start of the next episode.
INFO 2026-05-11 15:08:20 t_record.py:383 No policy or teleoperator provided, skipping action generation.This is likely to happen when resetting the environment without a teleop device.The robot won't be at its rest position at the start of the next episode.
INFO 2026-05-11 15:08:20 t_record.py:383 No policy or teleoperator provided, skipping action generation.This is likely to happen when resetting the environment without a teleop device.The robot won't be at its rest position at the start of the next episode.
INFO 2026-05-11 15:08:20 t_record.py:383 No policy or teleoperator provided, skipping action generation.This is likely to happen when resetting the environment without a teleop device.The robot won't be at its rest position at the start of the next episode.
INFO 2026-05-11 15:08:20 t_record.py:383 No policy or teleoperator provided, skipping action generation.This is likely to happen when resetting the environment without a teleop device.The robot won't be at its rest position at the start of the next episode.
INFO 2026-05-11 15:08:20 t_record.py:383 No policy or teleoperator provided, skipping action generation.This is likely to happen when resetting the environment without a teleop device.The robot won't be at its rest position at the start of the next episode.
INFO 2026-05-11 15:08:20 t_record.py:383 No policy or teleoperator provided, skipping action generation.This is likely to happen when resetting the environment without a teleop device.The robot won't be at its rest position at the start of the next episode.
INFO 2026-05-11 15:08:20 t_record.py:383 No policy or teleoperator provided, skipping action generation.This is likely to happen when resetting the environment without a teleop device.The robot won't be at its rest position at the start of the next episode.
INFO 2026-05-11 15:08:20 t_record.py:383 No policy or teleoperator provided, skipping action generation.This is likely to happen when resetting the environment without a teleop device.The robot won't be at its rest position at the start of the next episode.
INFO 2026-05-11 15:08:20 t_record.py:383 No policy or teleoperator provided, skipping action generation.This is likely to happen when resetting the environment without a teleop device.The robot won't be at its rest position at the start of the next episode.
INFO 2026-05-11 15:08:20 t_record.py:383 No policy or teleoperator provided, skipping action generation.This is likely to happen when resetting the environment without a teleop device.The robot won't be at its rest position at the start of the next episode.
INFO 2026-05-11 15:08:20 t_record.py:383 No policy or teleoperator provided, skipping action generation.This is likely to happen when resetting the environment without a teleop device.The robot won't be at its rest position at the start of the next episode.
INFO 2026-05-11 15:08:20 t_record.py:383 No policy or teleoperator provided, skipping action generation.This is likely to happen when resetting the environment without a teleop device.The robot won't be at its rest position at the start of the next episode.
INFO 2026-05-11 15:08:20 t_record.py:383 No policy or teleoperator provided, skipping action generation.This is likely to happen when resetting the environment without a teleop device.The robot won't be at its rest position at the start of the next episode.
INFO 2026-05-11 15:08:20 t_record.py:383 No policy or teleoperator provided, skipping action generation.This is likely to happen when resetting the environment without a teleop device.The robot won't be at its rest position at the start of the next episode.
INFO 2026-05-11 15:08:20 t_record.py:383 No policy or teleoperator provided, skipping action generation.This is likely to happen when resetting the environment without a teleop device.The robot won't be at its rest position at the start of the next episode.
INFO 2026-05-11 15:08:20 t_record.py:383 No policy or teleoperator provided, skipping action generation.This is likely to happen when resetting the environment without a teleop device.The robot won't be at its rest position at the start of the next episode.
INFO 2026-05-11 15:08:20 t_record.py:383 No policy or teleoperator provided, skipping action generation.This is likely to happen when resetting the environment without a teleop device.The robot won't be at its rest position at the start of the next episode.
INFO 2026-05-11 15:08:20 t_record.py:383 No policy or teleoperator provided, skipping action generation.This is likely to happen when resetting the environment without a teleop device.The robot won't be at its rest position at the start of the next episode.
INFO 2026-05-11 15:08:20 t_record.py:383 No policy or teleoperator provided, skipping action generation.This is likely to happen when resetting the environment without a teleop device.The robot won't be at its rest position at the start of the next episode.
INFO 2026-05-11 15:08:20 t_record.py:383 No policy or teleoperator provided, skipping action generation.This is likely to happen when resetting the environment without a teleop device.The robot won't be at its rest position at the start of the next episode.
INFO 2026-05-11 15:08:20 t_record.py:383 No policy or teleoperator provided, skipping action generation.This is likely to happen when resetting the environment without a teleop device.The robot won't be at its rest position at the start of the next episode.
INFO 2026-05-11 15:08:20 t_record.py:383 No policy or teleoperator provided, skipping action generation.This is likely to happen when resetting the environment without a teleop device.The robot won't be at its rest position at the start of the next episode.
INFO 2026-05-11 15:08:20 t_record.py:383 No policy or teleoperator provided, skipping action generation.This is likely to happen when resetting the environment without a teleop device.The robot won't be at its rest position at the start of the next episode.
INFO 2026-05-11 15:08:20 t_record.py:383 No policy or teleoperator provided, skipping action generation.This is likely to happen when resetting the environment without a teleop device.The robot won't be at its rest position at the start of the next episode.
INFO 2026-05-11 15:08:20 t_record.py:383 No policy or teleoperator provided, skipping action generation.This is likely to happen when resetting the environment without a teleop device.The robot won't be at its rest position at the start of the next episode.
INFO 2026-05-11 15:08:20 t_record.py:383 No policy or teleoperator provided, skipping action generation.This is likely to happen when resetting the environment without a teleop device.The robot won't be at its rest position at the start of the next episode.
INFO 2026-05-11 15:08:20 t_record.py:383 No policy or teleoperator provided, skipping action generation.This is likely to happen when resetting the environment without a teleop device.The robot won't be at its rest position at the start of the next episode.
INFO 2026-05-11 15:08:20 t_record.py:383 No policy or teleoperator provided, skipping action generation.This is likely to happen when resetting the environment without a teleop device.The robot won't be at its rest position at the start of the next episode.
INFO 2026-05-11 15:08:20 t_record.py:383 No policy or teleoperator provided, skipping action generation.This is likely to happen when resetting the environment without a teleop device.The robot won't be at its rest position at the start of the next episode.
INFO 2026-05-11 15:08:20 t_record.py:383 No policy or teleoperator provided, skipping action generation.This is likely to happen when resetting the environment without a teleop device.The robot won't be at its rest position at the start of the next episode.
INFO 2026-05-11 15:08:20 t_record.py:383 No policy or teleoperator provided, skipping action generation.This is likely to happen when resetting the environment without a teleop device.The robot won't be at its rest position at the start of the next episode.
INFO 2026-05-11 15:08:20 t_record.py:383 No policy or teleoperator provided, skipping action generation.This is likely to happen when resetting the environment without a teleop device.The robot won't be at its rest position at the start of the next episode.
INFO 2026-05-11 15:08:20 t_record.py:383 No policy or teleoperator provided, skipping action generation.This is likely to happen when resetting the environment without a teleop device.The robot won't be at its rest position at the start of the next episode.
INFO 2026-05-11 15:08:20 t_record.py:383 No policy or teleoperator provided, skipping action generation.This is likely to happen when resetting the environment without a teleop device.The robot won't be at its rest position at the start of the next episode.
INFO 2026-05-11 15:08:20 t_record.py:383 No policy or teleoperator provided, skipping action generation.This is likely to happen when resetting the environment without a teleop device.The robot won't be at its rest position at the start of the next episode.
INFO 2026-05-11 15:08:20 t_record.py:383 No policy or teleoperator provided, skipping action generation.This is likely to happen when resetting the environment without a teleop device.The robot won't be at its rest position at the start of the next episode.
INFO 2026-05-11 15:08:20 t_record.py:383 No policy or teleoperator provided, skipping action generation.This is likely to happen when resetting the environment without a teleop device.The robot won't be at its rest position at the start of the next episode.
INFO 2026-05-11 15:08:20 t_record.py:383 No policy or teleoperator provided, skipping action generation.This is likely to happen when resetting the environment without a teleop device.The robot won't be at its rest position at the start of the next episode.
INFO 2026-05-11 15:08:20 t_record.py:383 No policy or teleoperator provided, skipping action generation.This is likely to happen when resetting the environment without a teleop device.The robot won't be at its rest position at the start of the next episode.
INFO 2026-05-11 15:08:20 t_record.py:383 No policy or teleoperator provided, skipping action generation.This is likely to happen when resetting the environment without a teleop device.The robot won't be at its rest position at the start of the next episode.
INFO 2026-05-11 15:08:20 t_record.py:383 No policy or teleoperator provided, skipping action generation.This is likely to happen when resetting the environment without a teleop device.The robot won't be at its rest position at the start of the next episode.
INFO 2026-05-11 15:08:20 t_record.py:383 No policy or teleoperator provided, skipping action generation.This is likely to happen when resetting the environment without a teleop device.The robot won't be at its rest position at the start of the next episode.
INFO 2026-05-11 15:08:20 t_record.py:383 No policy or teleoperator provided, skipping action generation.This is likely to happen when resetting the environment without a teleop device.The robot won't be at its rest position at the start of the next episode.
INFO 2026-05-11 15:08:20 t_record.py:383 No policy or teleoperator provided, skipping action generation.This is likely to happen when resetting the environment without a teleop device.The robot won't be at its rest position at the start of the next episode.
INFO 2026-05-11 15:08:20 t_record.py:383 No policy or teleoperator provided, skipping action generation.This is likely to happen when resetting the environment without a teleop device.The robot won't be at its rest position at the start of the next episode.
INFO 2026-05-11 15:08:20 t_record.py:383 No policy or teleoperator provided, skipping action generation.This is likely to happen when resetting the environment without a teleop device.The robot won't be at its rest position at the start of the next episode.
INFO 2026-05-11 15:08:20 t_record.py:383 No policy or teleoperator provided, skipping action generation.This is likely to happen when resetting the environment without a teleop device.The robot won't be at its rest position at the start of the next episode.
INFO 2026-05-11 15:08:20 t_record.py:383 No policy or teleoperator provided, skipping action generation.This is likely to happen when resetting the environment without a teleop device.The robot won't be at its rest position at the start of the next episode.
INFO 2026-05-11 15:08:20 t_record.py:383 No policy or teleoperator provided, skipping action generation.This is likely to happen when resetting the environment without a teleop device.The robot won't be at its rest position at the start of the next episode.
INFO 2026-05-11 15:08:20 t_record.py:383 No policy or teleoperator provided, skipping action generation.This is likely to happen when resetting the environment without a teleop device.The robot won't be at its rest position at the start of the next episode.
INFO 2026-05-11 15:08:20 t_record.py:383 No policy or teleoperator provided, skipping action generation.This is likely to happen when resetting the environment without a teleop device.The robot won't be at its rest position at the start of the next episode.
INFO 2026-05-11 15:08:20 t_record.py:383 No policy or teleoperator provided, skipping action generation.This is likely to happen when resetting the environment without a teleop device.The robot won't be at its rest position at the start of the next episode.
INFO 2026-05-11 15:08:20 t_record.py:383 No policy or teleoperator provided, skipping action generation.This is likely to happen when resetting the environment without a teleop device.The robot won't be at its rest position at the start of the next episode.
INFO 2026-05-11 15:08:20 t_record.py:383 No policy or teleoperator provided, skipping action generation.This is likely to happen when resetting the environment without a teleop device.The robot won't be at its rest position at the start of the next episode.
INFO 2026-05-11 15:08:20 t_record.py:383 No policy or teleoperator provided, skipping action generation.This is likely to happen when resetting the environment without a teleop device.The robot won't be at its rest position at the start of the next episode.
INFO 2026-05-11 15:08:20 t_record.py:383 No policy or teleoperator provided, skipping action generation.This is likely to happen when resetting the environment without a teleop device.The robot won't be at its rest position at the start of the next episode.
INFO 2026-05-11 15:08:20 t_record.py:383 No policy or teleoperator provided, skipping action generation.This is likely to happen when resetting the environment without a teleop device.The robot won't be at its rest position at the start of the next episode.
INFO 2026-05-11 15:08:20 t_record.py:383 No policy or teleoperator provided, skipping action generation.This is likely to happen when resetting the environment without a teleop device.The robot won't be at its rest position at the start of the next episode.
INFO 2026-05-11 15:08:20 t_record.py:383 No policy or teleoperator provided, skipping action generation.This is likely to happen when resetting the environment without a teleop device.The robot won't be at its rest position at the start of the next episode.
INFO 2026-05-11 15:08:20 t_record.py:383 No policy or teleoperator provided, skipping action generation.This is likely to happen when resetting the environment without a teleop device.The robot won't be at its rest position at the start of the next episode.
INFO 2026-05-11 15:08:20 t_record.py:383 No policy or teleoperator provided, skipping action generation.This is likely to happen when resetting the environment without a teleop device.The robot won't be at its rest position at the start of the next episode.
INFO 2026-05-11 15:08:20 t_record.py:383 No policy or teleoperator provided, skipping action generation.This is likely to happen when resetting the environment without a teleop device.The robot won't be at its rest position at the start of the next episode.
INFO 2026-05-11 15:08:20 t_record.py:383 No policy or teleoperator provided, skipping action generation.This is likely to happen when resetting the environment without a teleop device.The robot won't be at its rest position at the start of the next episode.
INFO 2026-05-11 15:08:20 t_record.py:383 No policy or teleoperator provided, skipping action generation.This is likely to happen when resetting the environment without a teleop device.The robot won't be at its rest position at the start of the next episode.
INFO 2026-05-11 15:08:20 t_record.py:383 No policy or teleoperator provided, skipping action generation.This is likely to happen when resetting the environment without a teleop device.The robot won't be at its rest position at the start of the next episode.
INFO 2026-05-11 15:08:20 t_record.py:383 No policy or teleoperator provided, skipping action generation.This is likely to happen when resetting the environment without a teleop device.The robot won't be at its rest position at the start of the next episode.
INFO 2026-05-11 15:08:20 t_record.py:383 No policy or teleoperator provided, skipping action generation.This is likely to happen when resetting the environment without a teleop device.The robot won't be at its rest position at the start of the next episode.
INFO 2026-05-11 15:08:20 t_record.py:383 No policy or teleoperator provided, skipping action generation.This is likely to happen when resetting the environment without a teleop device.The robot won't be at its rest position at the start of the next episode.
INFO 2026-05-11 15:08:20 t_record.py:383 No policy or teleoperator provided, skipping action generation.This is likely to happen when resetting the environment without a teleop device.The robot won't be at its rest position at the start of the next episode.
INFO 2026-05-11 15:08:20 t_record.py:383 No policy or teleoperator provided, skipping action generation.This is likely to happen when resetting the environment without a teleop device.The robot won't be at its rest position at the start of the next episode.
INFO 2026-05-11 15:08:20 t_record.py:383 No policy or teleoperator provided, skipping action generation.This is likely to happen when resetting the environment without a teleop device.The robot won't be at its rest position at the start of the next episode.
INFO 2026-05-11 15:08:20 t_record.py:383 No policy or teleoperator provided, skipping action generation.This is likely to happen when resetting the environment without a teleop device.The robot won't be at its rest position at the start of the next episode.
INFO 2026-05-11 15:08:20 t_record.py:383 No policy or teleoperator provided, skipping action generation.This is likely to happen when resetting the environment without a teleop device.The robot won't be at its rest position at the start of the next episode.
INFO 2026-05-11 15:08:20 t_record.py:383 No policy or teleoperator provided, skipping action generation.This is likely to happen when resetting the environment without a teleop device.The robot won't be at its rest position at the start of the next episode.
INFO 2026-05-11 15:08:20 t_record.py:383 No policy or teleoperator provided, skipping action generation.This is likely to happen when resetting the environment without a teleop device.The robot won't be at its rest position at the start of the next episode.
INFO 2026-05-11 15:08:20 t_record.py:383 No policy or teleoperator provided, skipping action generation.This is likely to happen when resetting the environment without a teleop device.The robot won't be at its rest position at the start of the next episode.
INFO 2026-05-11 15:08:20 t_record.py:383 No policy or teleoperator provided, skipping action generation.This is likely to happen when resetting the environment without a teleop device.The robot won't be at its rest position at the start of the next episode.
INFO 2026-05-11 15:08:20 t_record.py:383 No policy or teleoperator provided, skipping action generation.This is likely to happen when resetting the environment without a teleop device.The robot won't be at its rest position at the start of the next episode.
INFO 2026-05-11 15:08:20 t_record.py:383 No policy or teleoperator provided, skipping action generation.This is likely to happen when resetting the environment without a teleop device.The robot won't be at its rest position at the start of the next episode.
INFO 2026-05-11 15:08:20 t_record.py:383 No policy or teleoperator provided, skipping action generation.This is likely to happen when resetting the environment without a teleop device.The robot won't be at its rest position at the start of the next episode.
INFO 2026-05-11 15:08:20 t_record.py:383 No policy or teleoperator provided, skipping action generation.This is likely to happen when resetting the environment without a teleop device.The robot won't be at its rest position at the start of the next episode.
INFO 2026-05-11 15:08:20 t_record.py:383 No policy or teleoperator provided, skipping action generation.This is likely to happen when resetting the environment without a teleop device.The robot won't be at its rest position at the start of the next episode.
INFO 2026-05-11 15:08:20 t_record.py:383 No policy or teleoperator provided, skipping action generation.This is likely to happen when resetting the environment without a teleop device.The robot won't be at its rest position at the start of the next episode.
INFO 2026-05-11 15:08:20 t_record.py:383 No policy or teleoperator provided, skipping action generation.This is likely to happen when resetting the environment without a teleop device.The robot won't be at its rest position at the start of the next episode.
INFO 2026-05-11 15:08:20 t_record.py:383 No policy or teleoperator provided, skipping action generation.This is likely to happen when resetting the environment without a teleop device.The robot won't be at its rest position at the start of the next episode.
INFO 2026-05-11 15:08:20 t_record.py:383 No policy or teleoperator provided, skipping action generation.This is likely to happen when resetting the environment without a teleop device.The robot won't be at its rest position at the start of the next episode.
INFO 2026-05-11 15:08:20 t_record.py:383 No policy or teleoperator provided, skipping action generation.This is likely to happen when resetting the environment without a teleop device.The robot won't be at its rest position at the start of the next episode.
INFO 2026-05-11 15:08:20 t_record.py:383 No policy or teleoperator provided, skipping action generation.This is likely to happen when resetting the environment without a teleop device.The robot won't be at its rest position at the start of the next episode.
INFO 2026-05-11 15:08:20 t_record.py:383 No policy or teleoperator provided, skipping action generation.This is likely to happen when resetting the environment without a teleop device.The robot won't be at its rest position at the start of the next episode.
INFO 2026-05-11 15:08:20 t_record.py:383 No policy or teleoperator provided, skipping action generation.This is likely to happen when resetting the environment without a teleop device.The robot won't be at its rest position at the start of the next episode.
INFO 2026-05-11 15:08:20 t_record.py:383 No policy or teleoperator provided, skipping action generation.This is likely to happen when resetting the environment without a teleop device.The robot won't be at its rest position at the start of the next episode.
INFO 2026-05-11 15:08:20 t_record.py:383 No policy or teleoperator provided, skipping action generation.This is likely to happen when resetting the environment without a teleop device.The robot won't be at its rest position at the start of the next episode.
INFO 2026-05-11 15:08:20 t_record.py:383 No policy or teleoperator provided, skipping action generation.This is likely to happen when resetting the environment without a teleop device.The robot won't be at its rest position at the start of the next episode.
INFO 2026-05-11 15:08:20 t_record.py:383 No policy or teleoperator provided, skipping action generation.This is likely to happen when resetting the environment without a teleop device.The robot won't be at its rest position at the start of the next episode.
INFO 2026-05-11 15:08:20 t_record.py:383 No policy or teleoperator provided, skipping action generation.This is likely to happen when resetting the environment without a teleop device.The robot won't be at its rest position at the start of the next episode.
INFO 2026-05-11 15:08:20 t_record.py:383 No policy or teleoperator provided, skipping action generation.This is likely to happen when resetting the environment without a teleop device.The robot won't be at its rest position at the start of the next episode.
INFO 2026-05-11 15:08:20 t_record.py:383 No policy or teleoperator provided, skipping action generation.This is likely to happen when resetting the environment without a teleop device.The robot won't be at its rest position at the start of the next episode.
INFO 2026-05-11 15:08:20 t_record.py:383 No policy or teleoperator provided, skipping action generation.This is likely to happen when resetting the environment without a teleop device.The robot won't be at its rest position at the start of the next episode.
INFO 2026-05-11 15:08:20 t_record.py:383 No policy or teleoperator provided, skipping action generation.This is likely to happen when resetting the environment without a teleop device.The robot won't be at its rest position at the start of the next episode.
INFO 2026-05-11 15:08:20 t_record.py:383 No policy or teleoperator provided, skipping action generation.This is likely to happen when resetting the environment without a teleop device.The robot won't be at its rest position at the start of the next episode.
INFO 2026-05-11 15:08:20 t_record.py:383 No policy or teleoperator provided, skipping action generation.This is likely to happen when resetting the environment without a teleop device.The robot won't be at its rest position at the start of the next episode.
INFO 2026-05-11 15:08:20 t_record.py:383 No policy or teleoperator provided, skipping action generation.This is likely to happen when resetting the environment without a teleop device.The robot won't be at its rest position at the start of the next episode.
INFO 2026-05-11 15:08:20 t_record.py:383 No policy or teleoperator provided, skipping action generation.This is likely to happen when resetting the environment without a teleop device.The robot won't be at its rest position at the start of the next episode.
INFO 2026-05-11 15:08:20 t_record.py:383 No policy or teleoperator provided, skipping action generation.This is likely to happen when resetting the environment without a teleop device.The robot won't be at its rest position at the start of the next episode.
INFO 2026-05-11 15:08:20 t_record.py:383 No policy or teleoperator provided, skipping action generation.This is likely to happen when resetting the environment without a teleop device.The robot won't be at its rest position at the start of the next episode.
INFO 2026-05-11 15:08:20 t_record.py:383 No policy or teleoperator provided, skipping action generation.This is likely to happen when resetting the environment without a teleop device.The robot won't be at its rest position at the start of the next episode.
INFO 2026-05-11 15:08:20 t_record.py:383 No policy or teleoperator provided, skipping action generation.This is likely to happen when resetting the environment without a teleop device.The robot won't be at its rest position at the start of the next episode.
INFO 2026-05-11 15:08:20 t_record.py:383 No policy or teleoperator provided, skipping action generation.This is likely to happen when resetting the environment without a teleop device.The robot won't be at its rest position at the start of the next episode.
INFO 2026-05-11 15:08:20 t_record.py:383 No policy or teleoperator provided, skipping action generation.This is likely to happen when resetting the environment without a teleop device.The robot won't be at its rest position at the start of the next episode.
INFO 2026-05-11 15:08:20 t_record.py:383 No policy or teleoperator provided, skipping action generation.This is likely to happen when resetting the environment without a teleop device.The robot won't be at its rest position at the start of the next episode.
INFO 2026-05-11 15:08:20 t_record.py:383 No policy or teleoperator provided, skipping action generation.This is likely to happen when resetting the environment without a teleop device.The robot won't be at its rest position at the start of the next episode.
INFO 2026-05-11 15:08:20 t_record.py:383 No policy or teleoperator provided, skipping action generation.This is likely to happen when resetting the environment without a teleop device.The robot won't be at its rest position at the start of the next episode.
INFO 2026-05-11 15:08:20 t_record.py:383 No policy or teleoperator provided, skipping action generation.This is likely to happen when resetting the environment without a teleop device.The robot won't be at its rest position at the start of the next episode.
INFO 2026-05-11 15:08:20 t_record.py:383 No policy or teleoperator provided, skipping action generation.This is likely to happen when resetting the environment without a teleop device.The robot won't be at its rest position at the start of the next episode.
INFO 2026-05-11 15:08:20 t_record.py:383 No policy or teleoperator provided, skipping action generation.This is likely to happen when resetting the environment without a teleop device.The robot won't be at its rest position at the start of the next episode.
INFO 2026-05-11 15:08:20 t_record.py:383 No policy or teleoperator provided, skipping action generation.This is likely to happen when resetting the environment without a teleop device.The robot won't be at its rest position at the start of the next episode.
INFO 2026-05-11 15:08:20 t_record.py:383 No policy or teleoperator provided, skipping action generation.This is likely to happen when resetting the environment without a teleop device.The robot won't be at its rest position at the start of the next episode.
INFO 2026-05-11 15:08:20 t_record.py:383 No policy or teleoperator provided, skipping action generation.This is likely to happen when resetting the environment without a teleop device.The robot won't be at its rest position at the start of the next episode.
INFO 2026-05-11 15:08:20 t_record.py:383 No policy or teleoperator provided, skipping action generation.This is likely to happen when resetting the environment without a teleop device.The robot won't be at its rest position at the start of the next episode.
INFO 2026-05-11 15:08:20 t_record.py:383 No policy or teleoperator provided, skipping action generation.This is likely to happen when resetting the environment without a teleop device.The robot won't be at its rest position at the start of the next episode.
INFO 2026-05-11 15:08:20 t_record.py:383 No policy or teleoperator provided, skipping action generation.This is likely to happen when resetting the environment without a teleop device.The robot won't be at its rest position at the start of the next episode.
INFO 2026-05-11 15:08:20 t_record.py:383 No policy or teleoperator provided, skipping action generation.This is likely to happen when resetting the environment without a teleop device.The robot won't be at its rest position at the start of the next episode.
INFO 2026-05-11 15:08:20 t_record.py:383 No policy or teleoperator provided, skipping action generation.This is likely to happen when resetting the environment without a teleop device.The robot won't be at its rest position at the start of the next episode.
INFO 2026-05-11 15:08:20 t_record.py:383 No policy or teleoperator provided, skipping action generation.This is likely to happen when resetting the environment without a teleop device.The robot won't be at its rest position at the start of the next episode.
INFO 2026-05-11 15:08:20 t_record.py:383 No policy or teleoperator provided, skipping action generation.This is likely to happen when resetting the environment without a teleop device.The robot won't be at its rest position at the start of the next episode.
INFO 2026-05-11 15:08:20 t_record.py:383 No policy or teleoperator provided, skipping action generation.This is likely to happen when resetting the environment without a teleop device.The robot won't be at its rest position at the start of the next episode.
INFO 2026-05-11 15:08:20 t_record.py:383 No policy or teleoperator provided, skipping action generation.This is likely to happen when resetting the environment without a teleop device.The robot won't be at its rest position at the start of the next episode.
INFO 2026-05-11 15:08:20 t_record.py:383 No policy or teleoperator provided, skipping action generation.This is likely to happen when resetting the environment without a teleop device.The robot won't be at its rest position at the start of the next episode.
INFO 2026-05-11 15:08:20 t_record.py:383 No policy or teleoperator provided, skipping action generation.This is likely to happen when resetting the environment without a teleop device.The robot won't be at its rest position at the start of the next episode.
INFO 2026-05-11 15:08:20 t_record.py:383 No policy or teleoperator provided, skipping action generation.This is likely to happen when resetting the environment without a teleop device.The robot won't be at its rest position at the start of the next episode.
INFO 2026-05-11 15:08:20 t_record.py:383 No policy or teleoperator provided, skipping action generation.This is likely to happen when resetting the environment without a teleop device.The robot won't be at its rest position at the start of the next episode.
INFO 2026-05-11 15:08:20 t_record.py:383 No policy or teleoperator provided, skipping action generation.This is likely to happen when resetting the environment without a teleop device.The robot won't be at its rest position at the start of the next episode.
INFO 2026-05-11 15:08:20 t_record.py:383 No policy or teleoperator provided, skipping action generation.This is likely to happen when resetting the environment without a teleop device.The robot won't be at its rest position at the start of the next episode.
INFO 2026-05-11 15:08:20 t_record.py:383 No policy or teleoperator provided, skipping action generation.This is likely to happen when resetting the environment without a teleop device.The robot won't be at its rest position at the start of the next episode.
INFO 2026-05-11 15:08:20 t_record.py:383 No policy or teleoperator provided, skipping action generation.This is likely to happen when resetting the environment without a teleop device.The robot won't be at its rest position at the start of the next episode.
INFO 2026-05-11 15:08:20 t_record.py:383 No policy or teleoperator provided, skipping action generation.This is likely to happen when resetting the environment without a teleop device.The robot won't be at its rest position at the start of the next episode.
INFO 2026-05-11 15:08:20 t_record.py:383 No policy or teleoperator provided, skipping action generation.This is likely to happen when resetting the environment without a teleop device.The robot won't be at its rest position at the start of the next episode.
INFO 2026-05-11 15:08:20 t_record.py:383 No policy or teleoperator provided, skipping action generation.This is likely to happen when resetting the environment without a teleop device.The robot won't be at its rest position at the start of the next episode.
INFO 2026-05-11 15:08:20 t_record.py:383 No policy or teleoperator provided, skipping action generation.This is likely to happen when resetting the environment without a teleop device.The robot won't be at its rest position at the start of the next episode.
INFO 2026-05-11 15:08:20 t_record.py:383 No policy or teleoperator provided, skipping action generation.This is likely to happen when resetting the environment without a teleop device.The robot won't be at its rest position at the start of the next episode.
INFO 2026-05-11 15:08:20 t_record.py:383 No policy or teleoperator provided, skipping action generation.This is likely to happen when resetting the environment without a teleop device.The robot won't be at its rest position at the start of the next episode.
INFO 2026-05-11 15:08:20 t_record.py:383 No policy or teleoperator provided, skipping action generation.This is likely to happen when resetting the environment without a teleop device.The robot won't be at its rest position at the start of the next episode.
INFO 2026-05-11 15:08:20 t_record.py:383 No policy or teleoperator provided, skipping action generation.This is likely to happen when resetting the environment without a teleop device.The robot won't be at its rest position at the start of the next episode.
INFO 2026-05-11 15:08:21 t_record.py:383 No policy or teleoperator provided, skipping action generation.This is likely to happen when resetting the environment without a teleop device.The robot won't be at its rest position at the start of the next episode.
INFO 2026-05-11 15:08:21 t_record.py:383 No policy or teleoperator provided, skipping action generation.This is likely to happen when resetting the environment without a teleop device.The robot won't be at its rest position at the start of the next episode.
INFO 2026-05-11 15:08:21 t_record.py:383 No policy or teleoperator provided, skipping action generation.This is likely to happen when resetting the environment without a teleop device.The robot won't be at its rest position at the start of the next episode.
INFO 2026-05-11 15:08:21 t_record.py:383 No policy or teleoperator provided, skipping action generation.This is likely to happen when resetting the environment without a teleop device.The robot won't be at its rest position at the start of the next episode.
INFO 2026-05-11 15:08:21 t_record.py:383 No policy or teleoperator provided, skipping action generation.This is likely to happen when resetting the environment without a teleop device.The robot won't be at its rest position at the start of the next episode.
INFO 2026-05-11 15:08:21 t_record.py:383 No policy or teleoperator provided, skipping action generation.This is likely to happen when resetting the environment without a teleop device.The robot won't be at its rest position at the start of the next episode.
INFO 2026-05-11 15:08:21 t_record.py:383 No policy or teleoperator provided, skipping action generation.This is likely to happen when resetting the environment without a teleop device.The robot won't be at its rest position at the start of the next episode.
INFO 2026-05-11 15:08:21 t_record.py:383 No policy or teleoperator provided, skipping action generation.This is likely to happen when resetting the environment without a teleop device.The robot won't be at its rest position at the start of the next episode.
INFO 2026-05-11 15:08:21 t_record.py:383 No policy or teleoperator provided, skipping action generation.This is likely to happen when resetting the environment without a teleop device.The robot won't be at its rest position at the start of the next episode.
INFO 2026-05-11 15:08:21 t_record.py:383 No policy or teleoperator provided, skipping action generation.This is likely to happen when resetting the environment without a teleop device.The robot won't be at its rest position at the start of the next episode.
INFO 2026-05-11 15:08:21 t_record.py:383 No policy or teleoperator provided, skipping action generation.This is likely to happen when resetting the environment without a teleop device.The robot won't be at its rest position at the start of the next episode.
INFO 2026-05-11 15:08:21 t_record.py:383 No policy or teleoperator provided, skipping action generation.This is likely to happen when resetting the environment without a teleop device.The robot won't be at its rest position at the start of the next episode.
INFO 2026-05-11 15:08:21 t_record.py:383 No policy or teleoperator provided, skipping action generation.This is likely to happen when resetting the environment without a teleop device.The robot won't be at its rest position at the start of the next episode.
INFO 2026-05-11 15:08:21 t_record.py:383 No policy or teleoperator provided, skipping action generation.This is likely to happen when resetting the environment without a teleop device.The robot won't be at its rest position at the start of the next episode.
INFO 2026-05-11 15:08:21 t_record.py:383 No policy or teleoperator provided, skipping action generation.This is likely to happen when resetting the environment without a teleop device.The robot won't be at its rest position at the start of the next episode.
INFO 2026-05-11 15:08:21 t_record.py:383 No policy or teleoperator provided, skipping action generation.This is likely to happen when resetting the environment without a teleop device.The robot won't be at its rest position at the start of the next episode.
INFO 2026-05-11 15:08:21 t_record.py:383 No policy or teleoperator provided, skipping action generation.This is likely to happen when resetting the environment without a teleop device.The robot won't be at its rest position at the start of the next episode.
INFO 2026-05-11 15:08:21 t_record.py:383 No policy or teleoperator provided, skipping action generation.This is likely to happen when resetting the environment without a teleop device.The robot won't be at its rest position at the start of the next episode.
INFO 2026-05-11 15:08:21 t_record.py:383 No policy or teleoperator provided, skipping action generation.This is likely to happen when resetting the environment without a teleop device.The robot won't be at its rest position at the start of the next episode.
INFO 2026-05-11 15:08:21 t_record.py:383 No policy or teleoperator provided, skipping action generation.This is likely to happen when resetting the environment without a teleop device.The robot won't be at its rest position at the start of the next episode.
INFO 2026-05-11 15:08:21 t_record.py:383 No policy or teleoperator provided, skipping action generation.This is likely to happen when resetting the environment without a teleop device.The robot won't be at its rest position at the start of the next episode.
INFO 2026-05-11 15:08:21 t_record.py:383 No policy or teleoperator provided, skipping action generation.This is likely to happen when resetting the environment without a teleop device.The robot won't be at its rest position at the start of the next episode.
INFO 2026-05-11 15:08:21 t_record.py:383 No policy or teleoperator provided, skipping action generation.This is likely to happen when resetting the environment without a teleop device.The robot won't be at its rest position at the start of the next episode.
INFO 2026-05-11 15:08:21 t_record.py:383 No policy or teleoperator provided, skipping action generation.This is likely to happen when resetting the environment without a teleop device.The robot won't be at its rest position at the start of the next episode.
INFO 2026-05-11 15:08:21 t_record.py:383 No policy or teleoperator provided, skipping action generation.This is likely to happen when resetting the environment without a teleop device.The robot won't be at its rest position at the start of the next episode.
INFO 2026-05-11 15:08:21 t_record.py:383 No policy or teleoperator provided, skipping action generation.This is likely to happen when resetting the environment without a teleop device.The robot won't be at its rest position at the start of the next episode.
INFO 2026-05-11 15:08:21 t_record.py:383 No policy or teleoperator provided, skipping action generation.This is likely to happen when resetting the environment without a teleop device.The robot won't be at its rest position at the start of the next episode.
INFO 2026-05-11 15:08:21 t_record.py:383 No policy or teleoperator provided, skipping action generation.This is likely to happen when resetting the environment without a teleop device.The robot won't be at its rest position at the start of the next episode.
INFO 2026-05-11 15:08:21 t_record.py:383 No policy or teleoperator provided, skipping action generation.This is likely to happen when resetting the environment without a teleop device.The robot won't be at its rest position at the start of the next episode.
INFO 2026-05-11 15:08:21 t_record.py:383 No policy or teleoperator provided, skipping action generation.This is likely to happen when resetting the environment without a teleop device.The robot won't be at its rest position at the start of the next episode.
INFO 2026-05-11 15:08:21 t_record.py:383 No policy or teleoperator provided, skipping action generation.This is likely to happen when resetting the environment without a teleop device.The robot won't be at its rest position at the start of the next episode.
INFO 2026-05-11 15:08:21 t_record.py:383 No policy or teleoperator provided, skipping action generation.This is likely to happen when resetting the environment without a teleop device.The robot won't be at its rest position at the start of the next episode.
INFO 2026-05-11 15:08:21 t_record.py:383 No policy or teleoperator provided, skipping action generation.This is likely to happen when resetting the environment without a teleop device.The robot won't be at its rest position at the start of the next episode.
INFO 2026-05-11 15:08:21 t_record.py:383 No policy or teleoperator provided, skipping action generation.This is likely to happen when resetting the environment without a teleop device.The robot won't be at its rest position at the start of the next episode.
INFO 2026-05-11 15:08:21 t_record.py:383 No policy or teleoperator provided, skipping action generation.This is likely to happen when resetting the environment without a teleop device.The robot won't be at its rest position at the start of the next episode.
INFO 2026-05-11 15:08:21 t_record.py:383 No policy or teleoperator provided, skipping action generation.This is likely to happen when resetting the environment without a teleop device.The robot won't be at its rest position at the start of the next episode.
INFO 2026-05-11 15:08:21 t_record.py:383 No policy or teleoperator provided, skipping action generation.This is likely to happen when resetting the environment without a teleop device.The robot won't be at its rest position at the start of the next episode.
INFO 2026-05-11 15:08:21 t_record.py:383 No policy or teleoperator provided, skipping action generation.This is likely to happen when resetting the environment without a teleop device.The robot won't be at its rest position at the start of the next episode.
INFO 2026-05-11 15:08:21 t_record.py:383 No policy or teleoperator provided, skipping action generation.This is likely to happen when resetting the environment without a teleop device.The robot won't be at its rest position at the start of the next episode.
INFO 2026-05-11 15:08:21 t_record.py:383 No policy or teleoperator provided, skipping action generation.This is likely to happen when resetting the environment without a teleop device.The robot won't be at its rest position at the start of the next episode.
INFO 2026-05-11 15:08:21 t_record.py:383 No policy or teleoperator provided, skipping action generation.This is likely to happen when resetting the environment without a teleop device.The robot won't be at its rest position at the start of the next episode.
INFO 2026-05-11 15:08:21 t_record.py:383 No policy or teleoperator provided, skipping action generation.This is likely to happen when resetting the environment without a teleop device.The robot won't be at its rest position at the start of the next episode.
INFO 2026-05-11 15:08:21 t_record.py:383 No policy or teleoperator provided, skipping action generation.This is likely to happen when resetting the environment without a teleop device.The robot won't be at its rest position at the start of the next episode.
INFO 2026-05-11 15:08:21 t_record.py:383 No policy or teleoperator provided, skipping action generation.This is likely to happen when resetting the environment without a teleop device.The robot won't be at its rest position at the start of the next episode.
INFO 2026-05-11 15:08:21 t_record.py:383 No policy or teleoperator provided, skipping action generation.This is likely to happen when resetting the environment without a teleop device.The robot won't be at its rest position at the start of the next episode.
INFO 2026-05-11 15:08:21 t_record.py:383 No policy or teleoperator provided, skipping action generation.This is likely to happen when resetting the environment without a teleop device.The robot won't be at its rest position at the start of the next episode.
INFO 2026-05-11 15:08:21 t_record.py:383 No policy or teleoperator provided, skipping action generation.This is likely to happen when resetting the environment without a teleop device.The robot won't be at its rest position at the start of the next episode.
INFO 2026-05-11 15:08:21 t_record.py:383 No policy or teleoperator provided, skipping action generation.This is likely to happen when resetting the environment without a teleop device.The robot won't be at its rest position at the start of the next episode.
INFO 2026-05-11 15:08:21 t_record.py:383 No policy or teleoperator provided, skipping action generation.This is likely to happen when resetting the environment without a teleop device.The robot won't be at its rest position at the start of the next episode.
INFO 2026-05-11 15:08:21 t_record.py:383 No policy or teleoperator provided, skipping action generation.This is likely to happen when resetting the environment without a teleop device.The robot won't be at its rest position at the start of the next episode.
INFO 2026-05-11 15:08:21 t_record.py:383 No policy or teleoperator provided, skipping action generation.This is likely to happen when resetting the environment without a teleop device.The robot won't be at its rest position at the start of the next episode.
INFO 2026-05-11 15:08:21 t_record.py:383 No policy or teleoperator provided, skipping action generation.This is likely to happen when resetting the environment without a teleop device.The robot won't be at its rest position at the start of the next episode.
INFO 2026-05-11 15:08:21 t_record.py:383 No policy or teleoperator provided, skipping action generation.This is likely to happen when resetting the environment without a teleop device.The robot won't be at its rest position at the start of the next episode.
INFO 2026-05-11 15:08:21 t_record.py:383 No policy or teleoperator provided, skipping action generation.This is likely to happen when resetting the environment without a teleop device.The robot won't be at its rest position at the start of the next episode.
INFO 2026-05-11 15:08:21 t_record.py:383 No policy or teleoperator provided, skipping action generation.This is likely to happen when resetting the environment without a teleop device.The robot won't be at its rest position at the start of the next episode.
INFO 2026-05-11 15:08:21 t_record.py:383 No policy or teleoperator provided, skipping action generation.This is likely to happen when resetting the environment without a teleop device.The robot won't be at its rest position at the start of the next episode.
INFO 2026-05-11 15:08:21 t_record.py:383 No policy or teleoperator provided, skipping action generation.This is likely to happen when resetting the environment without a teleop device.The robot won't be at its rest position at the start of the next episode.
INFO 2026-05-11 15:08:21 t_record.py:383 No policy or teleoperator provided, skipping action generation.This is likely to happen when resetting the environment without a teleop device.The robot won't be at its rest position at the start of the next episode.
INFO 2026-05-11 15:08:21 t_record.py:383 No policy or teleoperator provided, skipping action generation.This is likely to happen when resetting the environment without a teleop device.The robot won't be at its rest position at the start of the next episode.
INFO 2026-05-11 15:08:21 t_record.py:383 No policy or teleoperator provided, skipping action generation.This is likely to happen when resetting the environment without a teleop device.The robot won't be at its rest position at the start of the next episode.
INFO 2026-05-11 15:08:21 t_record.py:383 No policy or teleoperator provided, skipping action generation.This is likely to happen when resetting the environment without a teleop device.The robot won't be at its rest position at the start of the next episode.
INFO 2026-05-11 15:08:21 t_record.py:383 No policy or teleoperator provided, skipping action generation.This is likely to happen when resetting the environment without a teleop device.The robot won't be at its rest position at the start of the next episode.
INFO 2026-05-11 15:08:21 t_record.py:383 No policy or teleoperator provided, skipping action generation.This is likely to happen when resetting the environment without a teleop device.The robot won't be at its rest position at the start of the next episode.
INFO 2026-05-11 15:08:21 t_record.py:383 No policy or teleoperator provided, skipping action generation.This is likely to happen when resetting the environment without a teleop device.The robot won't be at its rest position at the start of the next episode.
INFO 2026-05-11 15:08:21 t_record.py:383 No policy or teleoperator provided, skipping action generation.This is likely to happen when resetting the environment without a teleop device.The robot won't be at its rest position at the start of the next episode.
INFO 2026-05-11 15:08:21 t_record.py:383 No policy or teleoperator provided, skipping action generation.This is likely to happen when resetting the environment without a teleop device.The robot won't be at its rest position at the start of the next episode.
INFO 2026-05-11 15:08:21 t_record.py:383 No policy or teleoperator provided, skipping action generation.This is likely to happen when resetting the environment without a teleop device.The robot won't be at its rest position at the start of the next episode.
INFO 2026-05-11 15:08:21 t_record.py:383 No policy or teleoperator provided, skipping action generation.This is likely to happen when resetting the environment without a teleop device.The robot won't be at its rest position at the start of the next episode.
INFO 2026-05-11 15:08:21 t_record.py:383 No policy or teleoperator provided, skipping action generation.This is likely to happen when resetting the environment without a teleop device.The robot won't be at its rest position at the start of the next episode.
INFO 2026-05-11 15:08:21 t_record.py:383 No policy or teleoperator provided, skipping action generation.This is likely to happen when resetting the environment without a teleop device.The robot won't be at its rest position at the start of the next episode.
INFO 2026-05-11 15:08:21 t_record.py:383 No policy or teleoperator provided, skipping action generation.This is likely to happen when resetting the environment without a teleop device.The robot won't be at its rest position at the start of the next episode.
INFO 2026-05-11 15:08:21 t_record.py:383 No policy or teleoperator provided, skipping action generation.This is likely to happen when resetting the environment without a teleop device.The robot won't be at its rest position at the start of the next episode.
INFO 2026-05-11 15:08:21 t_record.py:383 No policy or teleoperator provided, skipping action generation.This is likely to happen when resetting the environment without a teleop device.The robot won't be at its rest position at the start of the next episode.
INFO 2026-05-11 15:08:21 t_record.py:383 No policy or teleoperator provided, skipping action generation.This is likely to happen when resetting the environment without a teleop device.The robot won't be at its rest position at the start of the next episode.
INFO 2026-05-11 15:08:21 t_record.py:383 No policy or teleoperator provided, skipping action generation.This is likely to happen when resetting the environment without a teleop device.The robot won't be at its rest position at the start of the next episode.
INFO 2026-05-11 15:08:21 t_record.py:383 No policy or teleoperator provided, skipping action generation.This is likely to happen when resetting the environment without a teleop device.The robot won't be at its rest position at the start of the next episode.
INFO 2026-05-11 15:08:21 t_record.py:383 No policy or teleoperator provided, skipping action generation.This is likely to happen when resetting the environment without a teleop device.The robot won't be at its rest position at the start of the next episode.
INFO 2026-05-11 15:08:21 t_record.py:383 No policy or teleoperator provided, skipping action generation.This is likely to happen when resetting the environment without a teleop device.The robot won't be at its rest position at the start of the next episode.
INFO 2026-05-11 15:08:21 t_record.py:383 No policy or teleoperator provided, skipping action generation.This is likely to happen when resetting the environment without a teleop device.The robot won't be at its rest position at the start of the next episode.
INFO 2026-05-11 15:08:21 t_record.py:383 No policy or teleoperator provided, skipping action generation.This is likely to happen when resetting the environment without a teleop device.The robot won't be at its rest position at the start of the next episode.
INFO 2026-05-11 15:08:21 t_record.py:383 No policy or teleoperator provided, skipping action generation.This is likely to happen when resetting the environment without a teleop device.The robot won't be at its rest position at the start of the next episode.
INFO 2026-05-11 15:08:21 t_record.py:383 No policy or teleoperator provided, skipping action generation.This is likely to happen when resetting the environment without a teleop device.The robot won't be at its rest position at the start of the next episode.
INFO 2026-05-11 15:08:21 t_record.py:383 No policy or teleoperator provided, skipping action generation.This is likely to happen when resetting the environment without a teleop device.The robot won't be at its rest position at the start of the next episode.
INFO 2026-05-11 15:08:21 t_record.py:383 No policy or teleoperator provided, skipping action generation.This is likely to happen when resetting the environment without a teleop device.The robot won't be at its rest position at the start of the next episode.
INFO 2026-05-11 15:08:21 t_record.py:383 No policy or teleoperator provided, skipping action generation.This is likely to happen when resetting the environment without a teleop device.The robot won't be at its rest position at the start of the next episode.
INFO 2026-05-11 15:08:21 t_record.py:383 No policy or teleoperator provided, skipping action generation.This is likely to happen when resetting the environment without a teleop device.The robot won't be at its rest position at the start of the next episode.
INFO 2026-05-11 15:08:21 t_record.py:383 No policy or teleoperator provided, skipping action generation.This is likely to happen when resetting the environment without a teleop device.The robot won't be at its rest position at the start of the next episode.
INFO 2026-05-11 15:08:21 t_record.py:383 No policy or teleoperator provided, skipping action generation.This is likely to happen when resetting the environment without a teleop device.The robot won't be at its rest position at the start of the next episode.
INFO 2026-05-11 15:08:21 t_record.py:383 No policy or teleoperator provided, skipping action generation.This is likely to happen when resetting the environment without a teleop device.The robot won't be at its rest position at the start of the next episode.
INFO 2026-05-11 15:08:21 t_record.py:383 No policy or teleoperator provided, skipping action generation.This is likely to happen when resetting the environment without a teleop device.The robot won't be at its rest position at the start of the next episode.
INFO 2026-05-11 15:08:21 t_record.py:383 No policy or teleoperator provided, skipping action generation.This is likely to happen when resetting the environment without a teleop device.The robot won't be at its rest position at the start of the next episode.
INFO 2026-05-11 15:08:21 t_record.py:383 No policy or teleoperator provided, skipping action generation.This is likely to happen when resetting the environment without a teleop device.The robot won't be at its rest position at the start of the next episode.
INFO 2026-05-11 15:08:21 t_record.py:383 No policy or teleoperator provided, skipping action generation.This is likely to happen when resetting the environment without a teleop device.The robot won't be at its rest position at the start of the next episode.
INFO 2026-05-11 15:08:21 t_record.py:383 No policy or teleoperator provided, skipping action generation.This is likely to happen when resetting the environment without a teleop device.The robot won't be at its rest position at the start of the next episode.
INFO 2026-05-11 15:08:21 t_record.py:383 No policy or teleoperator provided, skipping action generation.This is likely to happen when resetting the environment without a teleop device.The robot won't be at its rest position at the start of the next episode.
INFO 2026-05-11 15:08:21 t_record.py:383 No policy or teleoperator provided, skipping action generation.This is likely to happen when resetting the environment without a teleop device.The robot won't be at its rest position at the start of the next episode.
INFO 2026-05-11 15:08:21 t_record.py:383 No policy or teleoperator provided, skipping action generation.This is likely to happen when resetting the environment without a teleop device.The robot won't be at its rest position at the start of the next episode.
INFO 2026-05-11 15:08:21 t_record.py:383 No policy or teleoperator provided, skipping action generation.This is likely to happen when resetting the environment without a teleop device.The robot won't be at its rest position at the start of the next episode.
INFO 2026-05-11 15:08:21 t_record.py:383 No policy or teleoperator provided, skipping action generation.This is likely to happen when resetting the environment without a teleop device.The robot won't be at its rest position at the start of the next episode.
INFO 2026-05-11 15:08:21 t_record.py:383 No policy or teleoperator provided, skipping action generation.This is likely to happen when resetting the environment without a teleop device.The robot won't be at its rest position at the start of the next episode.
INFO 2026-05-11 15:08:21 t_record.py:383 No policy or teleoperator provided, skipping action generation.This is likely to happen when resetting the environment without a teleop device.The robot won't be at its rest position at the start of the next episode.
INFO 2026-05-11 15:08:21 t_record.py:383 No policy or teleoperator provided, skipping action generation.This is likely to happen when resetting the environment without a teleop device.The robot won't be at its rest position at the start of the next episode.
INFO 2026-05-11 15:08:21 t_record.py:383 No policy or teleoperator provided, skipping action generation.This is likely to happen when resetting the environment without a teleop device.The robot won't be at its rest position at the start of the next episode.
INFO 2026-05-11 15:08:21 t_record.py:383 No policy or teleoperator provided, skipping action generation.This is likely to happen when resetting the environment without a teleop device.The robot won't be at its rest position at the start of the next episode.
INFO 2026-05-11 15:08:21 t_record.py:383 No policy or teleoperator provided, skipping action generation.This is likely to happen when resetting the environment without a teleop device.The robot won't be at its rest position at the start of the next episode.
INFO 2026-05-11 15:08:21 t_record.py:383 No policy or teleoperator provided, skipping action generation.This is likely to happen when resetting the environment without a teleop device.The robot won't be at its rest position at the start of the next episode.
INFO 2026-05-11 15:08:21 t_record.py:383 No policy or teleoperator provided, skipping action generation.This is likely to happen when resetting the environment without a teleop device.The robot won't be at its rest position at the start of the next episode.
INFO 2026-05-11 15:08:21 t_record.py:383 No policy or teleoperator provided, skipping action generation.This is likely to happen when resetting the environment without a teleop device.The robot won't be at its rest position at the start of the next episode.
INFO 2026-05-11 15:08:21 t_record.py:383 No policy or teleoperator provided, skipping action generation.This is likely to happen when resetting the environment without a teleop device.The robot won't be at its rest position at the start of the next episode.
INFO 2026-05-11 15:08:21 t_record.py:383 No policy or teleoperator provided, skipping action generation.This is likely to happen when resetting the environment without a teleop device.The robot won't be at its rest position at the start of the next episode.
INFO 2026-05-11 15:08:21 t_record.py:383 No policy or teleoperator provided, skipping action generation.This is likely to happen when resetting the environment without a teleop device.The robot won't be at its rest position at the start of the next episode.
INFO 2026-05-11 15:08:21 t_record.py:383 No policy or teleoperator provided, skipping action generation.This is likely to happen when resetting the environment without a teleop device.The robot won't be at its rest position at the start of the next episode.
INFO 2026-05-11 15:08:21 t_record.py:383 No policy or teleoperator provided, skipping action generation.This is likely to happen when resetting the environment without a teleop device.The robot won't be at its rest position at the start of the next episode.
INFO 2026-05-11 15:08:21 t_record.py:383 No policy or teleoperator provided, skipping action generation.This is likely to happen when resetting the environment without a teleop device.The robot won't be at its rest position at the start of the next episode.
INFO 2026-05-11 15:08:21 t_record.py:383 No policy or teleoperator provided, skipping action generation.This is likely to happen when resetting the environment without a teleop device.The robot won't be at its rest position at the start of the next episode.
INFO 2026-05-11 15:08:21 t_record.py:383 No policy or teleoperator provided, skipping action generation.This is likely to happen when resetting the environment without a teleop device.The robot won't be at its rest position at the start of the next episode.
INFO 2026-05-11 15:08:21 t_record.py:383 No policy or teleoperator provided, skipping action generation.This is likely to happen when resetting the environment without a teleop device.The robot won't be at its rest position at the start of the next episode.
INFO 2026-05-11 15:08:21 t_record.py:383 No policy or teleoperator provided, skipping action generation.This is likely to happen when resetting the environment without a teleop device.The robot won't be at its rest position at the start of the next episode.
INFO 2026-05-11 15:08:21 t_record.py:383 No policy or teleoperator provided, skipping action generation.This is likely to happen when resetting the environment without a teleop device.The robot won't be at its rest position at the start of the next episode.
INFO 2026-05-11 15:08:21 t_record.py:383 No policy or teleoperator provided, skipping action generation.This is likely to happen when resetting the environment without a teleop device.The robot won't be at its rest position at the start of the next episode.
INFO 2026-05-11 15:08:21 t_record.py:383 No policy or teleoperator provided, skipping action generation.This is likely to happen when resetting the environment without a teleop device.The robot won't be at its rest position at the start of the next episode.
INFO 2026-05-11 15:08:21 t_record.py:383 No policy or teleoperator provided, skipping action generation.This is likely to happen when resetting the environment without a teleop device.The robot won't be at its rest position at the start of the next episode.
INFO 2026-05-11 15:08:21 t_record.py:383 No policy or teleoperator provided, skipping action generation.This is likely to happen when resetting the environment without a teleop device.The robot won't be at its rest position at the start of the next episode.
INFO 2026-05-11 15:08:21 t_record.py:383 No policy or teleoperator provided, skipping action generation.This is likely to happen when resetting the environment without a teleop device.The robot won't be at its rest position at the start of the next episode.
INFO 2026-05-11 15:08:21 t_record.py:383 No policy or teleoperator provided, skipping action generation.This is likely to happen when resetting the environment without a teleop device.The robot won't be at its rest position at the start of the next episode.
INFO 2026-05-11 15:08:21 t_record.py:383 No policy or teleoperator provided, skipping action generation.This is likely to happen when resetting the environment without a teleop device.The robot won't be at its rest position at the start of the next episode.
INFO 2026-05-11 15:08:21 t_record.py:383 No policy or teleoperator provided, skipping action generation.This is likely to happen when resetting the environment without a teleop device.The robot won't be at its rest position at the start of the next episode.
INFO 2026-05-11 15:08:21 t_record.py:383 No policy or teleoperator provided, skipping action generation.This is likely to happen when resetting the environment without a teleop device.The robot won't be at its rest position at the start of the next episode.
INFO 2026-05-11 15:08:21 t_record.py:383 No policy or teleoperator provided, skipping action generation.This is likely to happen when resetting the environment without a teleop device.The robot won't be at its rest position at the start of the next episode.
INFO 2026-05-11 15:08:21 t_record.py:383 No policy or teleoperator provided, skipping action generation.This is likely to happen when resetting the environment without a teleop device.The robot won't be at its rest position at the start of the next episode.
INFO 2026-05-11 15:08:21 t_record.py:383 No policy or teleoperator provided, skipping action generation.This is likely to happen when resetting the environment without a teleop device.The robot won't be at its rest position at the start of the next episode.
INFO 2026-05-11 15:08:21 t_record.py:383 No policy or teleoperator provided, skipping action generation.This is likely to happen when resetting the environment without a teleop device.The robot won't be at its rest position at the start of the next episode.
INFO 2026-05-11 15:08:21 t_record.py:383 No policy or teleoperator provided, skipping action generation.This is likely to happen when resetting the environment without a teleop device.The robot won't be at its rest position at the start of the next episode.
INFO 2026-05-11 15:08:21 t_record.py:383 No policy or teleoperator provided, skipping action generation.This is likely to happen when resetting the environment without a teleop device.The robot won't be at its rest position at the start of the next episode.
INFO 2026-05-11 15:08:21 t_record.py:383 No policy or teleoperator provided, skipping action generation.This is likely to happen when resetting the environment without a teleop device.The robot won't be at its rest position at the start of the next episode.
INFO 2026-05-11 15:08:21 t_record.py:383 No policy or teleoperator provided, skipping action generation.This is likely to happen when resetting the environment without a teleop device.The robot won't be at its rest position at the start of the next episode.
INFO 2026-05-11 15:08:21 t_record.py:383 No policy or teleoperator provided, skipping action generation.This is likely to happen when resetting the environment without a teleop device.The robot won't be at its rest position at the start of the next episode.
INFO 2026-05-11 15:08:21 t_record.py:383 No policy or teleoperator provided, skipping action generation.This is likely to happen when resetting the environment without a teleop device.The robot won't be at its rest position at the start of the next episode.
INFO 2026-05-11 15:08:21 t_record.py:383 No policy or teleoperator provided, skipping action generation.This is likely to happen when resetting the environment without a teleop device.The robot won't be at its rest position at the start of the next episode.
INFO 2026-05-11 15:08:21 t_record.py:383 No policy or teleoperator provided, skipping action generation.This is likely to happen when resetting the environment without a teleop device.The robot won't be at its rest position at the start of the next episode.
INFO 2026-05-11 15:08:21 t_record.py:383 No policy or teleoperator provided, skipping action generation.This is likely to happen when resetting the environment without a teleop device.The robot won't be at its rest position at the start of the next episode.
INFO 2026-05-11 15:08:21 t_record.py:383 No policy or teleoperator provided, skipping action generation.This is likely to happen when resetting the environment without a teleop device.The robot won't be at its rest position at the start of the next episode.
INFO 2026-05-11 15:08:21 t_record.py:383 No policy or teleoperator provided, skipping action generation.This is likely to happen when resetting the environment without a teleop device.The robot won't be at its rest position at the start of the next episode.
INFO 2026-05-11 15:08:21 t_record.py:383 No policy or teleoperator provided, skipping action generation.This is likely to happen when resetting the environment without a teleop device.The robot won't be at its rest position at the start of the next episode.
INFO 2026-05-11 15:08:21 t_record.py:383 No policy or teleoperator provided, skipping action generation.This is likely to happen when resetting the environment without a teleop device.The robot won't be at its rest position at the start of the next episode.
INFO 2026-05-11 15:08:21 t_record.py:383 No policy or teleoperator provided, skipping action generation.This is likely to happen when resetting the environment without a teleop device.The robot won't be at its rest position at the start of the next episode.
INFO 2026-05-11 15:08:21 t_record.py:383 No policy or teleoperator provided, skipping action generation.This is likely to happen when resetting the environment without a teleop device.The robot won't be at its rest position at the start of the next episode.
INFO 2026-05-11 15:08:21 t_record.py:383 No policy or teleoperator provided, skipping action generation.This is likely to happen when resetting the environment without a teleop device.The robot won't be at its rest position at the start of the next episode.
INFO 2026-05-11 15:08:21 t_record.py:383 No policy or teleoperator provided, skipping action generation.This is likely to happen when resetting the environment without a teleop device.The robot won't be at its rest position at the start of the next episode.
INFO 2026-05-11 15:08:21 t_record.py:383 No policy or teleoperator provided, skipping action generation.This is likely to happen when resetting the environment without a teleop device.The robot won't be at its rest position at the start of the next episode.
INFO 2026-05-11 15:08:21 t_record.py:383 No policy or teleoperator provided, skipping action generation.This is likely to happen when resetting the environment without a teleop device.The robot won't be at its rest position at the start of the next episode.
INFO 2026-05-11 15:08:21 t_record.py:383 No policy or teleoperator provided, skipping action generation.This is likely to happen when resetting the environment without a teleop device.The robot won't be at its rest position at the start of the next episode.
INFO 2026-05-11 15:08:21 t_record.py:383 No policy or teleoperator provided, skipping action generation.This is likely to happen when resetting the environment without a teleop device.The robot won't be at its rest position at the start of the next episode.
INFO 2026-05-11 15:08:21 t_record.py:383 No policy or teleoperator provided, skipping action generation.This is likely to happen when resetting the environment without a teleop device.The robot won't be at its rest position at the start of the next episode.
INFO 2026-05-11 15:08:21 t_record.py:383 No policy or teleoperator provided, skipping action generation.This is likely to happen when resetting the environment without a teleop device.The robot won't be at its rest position at the start of the next episode.
INFO 2026-05-11 15:08:21 t_record.py:383 No policy or teleoperator provided, skipping action generation.This is likely to happen when resetting the environment without a teleop device.The robot won't be at its rest position at the start of the next episode.
INFO 2026-05-11 15:08:21 t_record.py:383 No policy or teleoperator provided, skipping action generation.This is likely to happen when resetting the environment without a teleop device.The robot won't be at its rest position at the start of the next episode.
INFO 2026-05-11 15:08:21 t_record.py:383 No policy or teleoperator provided, skipping action generation.This is likely to happen when resetting the environment without a teleop device.The robot won't be at its rest position at the start of the next episode.
INFO 2026-05-11 15:08:21 t_record.py:383 No policy or teleoperator provided, skipping action generation.This is likely to happen when resetting the environment without a teleop device.The robot won't be at its rest position at the start of the next episode.
INFO 2026-05-11 15:08:21 t_record.py:383 No policy or teleoperator provided, skipping action generation.This is likely to happen when resetting the environment without a teleop device.The robot won't be at its rest position at the start of the next episode.
INFO 2026-05-11 15:08:21 t_record.py:383 No policy or teleoperator provided, skipping action generation.This is likely to happen when resetting the environment without a teleop device.The robot won't be at its rest position at the start of the next episode.
INFO 2026-05-11 15:08:21 t_record.py:383 No policy or teleoperator provided, skipping action generation.This is likely to happen when resetting the environment without a teleop device.The robot won't be at its rest position at the start of the next episode.
INFO 2026-05-11 15:08:21 t_record.py:383 No policy or teleoperator provided, skipping action generation.This is likely to happen when resetting the environment without a teleop device.The robot won't be at its rest position at the start of the next episode.
INFO 2026-05-11 15:08:21 t_record.py:383 No policy or teleoperator provided, skipping action generation.This is likely to happen when resetting the environment without a teleop device.The robot won't be at its rest position at the start of the next episode.
INFO 2026-05-11 15:08:21 t_record.py:383 No policy or teleoperator provided, skipping action generation.This is likely to happen when resetting the environment without a teleop device.The robot won't be at its rest position at the start of the next episode.
INFO 2026-05-11 15:08:21 t_record.py:383 No policy or teleoperator provided, skipping action generation.This is likely to happen when resetting the environment without a teleop device.The robot won't be at its rest position at the start of the next episode.
INFO 2026-05-11 15:08:21 t_record.py:383 No policy or teleoperator provided, skipping action generation.This is likely to happen when resetting the environment without a teleop device.The robot won't be at its rest position at the start of the next episode.
INFO 2026-05-11 15:08:21 t_record.py:383 No policy or teleoperator provided, skipping action generation.This is likely to happen when resetting the environment without a teleop device.The robot won't be at its rest position at the start of the next episode.
INFO 2026-05-11 15:08:21 t_record.py:383 No policy or teleoperator provided, skipping action generation.This is likely to happen when resetting the environment without a teleop device.The robot won't be at its rest position at the start of the next episode.
INFO 2026-05-11 15:08:21 t_record.py:383 No policy or teleoperator provided, skipping action generation.This is likely to happen when resetting the environment without a teleop device.The robot won't be at its rest position at the start of the next episode.
INFO 2026-05-11 15:08:21 t_record.py:383 No policy or teleoperator provided, skipping action generation.This is likely to happen when resetting the environment without a teleop device.The robot won't be at its rest position at the start of the next episode.
INFO 2026-05-11 15:08:21 t_record.py:383 No policy or teleoperator provided, skipping action generation.This is likely to happen when resetting the environment without a teleop device.The robot won't be at its rest position at the start of the next episode.
INFO 2026-05-11 15:08:21 t_record.py:383 No policy or teleoperator provided, skipping action generation.This is likely to happen when resetting the environment without a teleop device.The robot won't be at its rest position at the start of the next episode.
INFO 2026-05-11 15:08:21 t_record.py:383 No policy or teleoperator provided, skipping action generation.This is likely to happen when resetting the environment without a teleop device.The robot won't be at its rest position at the start of the next episode.
INFO 2026-05-11 15:08:21 t_record.py:383 No policy or teleoperator provided, skipping action generation.This is likely to happen when resetting the environment without a teleop device.The robot won't be at its rest position at the start of the next episode.
INFO 2026-05-11 15:08:21 t_record.py:383 No policy or teleoperator provided, skipping action generation.This is likely to happen when resetting the environment without a teleop device.The robot won't be at its rest position at the start of the next episode.
INFO 2026-05-11 15:08:21 t_record.py:383 No policy or teleoperator provided, skipping action generation.This is likely to happen when resetting the environment without a teleop device.The robot won't be at its rest position at the start of the next episode.
INFO 2026-05-11 15:08:21 t_record.py:383 No policy or teleoperator provided, skipping action generation.This is likely to happen when resetting the environment without a teleop device.The robot won't be at its rest position at the start of the next episode.
INFO 2026-05-11 15:08:21 t_record.py:383 No policy or teleoperator provided, skipping action generation.This is likely to happen when resetting the environment without a teleop device.The robot won't be at its rest position at the start of the next episode.
INFO 2026-05-11 15:08:21 t_record.py:383 No policy or teleoperator provided, skipping action generation.This is likely to happen when resetting the environment without a teleop device.The robot won't be at its rest position at the start of the next episode.
INFO 2026-05-11 15:08:21 t_record.py:383 No policy or teleoperator provided, skipping action generation.This is likely to happen when resetting the environment without a teleop device.The robot won't be at its rest position at the start of the next episode.
INFO 2026-05-11 15:08:21 t_record.py:383 No policy or teleoperator provided, skipping action generation.This is likely to happen when resetting the environment without a teleop device.The robot won't be at its rest position at the start of the next episode.
INFO 2026-05-11 15:08:21 t_record.py:383 No policy or teleoperator provided, skipping action generation.This is likely to happen when resetting the environment without a teleop device.The robot won't be at its rest position at the start of the next episode.
INFO 2026-05-11 15:08:21 t_record.py:383 No policy or teleoperator provided, skipping action generation.This is likely to happen when resetting the environment without a teleop device.The robot won't be at its rest position at the start of the next episode.
INFO 2026-05-11 15:08:21 t_record.py:383 No policy or teleoperator provided, skipping action generation.This is likely to happen when resetting the environment without a teleop device.The robot won't be at its rest position at the start of the next episode.
INFO 2026-05-11 15:08:21 t_record.py:383 No policy or teleoperator provided, skipping action generation.This is likely to happen when resetting the environment without a teleop device.The robot won't be at its rest position at the start of the next episode.
INFO 2026-05-11 15:08:21 t_record.py:383 No policy or teleoperator provided, skipping action generation.This is likely to happen when resetting the environment without a teleop device.The robot won't be at its rest position at the start of the next episode.
INFO 2026-05-11 15:08:21 t_record.py:383 No policy or teleoperator provided, skipping action generation.This is likely to happen when resetting the environment without a teleop device.The robot won't be at its rest position at the start of the next episode.
INFO 2026-05-11 15:08:21 t_record.py:383 No policy or teleoperator provided, skipping action generation.This is likely to happen when resetting the environment without a teleop device.The robot won't be at its rest position at the start of the next episode.
INFO 2026-05-11 15:08:21 t_record.py:383 No policy or teleoperator provided, skipping action generation.This is likely to happen when resetting the environment without a teleop device.The robot won't be at its rest position at the start of the next episode.
INFO 2026-05-11 15:08:21 t_record.py:383 No policy or teleoperator provided, skipping action generation.This is likely to happen when resetting the environment without a teleop device.The robot won't be at its rest position at the start of the next episode.
INFO 2026-05-11 15:08:21 t_record.py:383 No policy or teleoperator provided, skipping action generation.This is likely to happen when resetting the environment without a teleop device.The robot won't be at its rest position at the start of the next episode.
INFO 2026-05-11 15:08:21 t_record.py:383 No policy or teleoperator provided, skipping action generation.This is likely to happen when resetting the environment without a teleop device.The robot won't be at its rest position at the start of the next episode.
INFO 2026-05-11 15:08:21 t_record.py:383 No policy or teleoperator provided, skipping action generation.This is likely to happen when resetting the environment without a teleop device.The robot won't be at its rest position at the start of the next episode.
INFO 2026-05-11 15:08:21 t_record.py:383 No policy or teleoperator provided, skipping action generation.This is likely to happen when resetting the environment without a teleop device.The robot won't be at its rest position at the start of the next episode.
INFO 2026-05-11 15:08:21 t_record.py:383 No policy or teleoperator provided, skipping action generation.This is likely to happen when resetting the environment without a teleop device.The robot won't be at its rest position at the start of the next episode.
INFO 2026-05-11 15:08:21 t_record.py:383 No policy or teleoperator provided, skipping action generation.This is likely to happen when resetting the environment without a teleop device.The robot won't be at its rest position at the start of the next episode.
INFO 2026-05-11 15:08:21 t_record.py:383 No policy or teleoperator provided, skipping action generation.This is likely to happen when resetting the environment without a teleop device.The robot won't be at its rest position at the start of the next episode.
INFO 2026-05-11 15:08:21 t_record.py:383 No policy or teleoperator provided, skipping action generation.This is likely to happen when resetting the environment without a teleop device.The robot won't be at its rest position at the start of the next episode.
INFO 2026-05-11 15:08:21 t_record.py:383 No policy or teleoperator provided, skipping action generation.This is likely to happen when resetting the environment without a teleop device.The robot won't be at its rest position at the start of the next episode.
INFO 2026-05-11 15:08:21 t_record.py:383 No policy or teleoperator provided, skipping action generation.This is likely to happen when resetting the environment without a teleop device.The robot won't be at its rest position at the start of the next episode.
INFO 2026-05-11 15:08:21 t_record.py:383 No policy or teleoperator provided, skipping action generation.This is likely to happen when resetting the environment without a teleop device.The robot won't be at its rest position at the start of the next episode.
INFO 2026-05-11 15:08:21 t_record.py:383 No policy or teleoperator provided, skipping action generation.This is likely to happen when resetting the environment without a teleop device.The robot won't be at its rest position at the start of the next episode.
INFO 2026-05-11 15:08:21 t_record.py:383 No policy or teleoperator provided, skipping action generation.This is likely to happen when resetting the environment without a teleop device.The robot won't be at its rest position at the start of the next episode.
INFO 2026-05-11 15:08:21 t_record.py:383 No policy or teleoperator provided, skipping action generation.This is likely to happen when resetting the environment without a teleop device.The robot won't be at its rest position at the start of the next episode.
INFO 2026-05-11 15:08:21 t_record.py:383 No policy or teleoperator provided, skipping action generation.This is likely to happen when resetting the environment without a teleop device.The robot won't be at its rest position at the start of the next episode.
INFO 2026-05-11 15:08:21 t_record.py:383 No policy or teleoperator provided, skipping action generation.This is likely to happen when resetting the environment without a teleop device.The robot won't be at its rest position at the start of the next episode.
INFO 2026-05-11 15:08:21 t_record.py:383 No policy or teleoperator provided, skipping action generation.This is likely to happen when resetting the environment without a teleop device.The robot won't be at its rest position at the start of the next episode.
INFO 2026-05-11 15:08:21 t_record.py:383 No policy or teleoperator provided, skipping action generation.This is likely to happen when resetting the environment without a teleop device.The robot won't be at its rest position at the start of the next episode.
INFO 2026-05-11 15:08:21 t_record.py:383 No policy or teleoperator provided, skipping action generation.This is likely to happen when resetting the environment without a teleop device.The robot won't be at its rest position at the start of the next episode.
INFO 2026-05-11 15:08:21 t_record.py:383 No policy or teleoperator provided, skipping action generation.This is likely to happen when resetting the environment without a teleop device.The robot won't be at its rest position at the start of the next episode.
INFO 2026-05-11 15:08:21 t_record.py:383 No policy or teleoperator provided, skipping action generation.This is likely to happen when resetting the environment without a teleop device.The robot won't be at its rest position at the start of the next episode.
INFO 2026-05-11 15:08:21 t_record.py:383 No policy or teleoperator provided, skipping action generation.This is likely to happen when resetting the environment without a teleop device.The robot won't be at its rest position at the start of the next episode.
INFO 2026-05-11 15:08:21 t_record.py:383 No policy or teleoperator provided, skipping action generation.This is likely to happen when resetting the environment without a teleop device.The robot won't be at its rest position at the start of the next episode.
INFO 2026-05-11 15:08:21 t_record.py:383 No policy or teleoperator provided, skipping action generation.This is likely to happen when resetting the environment without a teleop device.The robot won't be at its rest position at the start of the next episode.
INFO 2026-05-11 15:08:21 t_record.py:383 No policy or teleoperator provided, skipping action generation.This is likely to happen when resetting the environment without a teleop device.The robot won't be at its rest position at the start of the next episode.
INFO 2026-05-11 15:08:21 t_record.py:383 No policy or teleoperator provided, skipping action generation.This is likely to happen when resetting the environment without a teleop device.The robot won't be at its rest position at the start of the next episode.
INFO 2026-05-11 15:08:21 t_record.py:383 No policy or teleoperator provided, skipping action generation.This is likely to happen when resetting the environment without a teleop device.The robot won't be at its rest position at the start of the next episode.
INFO 2026-05-11 15:08:21 t_record.py:383 No policy or teleoperator provided, skipping action generation.This is likely to happen when resetting the environment without a teleop device.The robot won't be at its rest position at the start of the next episode.
INFO 2026-05-11 15:08:21 t_record.py:383 No policy or teleoperator provided, skipping action generation.This is likely to happen when resetting the environment without a teleop device.The robot won't be at its rest position at the start of the next episode.
INFO 2026-05-11 15:08:21 t_record.py:383 No policy or teleoperator provided, skipping action generation.This is likely to happen when resetting the environment without a teleop device.The robot won't be at its rest position at the start of the next episode.
INFO 2026-05-11 15:08:21 t_record.py:383 No policy or teleoperator provided, skipping action generation.This is likely to happen when resetting the environment without a teleop device.The robot won't be at its rest position at the start of the next episode.
INFO 2026-05-11 15:08:21 t_record.py:383 No policy or teleoperator provided, skipping action generation.This is likely to happen when resetting the environment without a teleop device.The robot won't be at its rest position at the start of the next episode.
INFO 2026-05-11 15:08:21 t_record.py:383 No policy or teleoperator provided, skipping action generation.This is likely to happen when resetting the environment without a teleop device.The robot won't be at its rest position at the start of the next episode.
INFO 2026-05-11 15:08:21 t_record.py:383 No policy or teleoperator provided, skipping action generation.This is likely to happen when resetting the environment without a teleop device.The robot won't be at its rest position at the start of the next episode.
INFO 2026-05-11 15:08:21 t_record.py:383 No policy or teleoperator provided, skipping action generation.This is likely to happen when resetting the environment without a teleop device.The robot won't be at its rest position at the start of the next episode.
INFO 2026-05-11 15:08:21 t_record.py:383 No policy or teleoperator provided, skipping action generation.This is likely to happen when resetting the environment without a teleop device.The robot won't be at its rest position at the start of the next episode.
INFO 2026-05-11 15:08:21 t_record.py:383 No policy or teleoperator provided, skipping action generation.This is likely to happen when resetting the environment without a teleop device.The robot won't be at its rest position at the start of the next episode.
INFO 2026-05-11 15:08:21 t_record.py:383 No policy or teleoperator provided, skipping action generation.This is likely to happen when resetting the environment without a teleop device.The robot won't be at its rest position at the start of the next episode.
INFO 2026-05-11 15:08:21 t_record.py:383 No policy or teleoperator provided, skipping action generation.This is likely to happen when resetting the environment without a teleop device.The robot won't be at its rest position at the start of the next episode.
INFO 2026-05-11 15:08:21 t_record.py:383 No policy or teleoperator provided, skipping action generation.This is likely to happen when resetting the environment without a teleop device.The robot won't be at its rest position at the start of the next episode.
INFO 2026-05-11 15:08:21 t_record.py:383 No policy or teleoperator provided, skipping action generation.This is likely to happen when resetting the environment without a teleop device.The robot won't be at its rest position at the start of the next episode.
INFO 2026-05-11 15:08:21 t_record.py:383 No policy or teleoperator provided, skipping action generation.This is likely to happen when resetting the environment without a teleop device.The robot won't be at its rest position at the start of the next episode.
INFO 2026-05-11 15:08:21 t_record.py:383 No policy or teleoperator provided, skipping action generation.This is likely to happen when resetting the environment without a teleop device.The robot won't be at its rest position at the start of the next episode.
INFO 2026-05-11 15:08:21 t_record.py:383 No policy or teleoperator provided, skipping action generation.This is likely to happen when resetting the environment without a teleop device.The robot won't be at its rest position at the start of the next episode.
INFO 2026-05-11 15:08:21 t_record.py:383 No policy or teleoperator provided, skipping action generation.This is likely to happen when resetting the environment without a teleop device.The robot won't be at its rest position at the start of the next episode.
INFO 2026-05-11 15:08:21 t_record.py:383 No policy or teleoperator provided, skipping action generation.This is likely to happen when resetting the environment without a teleop device.The robot won't be at its rest position at the start of the next episode.
INFO 2026-05-11 15:08:21 t_record.py:383 No policy or teleoperator provided, skipping action generation.This is likely to happen when resetting the environment without a teleop device.The robot won't be at its rest position at the start of the next episode.
INFO 2026-05-11 15:08:21 t_record.py:383 No policy or teleoperator provided, skipping action generation.This is likely to happen when resetting the environment without a teleop device.The robot won't be at its rest position at the start of the next episode.
INFO 2026-05-11 15:08:21 t_record.py:383 No policy or teleoperator provided, skipping action generation.This is likely to happen when resetting the environment without a teleop device.The robot won't be at its rest position at the start of the next episode.
INFO 2026-05-11 15:08:21 t_record.py:383 No policy or teleoperator provided, skipping action generation.This is likely to happen when resetting the environment without a teleop device.The robot won't be at its rest position at the start of the next episode.
INFO 2026-05-11 15:08:21 t_record.py:383 No policy or teleoperator provided, skipping action generation.This is likely to happen when resetting the environment without a teleop device.The robot won't be at its rest position at the start of the next episode.
INFO 2026-05-11 15:08:21 t_record.py:383 No policy or teleoperator provided, skipping action generation.This is likely to happen when resetting the environment without a teleop device.The robot won't be at its rest position at the start of the next episode.
INFO 2026-05-11 15:08:21 t_record.py:383 No policy or teleoperator provided, skipping action generation.This is likely to happen when resetting the environment without a teleop device.The robot won't be at its rest position at the start of the next episode.
INFO 2026-05-11 15:08:21 t_record.py:383 No policy or teleoperator provided, skipping action generation.This is likely to happen when resetting the environment without a teleop device.The robot won't be at its rest position at the start of the next episode.
INFO 2026-05-11 15:08:21 t_record.py:383 No policy or teleoperator provided, skipping action generation.This is likely to happen when resetting the environment without a teleop device.The robot won't be at its rest position at the start of the next episode.
INFO 2026-05-11 15:08:21 t_record.py:383 No policy or teleoperator provided, skipping action generation.This is likely to happen when resetting the environment without a teleop device.The robot won't be at its rest position at the start of the next episode.
INFO 2026-05-11 15:08:21 t_record.py:383 No policy or teleoperator provided, skipping action generation.This is likely to happen when resetting the environment without a teleop device.The robot won't be at its rest position at the start of the next episode.
INFO 2026-05-11 15:08:21 t_record.py:383 No policy or teleoperator provided, skipping action generation.This is likely to happen when resetting the environment without a teleop device.The robot won't be at its rest position at the start of the next episode.
INFO 2026-05-11 15:08:21 t_record.py:383 No policy or teleoperator provided, skipping action generation.This is likely to happen when resetting the environment without a teleop device.The robot won't be at its rest position at the start of the next episode.
INFO 2026-05-11 15:08:21 t_record.py:383 No policy or teleoperator provided, skipping action generation.This is likely to happen when resetting the environment without a teleop device.The robot won't be at its rest position at the start of the next episode.
INFO 2026-05-11 15:08:21 t_record.py:383 No policy or teleoperator provided, skipping action generation.This is likely to happen when resetting the environment without a teleop device.The robot won't be at its rest position at the start of the next episode.
INFO 2026-05-11 15:08:21 t_record.py:383 No policy or teleoperator provided, skipping action generation.This is likely to happen when resetting the environment without a teleop device.The robot won't be at its rest position at the start of the next episode.
INFO 2026-05-11 15:08:21 t_record.py:383 No policy or teleoperator provided, skipping action generation.This is likely to happen when resetting the environment without a teleop device.The robot won't be at its rest position at the start of the next episode.
INFO 2026-05-11 15:08:21 t_record.py:383 No policy or teleoperator provided, skipping action generation.This is likely to happen when resetting the environment without a teleop device.The robot won't be at its rest position at the start of the next episode.
INFO 2026-05-11 15:08:21 t_record.py:383 No policy or teleoperator provided, skipping action generation.This is likely to happen when resetting the environment without a teleop device.The robot won't be at its rest position at the start of the next episode.
INFO 2026-05-11 15:08:21 t_record.py:383 No policy or teleoperator provided, skipping action generation.This is likely to happen when resetting the environment without a teleop device.The robot won't be at its rest position at the start of the next episode.
INFO 2026-05-11 15:08:21 t_record.py:383 No policy or teleoperator provided, skipping action generation.This is likely to happen when resetting the environment without a teleop device.The robot won't be at its rest position at the start of the next episode.
INFO 2026-05-11 15:08:21 t_record.py:383 No policy or teleoperator provided, skipping action generation.This is likely to happen when resetting the environment without a teleop device.The robot won't be at its rest position at the start of the next episode.
INFO 2026-05-11 15:08:21 t_record.py:383 No policy or teleoperator provided, skipping action generation.This is likely to happen when resetting the environment without a teleop device.The robot won't be at its rest position at the start of the next episode.
INFO 2026-05-11 15:08:21 t_record.py:383 No policy or teleoperator provided, skipping action generation.This is likely to happen when resetting the environment without a teleop device.The robot won't be at its rest position at the start of the next episode.
INFO 2026-05-11 15:08:21 t_record.py:383 No policy or teleoperator provided, skipping action generation.This is likely to happen when resetting the environment without a teleop device.The robot won't be at its rest position at the start of the next episode.
INFO 2026-05-11 15:08:21 t_record.py:383 No policy or teleoperator provided, skipping action generation.This is likely to happen when resetting the environment without a teleop device.The robot won't be at its rest position at the start of the next episode.
INFO 2026-05-11 15:08:21 t_record.py:383 No policy or teleoperator provided, skipping action generation.This is likely to happen when resetting the environment without a teleop device.The robot won't be at its rest position at the start of the next episode.
INFO 2026-05-11 15:08:21 t_record.py:383 No policy or teleoperator provided, skipping action generation.This is likely to happen when resetting the environment without a teleop device.The robot won't be at its rest position at the start of the next episode.
INFO 2026-05-11 15:08:21 t_record.py:383 No policy or teleoperator provided, skipping action generation.This is likely to happen when resetting the environment without a teleop device.The robot won't be at its rest position at the start of the next episode.
INFO 2026-05-11 15:08:21 t_record.py:383 No policy or teleoperator provided, skipping action generation.This is likely to happen when resetting the environment without a teleop device.The robot won't be at its rest position at the start of the next episode.
INFO 2026-05-11 15:08:21 t_record.py:383 No policy or teleoperator provided, skipping action generation.This is likely to happen when resetting the environment without a teleop device.The robot won't be at its rest position at the start of the next episode.
INFO 2026-05-11 15:08:21 t_record.py:383 No policy or teleoperator provided, skipping action generation.This is likely to happen when resetting the environment without a teleop device.The robot won't be at its rest position at the start of the next episode.
INFO 2026-05-11 15:08:21 t_record.py:383 No policy or teleoperator provided, skipping action generation.This is likely to happen when resetting the environment without a teleop device.The robot won't be at its rest position at the start of the next episode.
INFO 2026-05-11 15:08:21 t_record.py:383 No policy or teleoperator provided, skipping action generation.This is likely to happen when resetting the environment without a teleop device.The robot won't be at its rest position at the start of the next episode.
INFO 2026-05-11 15:08:21 t_record.py:383 No policy or teleoperator provided, skipping action generation.This is likely to happen when resetting the environment without a teleop device.The robot won't be at its rest position at the start of the next episode.
INFO 2026-05-11 15:08:21 t_record.py:383 No policy or teleoperator provided, skipping action generation.This is likely to happen when resetting the environment without a teleop device.The robot won't be at its rest position at the start of the next episode.
INFO 2026-05-11 15:08:21 t_record.py:383 No policy or teleoperator provided, skipping action generation.This is likely to happen when resetting the environment without a teleop device.The robot won't be at its rest position at the start of the next episode.
INFO 2026-05-11 15:08:21 t_record.py:383 No policy or teleoperator provided, skipping action generation.This is likely to happen when resetting the environment without a teleop device.The robot won't be at its rest position at the start of the next episode.
INFO 2026-05-11 15:08:21 t_record.py:383 No policy or teleoperator provided, skipping action generation.This is likely to happen when resetting the environment without a teleop device.The robot won't be at its rest position at the start of the next episode.
INFO 2026-05-11 15:08:21 t_record.py:383 No policy or teleoperator provided, skipping action generation.This is likely to happen when resetting the environment without a teleop device.The robot won't be at its rest position at the start of the next episode.
INFO 2026-05-11 15:08:21 t_record.py:383 No policy or teleoperator provided, skipping action generation.This is likely to happen when resetting the environment without a teleop device.The robot won't be at its rest position at the start of the next episode.
INFO 2026-05-11 15:08:21 t_record.py:383 No policy or teleoperator provided, skipping action generation.This is likely to happen when resetting the environment without a teleop device.The robot won't be at its rest position at the start of the next episode.
INFO 2026-05-11 15:08:21 t_record.py:383 No policy or teleoperator provided, skipping action generation.This is likely to happen when resetting the environment without a teleop device.The robot won't be at its rest position at the start of the next episode.
INFO 2026-05-11 15:08:21 t_record.py:383 No policy or teleoperator provided, skipping action generation.This is likely to happen when resetting the environment without a teleop device.The robot won't be at its rest position at the start of the next episode.
INFO 2026-05-11 15:08:21 t_record.py:383 No policy or teleoperator provided, skipping action generation.This is likely to happen when resetting the environment without a teleop device.The robot won't be at its rest position at the start of the next episode.
INFO 2026-05-11 15:08:21 t_record.py:383 No policy or teleoperator provided, skipping action generation.This is likely to happen when resetting the environment without a teleop device.The robot won't be at its rest position at the start of the next episode.
INFO 2026-05-11 15:08:21 t_record.py:383 No policy or teleoperator provided, skipping action generation.This is likely to happen when resetting the environment without a teleop device.The robot won't be at its rest position at the start of the next episode.
INFO 2026-05-11 15:08:21 t_record.py:383 No policy or teleoperator provided, skipping action generation.This is likely to happen when resetting the environment without a teleop device.The robot won't be at its rest position at the start of the next episode.
INFO 2026-05-11 15:08:21 t_record.py:383 No policy or teleoperator provided, skipping action generation.This is likely to happen when resetting the environment without a teleop device.The robot won't be at its rest position at the start of the next episode.
INFO 2026-05-11 15:08:21 t_record.py:383 No policy or teleoperator provided, skipping action generation.This is likely to happen when resetting the environment without a teleop device.The robot won't be at its rest position at the start of the next episode.
INFO 2026-05-11 15:08:21 t_record.py:383 No policy or teleoperator provided, skipping action generation.This is likely to happen when resetting the environment without a teleop device.The robot won't be at its rest position at the start of the next episode.
INFO 2026-05-11 15:08:21 t_record.py:383 No policy or teleoperator provided, skipping action generation.This is likely to happen when resetting the environment without a teleop device.The robot won't be at its rest position at the start of the next episode.
INFO 2026-05-11 15:08:21 t_record.py:383 No policy or teleoperator provided, skipping action generation.This is likely to happen when resetting the environment without a teleop device.The robot won't be at its rest position at the start of the next episode.
INFO 2026-05-11 15:08:21 t_record.py:383 No policy or teleoperator provided, skipping action generation.This is likely to happen when resetting the environment without a teleop device.The robot won't be at its rest position at the start of the next episode.
INFO 2026-05-11 15:08:21 t_record.py:383 No policy or teleoperator provided, skipping action generation.This is likely to happen when resetting the environment without a teleop device.The robot won't be at its rest position at the start of the next episode.
INFO 2026-05-11 15:08:21 t_record.py:383 No policy or teleoperator provided, skipping action generation.This is likely to happen when resetting the environment without a teleop device.The robot won't be at its rest position at the start of the next episode.
INFO 2026-05-11 15:08:21 t_record.py:383 No policy or teleoperator provided, skipping action generation.This is likely to happen when resetting the environment without a teleop device.The robot won't be at its rest position at the start of the next episode.
INFO 2026-05-11 15:08:21 t_record.py:383 No policy or teleoperator provided, skipping action generation.This is likely to happen when resetting the environment without a teleop device.The robot won't be at its rest position at the start of the next episode.
INFO 2026-05-11 15:08:21 t_record.py:383 No policy or teleoperator provided, skipping action generation.This is likely to happen when resetting the environment without a teleop device.The robot won't be at its rest position at the start of the next episode.
INFO 2026-05-11 15:08:21 t_record.py:383 No policy or teleoperator provided, skipping action generation.This is likely to happen when resetting the environment without a teleop device.The robot won't be at its rest position at the start of the next episode.
INFO 2026-05-11 15:08:21 t_record.py:383 No policy or teleoperator provided, skipping action generation.This is likely to happen when resetting the environment without a teleop device.The robot won't be at its rest position at the start of the next episode.
INFO 2026-05-11 15:08:21 t_record.py:383 No policy or teleoperator provided, skipping action generation.This is likely to happen when resetting the environment without a teleop device.The robot won't be at its rest position at the start of the next episode.
INFO 2026-05-11 15:08:21 t_record.py:383 No policy or teleoperator provided, skipping action generation.This is likely to happen when resetting the environment without a teleop device.The robot won't be at its rest position at the start of the next episode.
INFO 2026-05-11 15:08:21 t_record.py:383 No policy or teleoperator provided, skipping action generation.This is likely to happen when resetting the environment without a teleop device.The robot won't be at its rest position at the start of the next episode.
INFO 2026-05-11 15:08:21 t_record.py:383 No policy or teleoperator provided, skipping action generation.This is likely to happen when resetting the environment without a teleop device.The robot won't be at its rest position at the start of the next episode.
INFO 2026-05-11 15:08:21 t_record.py:383 No policy or teleoperator provided, skipping action generation.This is likely to happen when resetting the environment without a teleop device.The robot won't be at its rest position at the start of the next episode.
INFO 2026-05-11 15:08:21 t_record.py:383 No policy or teleoperator provided, skipping action generation.This is likely to happen when resetting the environment without a teleop device.The robot won't be at its rest position at the start of the next episode.
INFO 2026-05-11 15:08:21 t_record.py:383 No policy or teleoperator provided, skipping action generation.This is likely to happen when resetting the environment without a teleop device.The robot won't be at its rest position at the start of the next episode.
INFO 2026-05-11 15:08:21 t_record.py:383 No policy or teleoperator provided, skipping action generation.This is likely to happen when resetting the environment without a teleop device.The robot won't be at its rest position at the start of the next episode.
INFO 2026-05-11 15:08:21 t_record.py:383 No policy or teleoperator provided, skipping action generation.This is likely to happen when resetting the environment without a teleop device.The robot won't be at its rest position at the start of the next episode.
INFO 2026-05-11 15:08:21 t_record.py:383 No policy or teleoperator provided, skipping action generation.This is likely to happen when resetting the environment without a teleop device.The robot won't be at its rest position at the start of the next episode.
INFO 2026-05-11 15:08:21 t_record.py:383 No policy or teleoperator provided, skipping action generation.This is likely to happen when resetting the environment without a teleop device.The robot won't be at its rest position at the start of the next episode.
INFO 2026-05-11 15:08:21 t_record.py:383 No policy or teleoperator provided, skipping action generation.This is likely to happen when resetting the environment without a teleop device.The robot won't be at its rest position at the start of the next episode.
INFO 2026-05-11 15:08:21 t_record.py:383 No policy or teleoperator provided, skipping action generation.This is likely to happen when resetting the environment without a teleop device.The robot won't be at its rest position at the start of the next episode.
INFO 2026-05-11 15:08:21 t_record.py:383 No policy or teleoperator provided, skipping action generation.This is likely to happen when resetting the environment without a teleop device.The robot won't be at its rest position at the start of the next episode.
INFO 2026-05-11 15:08:21 t_record.py:383 No policy or teleoperator provided, skipping action generation.This is likely to happen when resetting the environment without a teleop device.The robot won't be at its rest position at the start of the next episode.
INFO 2026-05-11 15:08:21 t_record.py:383 No policy or teleoperator provided, skipping action generation.This is likely to happen when resetting the environment without a teleop device.The robot won't be at its rest position at the start of the next episode.
INFO 2026-05-11 15:08:21 t_record.py:383 No policy or teleoperator provided, skipping action generation.This is likely to happen when resetting the environment without a teleop device.The robot won't be at its rest position at the start of the next episode.
INFO 2026-05-11 15:08:21 t_record.py:383 No policy or teleoperator provided, skipping action generation.This is likely to happen when resetting the environment without a teleop device.The robot won't be at its rest position at the start of the next episode.
INFO 2026-05-11 15:08:21 t_record.py:383 No policy or teleoperator provided, skipping action generation.This is likely to happen when resetting the environment without a teleop device.The robot won't be at its rest position at the start of the next episode.
INFO 2026-05-11 15:08:21 t_record.py:383 No policy or teleoperator provided, skipping action generation.This is likely to happen when resetting the environment without a teleop device.The robot won't be at its rest position at the start of the next episode.
INFO 2026-05-11 15:08:21 t_record.py:383 No policy or teleoperator provided, skipping action generation.This is likely to happen when resetting the environment without a teleop device.The robot won't be at its rest position at the start of the next episode.
INFO 2026-05-11 15:08:21 t_record.py:383 No policy or teleoperator provided, skipping action generation.This is likely to happen when resetting the environment without a teleop device.The robot won't be at its rest position at the start of the next episode.
INFO 2026-05-11 15:08:21 t_record.py:383 No policy or teleoperator provided, skipping action generation.This is likely to happen when resetting the environment without a teleop device.The robot won't be at its rest position at the start of the next episode.
INFO 2026-05-11 15:08:21 t_record.py:383 No policy or teleoperator provided, skipping action generation.This is likely to happen when resetting the environment without a teleop device.The robot won't be at its rest position at the start of the next episode.
INFO 2026-05-11 15:08:21 t_record.py:383 No policy or teleoperator provided, skipping action generation.This is likely to happen when resetting the environment without a teleop device.The robot won't be at its rest position at the start of the next episode.
INFO 2026-05-11 15:08:21 t_record.py:383 No policy or teleoperator provided, skipping action generation.This is likely to happen when resetting the environment without a teleop device.The robot won't be at its rest position at the start of the next episode.
INFO 2026-05-11 15:08:21 t_record.py:383 No policy or teleoperator provided, skipping action generation.This is likely to happen when resetting the environment without a teleop device.The robot won't be at its rest position at the start of the next episode.
INFO 2026-05-11 15:08:21 t_record.py:383 No policy or teleoperator provided, skipping action generation.This is likely to happen when resetting the environment without a teleop device.The robot won't be at its rest position at the start of the next episode.
INFO 2026-05-11 15:08:21 t_record.py:383 No policy or teleoperator provided, skipping action generation.This is likely to happen when resetting the environment without a teleop device.The robot won't be at its rest position at the start of the next episode.
INFO 2026-05-11 15:08:21 t_record.py:383 No policy or teleoperator provided, skipping action generation.This is likely to happen when resetting the environment without a teleop device.The robot won't be at its rest position at the start of the next episode.
INFO 2026-05-11 15:08:21 t_record.py:383 No policy or teleoperator provided, skipping action generation.This is likely to happen when resetting the environment without a teleop device.The robot won't be at its rest position at the start of the next episode.
INFO 2026-05-11 15:08:21 t_record.py:383 No policy or teleoperator provided, skipping action generation.This is likely to happen when resetting the environment without a teleop device.The robot won't be at its rest position at the start of the next episode.
INFO 2026-05-11 15:08:21 t_record.py:383 No policy or teleoperator provided, skipping action generation.This is likely to happen when resetting the environment without a teleop device.The robot won't be at its rest position at the start of the next episode.
INFO 2026-05-11 15:08:21 t_record.py:383 No policy or teleoperator provided, skipping action generation.This is likely to happen when resetting the environment without a teleop device.The robot won't be at its rest position at the start of the next episode.
INFO 2026-05-11 15:08:21 t_record.py:383 No policy or teleoperator provided, skipping action generation.This is likely to happen when resetting the environment without a teleop device.The robot won't be at its rest position at the start of the next episode.
INFO 2026-05-11 15:08:21 t_record.py:383 No policy or teleoperator provided, skipping action generation.This is likely to happen when resetting the environment without a teleop device.The robot won't be at its rest position at the start of the next episode.
INFO 2026-05-11 15:08:21 t_record.py:383 No policy or teleoperator provided, skipping action generation.This is likely to happen when resetting the environment without a teleop device.The robot won't be at its rest position at the start of the next episode.
INFO 2026-05-11 15:08:21 t_record.py:383 No policy or teleoperator provided, skipping action generation.This is likely to happen when resetting the environment without a teleop device.The robot won't be at its rest position at the start of the next episode.
INFO 2026-05-11 15:08:21 t_record.py:383 No policy or teleoperator provided, skipping action generation.This is likely to happen when resetting the environment without a teleop device.The robot won't be at its rest position at the start of the next episode.
INFO 2026-05-11 15:08:21 t_record.py:383 No policy or teleoperator provided, skipping action generation.This is likely to happen when resetting the environment without a teleop device.The robot won't be at its rest position at the start of the next episode.
INFO 2026-05-11 15:08:21 t_record.py:383 No policy or teleoperator provided, skipping action generation.This is likely to happen when resetting the environment without a teleop device.The robot won't be at its rest position at the start of the next episode.
INFO 2026-05-11 15:08:21 t_record.py:383 No policy or teleoperator provided, skipping action generation.This is likely to happen when resetting the environment without a teleop device.The robot won't be at its rest position at the start of the next episode.
INFO 2026-05-11 15:08:21 t_record.py:383 No policy or teleoperator provided, skipping action generation.This is likely to happen when resetting the environment without a teleop device.The robot won't be at its rest position at the start of the next episode.
INFO 2026-05-11 15:08:21 t_record.py:383 No policy or teleoperator provided, skipping action generation.This is likely to happen when resetting the environment without a teleop device.The robot won't be at its rest position at the start of the next episode.
INFO 2026-05-11 15:08:21 t_record.py:383 No policy or teleoperator provided, skipping action generation.This is likely to happen when resetting the environment without a teleop device.The robot won't be at its rest position at the start of the next episode.
INFO 2026-05-11 15:08:21 t_record.py:383 No policy or teleoperator provided, skipping action generation.This is likely to happen when resetting the environment without a teleop device.The robot won't be at its rest position at the start of the next episode.
INFO 2026-05-11 15:08:21 t_record.py:383 No policy or teleoperator provided, skipping action generation.This is likely to happen when resetting the environment without a teleop device.The robot won't be at its rest position at the start of the next episode.
INFO 2026-05-11 15:08:21 t_record.py:383 No policy or teleoperator provided, skipping action generation.This is likely to happen when resetting the environment without a teleop device.The robot won't be at its rest position at the start of the next episode.
INFO 2026-05-11 15:08:21 t_record.py:383 No policy or teleoperator provided, skipping action generation.This is likely to happen when resetting the environment without a teleop device.The robot won't be at its rest position at the start of the next episode.
INFO 2026-05-11 15:08:21 t_record.py:383 No policy or teleoperator provided, skipping action generation.This is likely to happen when resetting the environment without a teleop device.The robot won't be at its rest position at the start of the next episode.
INFO 2026-05-11 15:08:21 t_record.py:383 No policy or teleoperator provided, skipping action generation.This is likely to happen when resetting the environment without a teleop device.The robot won't be at its rest position at the start of the next episode.
INFO 2026-05-11 15:08:21 t_record.py:383 No policy or teleoperator provided, skipping action generation.This is likely to happen when resetting the environment without a teleop device.The robot won't be at its rest position at the start of the next episode.
INFO 2026-05-11 15:08:21 t_record.py:383 No policy or teleoperator provided, skipping action generation.This is likely to happen when resetting the environment without a teleop device.The robot won't be at its rest position at the start of the next episode.
INFO 2026-05-11 15:08:21 t_record.py:383 No policy or teleoperator provided, skipping action generation.This is likely to happen when resetting the environment without a teleop device.The robot won't be at its rest position at the start of the next episode.
INFO 2026-05-11 15:08:21 t_record.py:383 No policy or teleoperator provided, skipping action generation.This is likely to happen when resetting the environment without a teleop device.The robot won't be at its rest position at the start of the next episode.
INFO 2026-05-11 15:08:21 t_record.py:383 No policy or teleoperator provided, skipping action generation.This is likely to happen when resetting the environment without a teleop device.The robot won't be at its rest position at the start of the next episode.
INFO 2026-05-11 15:08:21 t_record.py:383 No policy or teleoperator provided, skipping action generation.This is likely to happen when resetting the environment without a teleop device.The robot won't be at its rest position at the start of the next episode.
INFO 2026-05-11 15:08:21 t_record.py:383 No policy or teleoperator provided, skipping action generation.This is likely to happen when resetting the environment without a teleop device.The robot won't be at its rest position at the start of the next episode.
INFO 2026-05-11 15:08:21 t_record.py:383 No policy or teleoperator provided, skipping action generation.This is likely to happen when resetting the environment without a teleop device.The robot won't be at its rest position at the start of the next episode.
INFO 2026-05-11 15:08:21 t_record.py:383 No policy or teleoperator provided, skipping action generation.This is likely to happen when resetting the environment without a teleop device.The robot won't be at its rest position at the start of the next episode.
INFO 2026-05-11 15:08:21 t_record.py:383 No policy or teleoperator provided, skipping action generation.This is likely to happen when resetting the environment without a teleop device.The robot won't be at its rest position at the start of the next episode.
INFO 2026-05-11 15:08:21 t_record.py:383 No policy or teleoperator provided, skipping action generation.This is likely to happen when resetting the environment without a teleop device.The robot won't be at its rest position at the start of the next episode.
INFO 2026-05-11 15:08:21 t_record.py:383 No policy or teleoperator provided, skipping action generation.This is likely to happen when resetting the environment without a teleop device.The robot won't be at its rest position at the start of the next episode.
INFO 2026-05-11 15:08:21 t_record.py:383 No policy or teleoperator provided, skipping action generation.This is likely to happen when resetting the environment without a teleop device.The robot won't be at its rest position at the start of the next episode.
INFO 2026-05-11 15:08:21 t_record.py:383 No policy or teleoperator provided, skipping action generation.This is likely to happen when resetting the environment without a teleop device.The robot won't be at its rest position at the start of the next episode.
INFO 2026-05-11 15:08:21 t_record.py:383 No policy or teleoperator provided, skipping action generation.This is likely to happen when resetting the environment without a teleop device.The robot won't be at its rest position at the start of the next episode.
INFO 2026-05-11 15:08:21 t_record.py:383 No policy or teleoperator provided, skipping action generation.This is likely to happen when resetting the environment without a teleop device.The robot won't be at its rest position at the start of the next episode.
INFO 2026-05-11 15:08:21 t_record.py:383 No policy or teleoperator provided, skipping action generation.This is likely to happen when resetting the environment without a teleop device.The robot won't be at its rest position at the start of the next episode.
INFO 2026-05-11 15:08:21 t_record.py:383 No policy or teleoperator provided, skipping action generation.This is likely to happen when resetting the environment without a teleop device.The robot won't be at its rest position at the start of the next episode.
INFO 2026-05-11 15:08:21 t_record.py:383 No policy or teleoperator provided, skipping action generation.This is likely to happen when resetting the environment without a teleop device.The robot won't be at its rest position at the start of the next episode.
INFO 2026-05-11 15:08:21 t_record.py:383 No policy or teleoperator provided, skipping action generation.This is likely to happen when resetting the environment without a teleop device.The robot won't be at its rest position at the start of the next episode.
INFO 2026-05-11 15:08:21 t_record.py:383 No policy or teleoperator provided, skipping action generation.This is likely to happen when resetting the environment without a teleop device.The robot won't be at its rest position at the start of the next episode.
INFO 2026-05-11 15:08:21 t_record.py:383 No policy or teleoperator provided, skipping action generation.This is likely to happen when resetting the environment without a teleop device.The robot won't be at its rest position at the start of the next episode.
INFO 2026-05-11 15:08:21 t_record.py:383 No policy or teleoperator provided, skipping action generation.This is likely to happen when resetting the environment without a teleop device.The robot won't be at its rest position at the start of the next episode.
INFO 2026-05-11 15:08:21 t_record.py:383 No policy or teleoperator provided, skipping action generation.This is likely to happen when resetting the environment without a teleop device.The robot won't be at its rest position at the start of the next episode.
INFO 2026-05-11 15:08:21 t_record.py:383 No policy or teleoperator provided, skipping action generation.This is likely to happen when resetting the environment without a teleop device.The robot won't be at its rest position at the start of the next episode.
INFO 2026-05-11 15:08:21 t_record.py:383 No policy or teleoperator provided, skipping action generation.This is likely to happen when resetting the environment without a teleop device.The robot won't be at its rest position at the start of the next episode.
INFO 2026-05-11 15:08:21 t_record.py:383 No policy or teleoperator provided, skipping action generation.This is likely to happen when resetting the environment without a teleop device.The robot won't be at its rest position at the start of the next episode.
INFO 2026-05-11 15:08:21 t_record.py:383 No policy or teleoperator provided, skipping action generation.This is likely to happen when resetting the environment without a teleop device.The robot won't be at its rest position at the start of the next episode.
INFO 2026-05-11 15:08:21 t_record.py:383 No policy or teleoperator provided, skipping action generation.This is likely to happen when resetting the environment without a teleop device.The robot won't be at its rest position at the start of the next episode.
INFO 2026-05-11 15:08:21 t_record.py:383 No policy or teleoperator provided, skipping action generation.This is likely to happen when resetting the environment without a teleop device.The robot won't be at its rest position at the start of the next episode.
INFO 2026-05-11 15:08:21 t_record.py:383 No policy or teleoperator provided, skipping action generation.This is likely to happen when resetting the environment without a teleop device.The robot won't be at its rest position at the start of the next episode.
INFO 2026-05-11 15:08:21 t_record.py:383 No policy or teleoperator provided, skipping action generation.This is likely to happen when resetting the environment without a teleop device.The robot won't be at its rest position at the start of the next episode.
INFO 2026-05-11 15:08:21 t_record.py:383 No policy or teleoperator provided, skipping action generation.This is likely to happen when resetting the environment without a teleop device.The robot won't be at its rest position at the start of the next episode.
INFO 2026-05-11 15:08:21 t_record.py:383 No policy or teleoperator provided, skipping action generation.This is likely to happen when resetting the environment without a teleop device.The robot won't be at its rest position at the start of the next episode.
INFO 2026-05-11 15:08:21 t_record.py:383 No policy or teleoperator provided, skipping action generation.This is likely to happen when resetting the environment without a teleop device.The robot won't be at its rest position at the start of the next episode.
INFO 2026-05-11 15:08:21 t_record.py:383 No policy or teleoperator provided, skipping action generation.This is likely to happen when resetting the environment without a teleop device.The robot won't be at its rest position at the start of the next episode.
INFO 2026-05-11 15:08:21 t_record.py:383 No policy or teleoperator provided, skipping action generation.This is likely to happen when resetting the environment without a teleop device.The robot won't be at its rest position at the start of the next episode.
INFO 2026-05-11 15:08:21 t_record.py:383 No policy or teleoperator provided, skipping action generation.This is likely to happen when resetting the environment without a teleop device.The robot won't be at its rest position at the start of the next episode.
INFO 2026-05-11 15:08:21 t_record.py:383 No policy or teleoperator provided, skipping action generation.This is likely to happen when resetting the environment without a teleop device.The robot won't be at its rest position at the start of the next episode.
INFO 2026-05-11 15:08:21 t_record.py:383 No policy or teleoperator provided, skipping action generation.This is likely to happen when resetting the environment without a teleop device.The robot won't be at its rest position at the start of the next episode.
INFO 2026-05-11 15:08:21 t_record.py:383 No policy or teleoperator provided, skipping action generation.This is likely to happen when resetting the environment without a teleop device.The robot won't be at its rest position at the start of the next episode.
INFO 2026-05-11 15:08:21 t_record.py:383 No policy or teleoperator provided, skipping action generation.This is likely to happen when resetting the environment without a teleop device.The robot won't be at its rest position at the start of the next episode.
INFO 2026-05-11 15:08:21 t_record.py:383 No policy or teleoperator provided, skipping action generation.This is likely to happen when resetting the environment without a teleop device.The robot won't be at its rest position at the start of the next episode.
INFO 2026-05-11 15:08:21 t_record.py:383 No policy or teleoperator provided, skipping action generation.This is likely to happen when resetting the environment without a teleop device.The robot won't be at its rest position at the start of the next episode.
INFO 2026-05-11 15:08:21 t_record.py:383 No policy or teleoperator provided, skipping action generation.This is likely to happen when resetting the environment without a teleop device.The robot won't be at its rest position at the start of the next episode.
INFO 2026-05-11 15:08:21 t_record.py:383 No policy or teleoperator provided, skipping action generation.This is likely to happen when resetting the environment without a teleop device.The robot won't be at its rest position at the start of the next episode.
INFO 2026-05-11 15:08:21 t_record.py:383 No policy or teleoperator provided, skipping action generation.This is likely to happen when resetting the environment without a teleop device.The robot won't be at its rest position at the start of the next episode.
INFO 2026-05-11 15:08:21 t_record.py:383 No policy or teleoperator provided, skipping action generation.This is likely to happen when resetting the environment without a teleop device.The robot won't be at its rest position at the start of the next episode.
INFO 2026-05-11 15:08:21 t_record.py:383 No policy or teleoperator provided, skipping action generation.This is likely to happen when resetting the environment without a teleop device.The robot won't be at its rest position at the start of the next episode.
INFO 2026-05-11 15:08:21 t_record.py:383 No policy or teleoperator provided, skipping action generation.This is likely to happen when resetting the environment without a teleop device.The robot won't be at its rest position at the start of the next episode.
INFO 2026-05-11 15:08:21 t_record.py:383 No policy or teleoperator provided, skipping action generation.This is likely to happen when resetting the environment without a teleop device.The robot won't be at its rest position at the start of the next episode.
INFO 2026-05-11 15:08:21 t_record.py:383 No policy or teleoperator provided, skipping action generation.This is likely to happen when resetting the environment without a teleop device.The robot won't be at its rest position at the start of the next episode.
INFO 2026-05-11 15:08:21 t_record.py:383 No policy or teleoperator provided, skipping action generation.This is likely to happen when resetting the environment without a teleop device.The robot won't be at its rest position at the start of the next episode.
INFO 2026-05-11 15:08:21 t_record.py:383 No policy or teleoperator provided, skipping action generation.This is likely to happen when resetting the environment without a teleop device.The robot won't be at its rest position at the start of the next episode.
INFO 2026-05-11 15:08:21 t_record.py:383 No policy or teleoperator provided, skipping action generation.This is likely to happen when resetting the environment without a teleop device.The robot won't be at its rest position at the start of the next episode.
INFO 2026-05-11 15:08:21 t_record.py:383 No policy or teleoperator provided, skipping action generation.This is likely to happen when resetting the environment without a teleop device.The robot won't be at its rest position at the start of the next episode.
INFO 2026-05-11 15:08:21 t_record.py:383 No policy or teleoperator provided, skipping action generation.This is likely to happen when resetting the environment without a teleop device.The robot won't be at its rest position at the start of the next episode.
INFO 2026-05-11 15:08:21 t_record.py:383 No policy or teleoperator provided, skipping action generation.This is likely to happen when resetting the environment without a teleop device.The robot won't be at its rest position at the start of the next episode.
INFO 2026-05-11 15:08:21 t_record.py:383 No policy or teleoperator provided, skipping action generation.This is likely to happen when resetting the environment without a teleop device.The robot won't be at its rest position at the start of the next episode.
INFO 2026-05-11 15:08:21 t_record.py:383 No policy or teleoperator provided, skipping action generation.This is likely to happen when resetting the environment without a teleop device.The robot won't be at its rest position at the start of the next episode.
INFO 2026-05-11 15:08:21 t_record.py:383 No policy or teleoperator provided, skipping action generation.This is likely to happen when resetting the environment without a teleop device.The robot won't be at its rest position at the start of the next episode.
INFO 2026-05-11 15:08:21 t_record.py:383 No policy or teleoperator provided, skipping action generation.This is likely to happen when resetting the environment without a teleop device.The robot won't be at its rest position at the start of the next episode.
INFO 2026-05-11 15:08:21 t_record.py:383 No policy or teleoperator provided, skipping action generation.This is likely to happen when resetting the environment without a teleop device.The robot won't be at its rest position at the start of the next episode.
INFO 2026-05-11 15:08:21 t_record.py:383 No policy or teleoperator provided, skipping action generation.This is likely to happen when resetting the environment without a teleop device.The robot won't be at its rest position at the start of the next episode.
INFO 2026-05-11 15:08:21 t_record.py:383 No policy or teleoperator provided, skipping action generation.This is likely to happen when resetting the environment without a teleop device.The robot won't be at its rest position at the start of the next episode.
INFO 2026-05-11 15:08:21 t_record.py:383 No policy or teleoperator provided, skipping action generation.This is likely to happen when resetting the environment without a teleop device.The robot won't be at its rest position at the start of the next episode.
INFO 2026-05-11 15:08:21 t_record.py:383 No policy or teleoperator provided, skipping action generation.This is likely to happen when resetting the environment without a teleop device.The robot won't be at its rest position at the start of the next episode.
INFO 2026-05-11 15:08:21 t_record.py:383 No policy or teleoperator provided, skipping action generation.This is likely to happen when resetting the environment without a teleop device.The robot won't be at its rest position at the start of the next episode.
INFO 2026-05-11 15:08:21 t_record.py:383 No policy or teleoperator provided, skipping action generation.This is likely to happen when resetting the environment without a teleop device.The robot won't be at its rest position at the start of the next episode.
INFO 2026-05-11 15:08:21 t_record.py:383 No policy or teleoperator provided, skipping action generation.This is likely to happen when resetting the environment without a teleop device.The robot won't be at its rest position at the start of the next episode.
INFO 2026-05-11 15:08:21 t_record.py:383 No policy or teleoperator provided, skipping action generation.This is likely to happen when resetting the environment without a teleop device.The robot won't be at its rest position at the start of the next episode.
INFO 2026-05-11 15:08:21 t_record.py:383 No policy or teleoperator provided, skipping action generation.This is likely to happen when resetting the environment without a teleop device.The robot won't be at its rest position at the start of the next episode.
INFO 2026-05-11 15:08:21 t_record.py:383 No policy or teleoperator provided, skipping action generation.This is likely to happen when resetting the environment without a teleop device.The robot won't be at its rest position at the start of the next episode.
INFO 2026-05-11 15:08:21 t_record.py:383 No policy or teleoperator provided, skipping action generation.This is likely to happen when resetting the environment without a teleop device.The robot won't be at its rest position at the start of the next episode.
INFO 2026-05-11 15:08:21 t_record.py:383 No policy or teleoperator provided, skipping action generation.This is likely to happen when resetting the environment without a teleop device.The robot won't be at its rest position at the start of the next episode.
INFO 2026-05-11 15:08:21 t_record.py:383 No policy or teleoperator provided, skipping action generation.This is likely to happen when resetting the environment without a teleop device.The robot won't be at its rest position at the start of the next episode.
INFO 2026-05-11 15:08:21 t_record.py:383 No policy or teleoperator provided, skipping action generation.This is likely to happen when resetting the environment without a teleop device.The robot won't be at its rest position at the start of the next episode.
INFO 2026-05-11 15:08:21 t_record.py:383 No policy or teleoperator provided, skipping action generation.This is likely to happen when resetting the environment without a teleop device.The robot won't be at its rest position at the start of the next episode.
INFO 2026-05-11 15:08:21 t_record.py:383 No policy or teleoperator provided, skipping action generation.This is likely to happen when resetting the environment without a teleop device.The robot won't be at its rest position at the start of the next episode.
INFO 2026-05-11 15:08:21 t_record.py:383 No policy or teleoperator provided, skipping action generation.This is likely to happen when resetting the environment without a teleop device.The robot won't be at its rest position at the start of the next episode.
INFO 2026-05-11 15:08:21 t_record.py:383 No policy or teleoperator provided, skipping action generation.This is likely to happen when resetting the environment without a teleop device.The robot won't be at its rest position at the start of the next episode.
INFO 2026-05-11 15:08:21 t_record.py:383 No policy or teleoperator provided, skipping action generation.This is likely to happen when resetting the environment without a teleop device.The robot won't be at its rest position at the start of the next episode.
INFO 2026-05-11 15:08:21 t_record.py:383 No policy or teleoperator provided, skipping action generation.This is likely to happen when resetting the environment without a teleop device.The robot won't be at its rest position at the start of the next episode.
INFO 2026-05-11 15:08:21 t_record.py:383 No policy or teleoperator provided, skipping action generation.This is likely to happen when resetting the environment without a teleop device.The robot won't be at its rest position at the start of the next episode.
INFO 2026-05-11 15:08:21 t_record.py:383 No policy or teleoperator provided, skipping action generation.This is likely to happen when resetting the environment without a teleop device.The robot won't be at its rest position at the start of the next episode.
INFO 2026-05-11 15:08:21 t_record.py:383 No policy or teleoperator provided, skipping action generation.This is likely to happen when resetting the environment without a teleop device.The robot won't be at its rest position at the start of the next episode.
INFO 2026-05-11 15:08:21 t_record.py:383 No policy or teleoperator provided, skipping action generation.This is likely to happen when resetting the environment without a teleop device.The robot won't be at its rest position at the start of the next episode.
INFO 2026-05-11 15:08:21 t_record.py:383 No policy or teleoperator provided, skipping action generation.This is likely to happen when resetting the environment without a teleop device.The robot won't be at its rest position at the start of the next episode.
INFO 2026-05-11 15:08:21 t_record.py:383 No policy or teleoperator provided, skipping action generation.This is likely to happen when resetting the environment without a teleop device.The robot won't be at its rest position at the start of the next episode.
INFO 2026-05-11 15:08:21 t_record.py:383 No policy or teleoperator provided, skipping action generation.This is likely to happen when resetting the environment without a teleop device.The robot won't be at its rest position at the start of the next episode.
INFO 2026-05-11 15:08:21 t_record.py:383 No policy or teleoperator provided, skipping action generation.This is likely to happen when resetting the environment without a teleop device.The robot won't be at its rest position at the start of the next episode.
INFO 2026-05-11 15:08:21 t_record.py:383 No policy or teleoperator provided, skipping action generation.This is likely to happen when resetting the environment without a teleop device.The robot won't be at its rest position at the start of the next episode.
INFO 2026-05-11 15:08:21 t_record.py:383 No policy or teleoperator provided, skipping action generation.This is likely to happen when resetting the environment without a teleop device.The robot won't be at its rest position at the start of the next episode.
INFO 2026-05-11 15:08:21 t_record.py:383 No policy or teleoperator provided, skipping action generation.This is likely to happen when resetting the environment without a teleop device.The robot won't be at its rest position at the start of the next episode.
INFO 2026-05-11 15:08:21 t_record.py:383 No policy or teleoperator provided, skipping action generation.This is likely to happen when resetting the environment without a teleop device.The robot won't be at its rest position at the start of the next episode.
INFO 2026-05-11 15:08:21 t_record.py:383 No policy or teleoperator provided, skipping action generation.This is likely to happen when resetting the environment without a teleop device.The robot won't be at its rest position at the start of the next episode.
INFO 2026-05-11 15:08:21 t_record.py:383 No policy or teleoperator provided, skipping action generation.This is likely to happen when resetting the environment without a teleop device.The robot won't be at its rest position at the start of the next episode.
INFO 2026-05-11 15:08:21 t_record.py:383 No policy or teleoperator provided, skipping action generation.This is likely to happen when resetting the environment without a teleop device.The robot won't be at its rest position at the start of the next episode.
INFO 2026-05-11 15:08:21 t_record.py:383 No policy or teleoperator provided, skipping action generation.This is likely to happen when resetting the environment without a teleop device.The robot won't be at its rest position at the start of the next episode.
INFO 2026-05-11 15:08:21 t_record.py:383 No policy or teleoperator provided, skipping action generation.This is likely to happen when resetting the environment without a teleop device.The robot won't be at its rest position at the start of the next episode.
INFO 2026-05-11 15:08:21 t_record.py:383 No policy or teleoperator provided, skipping action generation.This is likely to happen when resetting the environment without a teleop device.The robot won't be at its rest position at the start of the next episode.
INFO 2026-05-11 15:08:21 t_record.py:383 No policy or teleoperator provided, skipping action generation.This is likely to happen when resetting the environment without a teleop device.The robot won't be at its rest position at the start of the next episode.
INFO 2026-05-11 15:08:21 t_record.py:383 No policy or teleoperator provided, skipping action generation.This is likely to happen when resetting the environment without a teleop device.The robot won't be at its rest position at the start of the next episode.
INFO 2026-05-11 15:08:21 t_record.py:383 No policy or teleoperator provided, skipping action generation.This is likely to happen when resetting the environment without a teleop device.The robot won't be at its rest position at the start of the next episode.
INFO 2026-05-11 15:08:21 t_record.py:383 No policy or teleoperator provided, skipping action generation.This is likely to happen when resetting the environment without a teleop device.The robot won't be at its rest position at the start of the next episode.
INFO 2026-05-11 15:08:21 t_record.py:383 No policy or teleoperator provided, skipping action generation.This is likely to happen when resetting the environment without a teleop device.The robot won't be at its rest position at the start of the next episode.
INFO 2026-05-11 15:08:21 t_record.py:383 No policy or teleoperator provided, skipping action generation.This is likely to happen when resetting the environment without a teleop device.The robot won't be at its rest position at the start of the next episode.
INFO 2026-05-11 15:08:21 t_record.py:383 No policy or teleoperator provided, skipping action generation.This is likely to happen when resetting the environment without a teleop device.The robot won't be at its rest position at the start of the next episode.
INFO 2026-05-11 15:08:21 t_record.py:383 No policy or teleoperator provided, skipping action generation.This is likely to happen when resetting the environment without a teleop device.The robot won't be at its rest position at the start of the next episode.
INFO 2026-05-11 15:08:21 t_record.py:383 No policy or teleoperator provided, skipping action generation.This is likely to happen when resetting the environment without a teleop device.The robot won't be at its rest position at the start of the next episode.
INFO 2026-05-11 15:08:21 t_record.py:383 No policy or teleoperator provided, skipping action generation.This is likely to happen when resetting the environment without a teleop device.The robot won't be at its rest position at the start of the next episode.
INFO 2026-05-11 15:08:21 t_record.py:383 No policy or teleoperator provided, skipping action generation.This is likely to happen when resetting the environment without a teleop device.The robot won't be at its rest position at the start of the next episode.
INFO 2026-05-11 15:08:21 t_record.py:383 No policy or teleoperator provided, skipping action generation.This is likely to happen when resetting the environment without a teleop device.The robot won't be at its rest position at the start of the next episode.
INFO 2026-05-11 15:08:21 t_record.py:383 No policy or teleoperator provided, skipping action generation.This is likely to happen when resetting the environment without a teleop device.The robot won't be at its rest position at the start of the next episode.
INFO 2026-05-11 15:08:21 t_record.py:383 No policy or teleoperator provided, skipping action generation.This is likely to happen when resetting the environment without a teleop device.The robot won't be at its rest position at the start of the next episode.
INFO 2026-05-11 15:08:21 t_record.py:383 No policy or teleoperator provided, skipping action generation.This is likely to happen when resetting the environment without a teleop device.The robot won't be at its rest position at the start of the next episode.
INFO 2026-05-11 15:08:21 t_record.py:383 No policy or teleoperator provided, skipping action generation.This is likely to happen when resetting the environment without a teleop device.The robot won't be at its rest position at the start of the next episode.
INFO 2026-05-11 15:08:21 t_record.py:383 No policy or teleoperator provided, skipping action generation.This is likely to happen when resetting the environment without a teleop device.The robot won't be at its rest position at the start of the next episode.
INFO 2026-05-11 15:08:21 t_record.py:383 No policy or teleoperator provided, skipping action generation.This is likely to happen when resetting the environment without a teleop device.The robot won't be at its rest position at the start of the next episode.
INFO 2026-05-11 15:08:21 t_record.py:383 No policy or teleoperator provided, skipping action generation.This is likely to happen when resetting the environment without a teleop device.The robot won't be at its rest position at the start of the next episode.
INFO 2026-05-11 15:08:21 t_record.py:383 No policy or teleoperator provided, skipping action generation.This is likely to happen when resetting the environment without a teleop device.The robot won't be at its rest position at the start of the next episode.
INFO 2026-05-11 15:08:21 t_record.py:383 No policy or teleoperator provided, skipping action generation.This is likely to happen when resetting the environment without a teleop device.The robot won't be at its rest position at the start of the next episode.
INFO 2026-05-11 15:08:21 t_record.py:383 No policy or teleoperator provided, skipping action generation.This is likely to happen when resetting the environment without a teleop device.The robot won't be at its rest position at the start of the next episode.
INFO 2026-05-11 15:08:21 t_record.py:383 No policy or teleoperator provided, skipping action generation.This is likely to happen when resetting the environment without a teleop device.The robot won't be at its rest position at the start of the next episode.
INFO 2026-05-11 15:08:21 t_record.py:383 No policy or teleoperator provided, skipping action generation.This is likely to happen when resetting the environment without a teleop device.The robot won't be at its rest position at the start of the next episode.
INFO 2026-05-11 15:08:21 t_record.py:383 No policy or teleoperator provided, skipping action generation.This is likely to happen when resetting the environment without a teleop device.The robot won't be at its rest position at the start of the next episode.
INFO 2026-05-11 15:08:21 t_record.py:383 No policy or teleoperator provided, skipping action generation.This is likely to happen when resetting the environment without a teleop device.The robot won't be at its rest position at the start of the next episode.
INFO 2026-05-11 15:08:21 t_record.py:383 No policy or teleoperator provided, skipping action generation.This is likely to happen when resetting the environment without a teleop device.The robot won't be at its rest position at the start of the next episode.
INFO 2026-05-11 15:08:21 t_record.py:383 No policy or teleoperator provided, skipping action generation.This is likely to happen when resetting the environment without a teleop device.The robot won't be at its rest position at the start of the next episode.
INFO 2026-05-11 15:08:21 t_record.py:383 No policy or teleoperator provided, skipping action generation.This is likely to happen when resetting the environment without a teleop device.The robot won't be at its rest position at the start of the next episode.
INFO 2026-05-11 15:08:21 t_record.py:383 No policy or teleoperator provided, skipping action generation.This is likely to happen when resetting the environment without a teleop device.The robot won't be at its rest position at the start of the next episode.
INFO 2026-05-11 15:08:21 t_record.py:383 No policy or teleoperator provided, skipping action generation.This is likely to happen when resetting the environment without a teleop device.The robot won't be at its rest position at the start of the next episode.
INFO 2026-05-11 15:08:21 t_record.py:383 No policy or teleoperator provided, skipping action generation.This is likely to happen when resetting the environment without a teleop device.The robot won't be at its rest position at the start of the next episode.
INFO 2026-05-11 15:08:21 t_record.py:383 No policy or teleoperator provided, skipping action generation.This is likely to happen when resetting the environment without a teleop device.The robot won't be at its rest position at the start of the next episode.
INFO 2026-05-11 15:08:21 t_record.py:383 No policy or teleoperator provided, skipping action generation.This is likely to happen when resetting the environment without a teleop device.The robot won't be at its rest position at the start of the next episode.
INFO 2026-05-11 15:08:21 t_record.py:383 No policy or teleoperator provided, skipping action generation.This is likely to happen when resetting the environment without a teleop device.The robot won't be at its rest position at the start of the next episode.
INFO 2026-05-11 15:08:21 t_record.py:383 No policy or teleoperator provided, skipping action generation.This is likely to happen when resetting the environment without a teleop device.The robot won't be at its rest position at the start of the next episode.
INFO 2026-05-11 15:08:21 t_record.py:383 No policy or teleoperator provided, skipping action generation.This is likely to happen when resetting the environment without a teleop device.The robot won't be at its rest position at the start of the next episode.
INFO 2026-05-11 15:08:21 t_record.py:383 No policy or teleoperator provided, skipping action generation.This is likely to happen when resetting the environment without a teleop device.The robot won't be at its rest position at the start of the next episode.
INFO 2026-05-11 15:08:21 t_record.py:383 No policy or teleoperator provided, skipping action generation.This is likely to happen when resetting the environment without a teleop device.The robot won't be at its rest position at the start of the next episode.
INFO 2026-05-11 15:08:21 t_record.py:383 No policy or teleoperator provided, skipping action generation.This is likely to happen when resetting the environment without a teleop device.The robot won't be at its rest position at the start of the next episode.
INFO 2026-05-11 15:08:21 t_record.py:383 No policy or teleoperator provided, skipping action generation.This is likely to happen when resetting the environment without a teleop device.The robot won't be at its rest position at the start of the next episode.
INFO 2026-05-11 15:08:21 t_record.py:383 No policy or teleoperator provided, skipping action generation.This is likely to happen when resetting the environment without a teleop device.The robot won't be at its rest position at the start of the next episode.
INFO 2026-05-11 15:08:21 t_record.py:383 No policy or teleoperator provided, skipping action generation.This is likely to happen when resetting the environment without a teleop device.The robot won't be at its rest position at the start of the next episode.
INFO 2026-05-11 15:08:21 t_record.py:383 No policy or teleoperator provided, skipping action generation.This is likely to happen when resetting the environment without a teleop device.The robot won't be at its rest position at the start of the next episode.
INFO 2026-05-11 15:08:21 t_record.py:383 No policy or teleoperator provided, skipping action generation.This is likely to happen when resetting the environment without a teleop device.The robot won't be at its rest position at the start of the next episode.
INFO 2026-05-11 15:08:21 t_record.py:383 No policy or teleoperator provided, skipping action generation.This is likely to happen when resetting the environment without a teleop device.The robot won't be at its rest position at the start of the next episode.
INFO 2026-05-11 15:08:21 t_record.py:383 No policy or teleoperator provided, skipping action generation.This is likely to happen when resetting the environment without a teleop device.The robot won't be at its rest position at the start of the next episode.
INFO 2026-05-11 15:08:21 t_record.py:383 No policy or teleoperator provided, skipping action generation.This is likely to happen when resetting the environment without a teleop device.The robot won't be at its rest position at the start of the next episode.
INFO 2026-05-11 15:08:21 t_record.py:383 No policy or teleoperator provided, skipping action generation.This is likely to happen when resetting the environment without a teleop device.The robot won't be at its rest position at the start of the next episode.
INFO 2026-05-11 15:08:21 t_record.py:383 No policy or teleoperator provided, skipping action generation.This is likely to happen when resetting the environment without a teleop device.The robot won't be at its rest position at the start of the next episode.
INFO 2026-05-11 15:08:21 t_record.py:383 No policy or teleoperator provided, skipping action generation.This is likely to happen when resetting the environment without a teleop device.The robot won't be at its rest position at the start of the next episode.
INFO 2026-05-11 15:08:21 t_record.py:383 No policy or teleoperator provided, skipping action generation.This is likely to happen when resetting the environment without a teleop device.The robot won't be at its rest position at the start of the next episode.
INFO 2026-05-11 15:08:21 t_record.py:383 No policy or teleoperator provided, skipping action generation.This is likely to happen when resetting the environment without a teleop device.The robot won't be at its rest position at the start of the next episode.
INFO 2026-05-11 15:08:21 t_record.py:383 No policy or teleoperator provided, skipping action generation.This is likely to happen when resetting the environment without a teleop device.The robot won't be at its rest position at the start of the next episode.
INFO 2026-05-11 15:08:21 t_record.py:383 No policy or teleoperator provided, skipping action generation.This is likely to happen when resetting the environment without a teleop device.The robot won't be at its rest position at the start of the next episode.
INFO 2026-05-11 15:08:21 t_record.py:383 No policy or teleoperator provided, skipping action generation.This is likely to happen when resetting the environment without a teleop device.The robot won't be at its rest position at the start of the next episode.
INFO 2026-05-11 15:08:21 t_record.py:383 No policy or teleoperator provided, skipping action generation.This is likely to happen when resetting the environment without a teleop device.The robot won't be at its rest position at the start of the next episode.
INFO 2026-05-11 15:08:21 t_record.py:383 No policy or teleoperator provided, skipping action generation.This is likely to happen when resetting the environment without a teleop device.The robot won't be at its rest position at the start of the next episode.
INFO 2026-05-11 15:08:21 t_record.py:383 No policy or teleoperator provided, skipping action generation.This is likely to happen when resetting the environment without a teleop device.The robot won't be at its rest position at the start of the next episode.
INFO 2026-05-11 15:08:21 t_record.py:383 No policy or teleoperator provided, skipping action generation.This is likely to happen when resetting the environment without a teleop device.The robot won't be at its rest position at the start of the next episode.
INFO 2026-05-11 15:08:21 t_record.py:383 No policy or teleoperator provided, skipping action generation.This is likely to happen when resetting the environment without a teleop device.The robot won't be at its rest position at the start of the next episode.
INFO 2026-05-11 15:08:21 t_record.py:383 No policy or teleoperator provided, skipping action generation.This is likely to happen when resetting the environment without a teleop device.The robot won't be at its rest position at the start of the next episode.
INFO 2026-05-11 15:08:21 t_record.py:383 No policy or teleoperator provided, skipping action generation.This is likely to happen when resetting the environment without a teleop device.The robot won't be at its rest position at the start of the next episode.
INFO 2026-05-11 15:08:21 t_record.py:383 No policy or teleoperator provided, skipping action generation.This is likely to happen when resetting the environment without a teleop device.The robot won't be at its rest position at the start of the next episode.
INFO 2026-05-11 15:08:21 t_record.py:383 No policy or teleoperator provided, skipping action generation.This is likely to happen when resetting the environment without a teleop device.The robot won't be at its rest position at the start of the next episode.
INFO 2026-05-11 15:08:21 t_record.py:383 No policy or teleoperator provided, skipping action generation.This is likely to happen when resetting the environment without a teleop device.The robot won't be at its rest position at the start of the next episode.
INFO 2026-05-11 15:08:21 t_record.py:383 No policy or teleoperator provided, skipping action generation.This is likely to happen when resetting the environment without a teleop device.The robot won't be at its rest position at the start of the next episode.
INFO 2026-05-11 15:08:21 t_record.py:383 No policy or teleoperator provided, skipping action generation.This is likely to happen when resetting the environment without a teleop device.The robot won't be at its rest position at the start of the next episode.
INFO 2026-05-11 15:08:21 t_record.py:383 No policy or teleoperator provided, skipping action generation.This is likely to happen when resetting the environment without a teleop device.The robot won't be at its rest position at the start of the next episode.
INFO 2026-05-11 15:08:21 t_record.py:383 No policy or teleoperator provided, skipping action generation.This is likely to happen when resetting the environment without a teleop device.The robot won't be at its rest position at the start of the next episode.
INFO 2026-05-11 15:08:21 t_record.py:383 No policy or teleoperator provided, skipping action generation.This is likely to happen when resetting the environment without a teleop device.The robot won't be at its rest position at the start of the next episode.
INFO 2026-05-11 15:08:21 t_record.py:383 No policy or teleoperator provided, skipping action generation.This is likely to happen when resetting the environment without a teleop device.The robot won't be at its rest position at the start of the next episode.
INFO 2026-05-11 15:08:21 t_record.py:383 No policy or teleoperator provided, skipping action generation.This is likely to happen when resetting the environment without a teleop device.The robot won't be at its rest position at the start of the next episode.
INFO 2026-05-11 15:08:21 t_record.py:383 No policy or teleoperator provided, skipping action generation.This is likely to happen when resetting the environment without a teleop device.The robot won't be at its rest position at the start of the next episode.
INFO 2026-05-11 15:08:21 t_record.py:383 No policy or teleoperator provided, skipping action generation.This is likely to happen when resetting the environment without a teleop device.The robot won't be at its rest position at the start of the next episode.
INFO 2026-05-11 15:08:21 t_record.py:383 No policy or teleoperator provided, skipping action generation.This is likely to happen when resetting the environment without a teleop device.The robot won't be at its rest position at the start of the next episode.
INFO 2026-05-11 15:08:21 t_record.py:383 No policy or teleoperator provided, skipping action generation.This is likely to happen when resetting the environment without a teleop device.The robot won't be at its rest position at the start of the next episode.
INFO 2026-05-11 15:08:21 t_record.py:383 No policy or teleoperator provided, skipping action generation.This is likely to happen when resetting the environment without a teleop device.The robot won't be at its rest position at the start of the next episode.
INFO 2026-05-11 15:08:21 t_record.py:383 No policy or teleoperator provided, skipping action generation.This is likely to happen when resetting the environment without a teleop device.The robot won't be at its rest position at the start of the next episode.
INFO 2026-05-11 15:08:21 t_record.py:383 No policy or teleoperator provided, skipping action generation.This is likely to happen when resetting the environment without a teleop device.The robot won't be at its rest position at the start of the next episode.
INFO 2026-05-11 15:08:21 t_record.py:383 No policy or teleoperator provided, skipping action generation.This is likely to happen when resetting the environment without a teleop device.The robot won't be at its rest position at the start of the next episode.
INFO 2026-05-11 15:08:21 t_record.py:383 No policy or teleoperator provided, skipping action generation.This is likely to happen when resetting the environment without a teleop device.The robot won't be at its rest position at the start of the next episode.
INFO 2026-05-11 15:08:21 t_record.py:383 No policy or teleoperator provided, skipping action generation.This is likely to happen when resetting the environment without a teleop device.The robot won't be at its rest position at the start of the next episode.
INFO 2026-05-11 15:08:21 t_record.py:383 No policy or teleoperator provided, skipping action generation.This is likely to happen when resetting the environment without a teleop device.The robot won't be at its rest position at the start of the next episode.
INFO 2026-05-11 15:08:21 t_record.py:383 No policy or teleoperator provided, skipping action generation.This is likely to happen when resetting the environment without a teleop device.The robot won't be at its rest position at the start of the next episode.
INFO 2026-05-11 15:08:21 t_record.py:383 No policy or teleoperator provided, skipping action generation.This is likely to happen when resetting the environment without a teleop device.The robot won't be at its rest position at the start of the next episode.
INFO 2026-05-11 15:08:21 t_record.py:383 No policy or teleoperator provided, skipping action generation.This is likely to happen when resetting the environment without a teleop device.The robot won't be at its rest position at the start of the next episode.
INFO 2026-05-11 15:08:21 t_record.py:383 No policy or teleoperator provided, skipping action generation.This is likely to happen when resetting the environment without a teleop device.The robot won't be at its rest position at the start of the next episode.
INFO 2026-05-11 15:08:21 t_record.py:383 No policy or teleoperator provided, skipping action generation.This is likely to happen when resetting the environment without a teleop device.The robot won't be at its rest position at the start of the next episode.
INFO 2026-05-11 15:08:21 t_record.py:383 No policy or teleoperator provided, skipping action generation.This is likely to happen when resetting the environment without a teleop device.The robot won't be at its rest position at the start of the next episode.
INFO 2026-05-11 15:08:21 t_record.py:383 No policy or teleoperator provided, skipping action generation.This is likely to happen when resetting the environment without a teleop device.The robot won't be at its rest position at the start of the next episode.
INFO 2026-05-11 15:08:21 t_record.py:383 No policy or teleoperator provided, skipping action generation.This is likely to happen when resetting the environment without a teleop device.The robot won't be at its rest position at the start of the next episode.
INFO 2026-05-11 15:08:21 t_record.py:383 No policy or teleoperator provided, skipping action generation.This is likely to happen when resetting the environment without a teleop device.The robot won't be at its rest position at the start of the next episode.
INFO 2026-05-11 15:08:21 t_record.py:383 No policy or teleoperator provided, skipping action generation.This is likely to happen when resetting the environment without a teleop device.The robot won't be at its rest position at the start of the next episode.
INFO 2026-05-11 15:08:21 t_record.py:383 No policy or teleoperator provided, skipping action generation.This is likely to happen when resetting the environment without a teleop device.The robot won't be at its rest position at the start of the next episode.
INFO 2026-05-11 15:08:21 t_record.py:383 No policy or teleoperator provided, skipping action generation.This is likely to happen when resetting the environment without a teleop device.The robot won't be at its rest position at the start of the next episode.
INFO 2026-05-11 15:08:21 t_record.py:383 No policy or teleoperator provided, skipping action generation.This is likely to happen when resetting the environment without a teleop device.The robot won't be at its rest position at the start of the next episode.
INFO 2026-05-11 15:08:21 t_record.py:383 No policy or teleoperator provided, skipping action generation.This is likely to happen when resetting the environment without a teleop device.The robot won't be at its rest position at the start of the next episode.
INFO 2026-05-11 15:08:21 t_record.py:383 No policy or teleoperator provided, skipping action generation.This is likely to happen when resetting the environment without a teleop device.The robot won't be at its rest position at the start of the next episode.
INFO 2026-05-11 15:08:21 t_record.py:383 No policy or teleoperator provided, skipping action generation.This is likely to happen when resetting the environment without a teleop device.The robot won't be at its rest position at the start of the next episode.
INFO 2026-05-11 15:08:21 t_record.py:383 No policy or teleoperator provided, skipping action generation.This is likely to happen when resetting the environment without a teleop device.The robot won't be at its rest position at the start of the next episode.
INFO 2026-05-11 15:08:21 t_record.py:383 No policy or teleoperator provided, skipping action generation.This is likely to happen when resetting the environment without a teleop device.The robot won't be at its rest position at the start of the next episode.
INFO 2026-05-11 15:08:21 t_record.py:383 No policy or teleoperator provided, skipping action generation.This is likely to happen when resetting the environment without a teleop device.The robot won't be at its rest position at the start of the next episode.
INFO 2026-05-11 15:08:21 t_record.py:383 No policy or teleoperator provided, skipping action generation.This is likely to happen when resetting the environment without a teleop device.The robot won't be at its rest position at the start of the next episode.
INFO 2026-05-11 15:08:21 t_record.py:383 No policy or teleoperator provided, skipping action generation.This is likely to happen when resetting the environment without a teleop device.The robot won't be at its rest position at the start of the next episode.
INFO 2026-05-11 15:08:21 t_record.py:383 No policy or teleoperator provided, skipping action generation.This is likely to happen when resetting the environment without a teleop device.The robot won't be at its rest position at the start of the next episode.
INFO 2026-05-11 15:08:21 t_record.py:383 No policy or teleoperator provided, skipping action generation.This is likely to happen when resetting the environment without a teleop device.The robot won't be at its rest position at the start of the next episode.
INFO 2026-05-11 15:08:21 t_record.py:383 No policy or teleoperator provided, skipping action generation.This is likely to happen when resetting the environment without a teleop device.The robot won't be at its rest position at the start of the next episode.
INFO 2026-05-11 15:08:21 t_record.py:383 No policy or teleoperator provided, skipping action generation.This is likely to happen when resetting the environment without a teleop device.The robot won't be at its rest position at the start of the next episode.
INFO 2026-05-11 15:08:21 t_record.py:383 No policy or teleoperator provided, skipping action generation.This is likely to happen when resetting the environment without a teleop device.The robot won't be at its rest position at the start of the next episode.
INFO 2026-05-11 15:08:21 t_record.py:383 No policy or teleoperator provided, skipping action generation.This is likely to happen when resetting the environment without a teleop device.The robot won't be at its rest position at the start of the next episode.
INFO 2026-05-11 15:08:21 t_record.py:383 No policy or teleoperator provided, skipping action generation.This is likely to happen when resetting the environment without a teleop device.The robot won't be at its rest position at the start of the next episode.
INFO 2026-05-11 15:08:21 t_record.py:383 No policy or teleoperator provided, skipping action generation.This is likely to happen when resetting the environment without a teleop device.The robot won't be at its rest position at the start of the next episode.
INFO 2026-05-11 15:08:21 t_record.py:383 No policy or teleoperator provided, skipping action generation.This is likely to happen when resetting the environment without a teleop device.The robot won't be at its rest position at the start of the next episode.
INFO 2026-05-11 15:08:21 t_record.py:383 No policy or teleoperator provided, skipping action generation.This is likely to happen when resetting the environment without a teleop device.The robot won't be at its rest position at the start of the next episode.
INFO 2026-05-11 15:08:21 t_record.py:383 No policy or teleoperator provided, skipping action generation.This is likely to happen when resetting the environment without a teleop device.The robot won't be at its rest position at the start of the next episode.
INFO 2026-05-11 15:08:21 t_record.py:383 No policy or teleoperator provided, skipping action generation.This is likely to happen when resetting the environment without a teleop device.The robot won't be at its rest position at the start of the next episode.
INFO 2026-05-11 15:08:21 t_record.py:383 No policy or teleoperator provided, skipping action generation.This is likely to happen when resetting the environment without a teleop device.The robot won't be at its rest position at the start of the next episode.
INFO 2026-05-11 15:08:21 t_record.py:383 No policy or teleoperator provided, skipping action generation.This is likely to happen when resetting the environment without a teleop device.The robot won't be at its rest position at the start of the next episode.
INFO 2026-05-11 15:08:21 t_record.py:383 No policy or teleoperator provided, skipping action generation.This is likely to happen when resetting the environment without a teleop device.The robot won't be at its rest position at the start of the next episode.
INFO 2026-05-11 15:08:21 t_record.py:383 No policy or teleoperator provided, skipping action generation.This is likely to happen when resetting the environment without a teleop device.The robot won't be at its rest position at the start of the next episode.
INFO 2026-05-11 15:08:21 t_record.py:383 No policy or teleoperator provided, skipping action generation.This is likely to happen when resetting the environment without a teleop device.The robot won't be at its rest position at the start of the next episode.
INFO 2026-05-11 15:08:21 t_record.py:383 No policy or teleoperator provided, skipping action generation.This is likely to happen when resetting the environment without a teleop device.The robot won't be at its rest position at the start of the next episode.
INFO 2026-05-11 15:08:21 t_record.py:383 No policy or teleoperator provided, skipping action generation.This is likely to happen when resetting the environment without a teleop device.The robot won't be at its rest position at the start of the next episode.
INFO 2026-05-11 15:08:21 t_record.py:383 No policy or teleoperator provided, skipping action generation.This is likely to happen when resetting the environment without a teleop device.The robot won't be at its rest position at the start of the next episode.
INFO 2026-05-11 15:08:21 t_record.py:383 No policy or teleoperator provided, skipping action generation.This is likely to happen when resetting the environment without a teleop device.The robot won't be at its rest position at the start of the next episode.
INFO 2026-05-11 15:08:21 t_record.py:383 No policy or teleoperator provided, skipping action generation.This is likely to happen when resetting the environment without a teleop device.The robot won't be at its rest position at the start of the next episode.
INFO 2026-05-11 15:08:21 t_record.py:383 No policy or teleoperator provided, skipping action generation.This is likely to happen when resetting the environment without a teleop device.The robot won't be at its rest position at the start of the next episode.
INFO 2026-05-11 15:08:21 t_record.py:383 No policy or teleoperator provided, skipping action generation.This is likely to happen when resetting the environment without a teleop device.The robot won't be at its rest position at the start of the next episode.
INFO 2026-05-11 15:08:21 t_record.py:383 No policy or teleoperator provided, skipping action generation.This is likely to happen when resetting the environment without a teleop device.The robot won't be at its rest position at the start of the next episode.
INFO 2026-05-11 15:08:21 t_record.py:383 No policy or teleoperator provided, skipping action generation.This is likely to happen when resetting the environment without a teleop device.The robot won't be at its rest position at the start of the next episode.
INFO 2026-05-11 15:08:21 t_record.py:383 No policy or teleoperator provided, skipping action generation.This is likely to happen when resetting the environment without a teleop device.The robot won't be at its rest position at the start of the next episode.
INFO 2026-05-11 15:08:21 t_record.py:383 No policy or teleoperator provided, skipping action generation.This is likely to happen when resetting the environment without a teleop device.The robot won't be at its rest position at the start of the next episode.
INFO 2026-05-11 15:08:21 t_record.py:383 No policy or teleoperator provided, skipping action generation.This is likely to happen when resetting the environment without a teleop device.The robot won't be at its rest position at the start of the next episode.
INFO 2026-05-11 15:08:21 t_record.py:383 No policy or teleoperator provided, skipping action generation.This is likely to happen when resetting the environment without a teleop device.The robot won't be at its rest position at the start of the next episode.
INFO 2026-05-11 15:08:21 t_record.py:383 No policy or teleoperator provided, skipping action generation.This is likely to happen when resetting the environment without a teleop device.The robot won't be at its rest position at the start of the next episode.
INFO 2026-05-11 15:08:21 t_record.py:383 No policy or teleoperator provided, skipping action generation.This is likely to happen when resetting the environment without a teleop device.The robot won't be at its rest position at the start of the next episode.
INFO 2026-05-11 15:08:21 t_record.py:383 No policy or teleoperator provided, skipping action generation.This is likely to happen when resetting the environment without a teleop device.The robot won't be at its rest position at the start of the next episode.
INFO 2026-05-11 15:08:21 t_record.py:383 No policy or teleoperator provided, skipping action generation.This is likely to happen when resetting the environment without a teleop device.The robot won't be at its rest position at the start of the next episode.
INFO 2026-05-11 15:08:21 t_record.py:383 No policy or teleoperator provided, skipping action generation.This is likely to happen when resetting the environment without a teleop device.The robot won't be at its rest position at the start of the next episode.
INFO 2026-05-11 15:08:21 t_record.py:383 No policy or teleoperator provided, skipping action generation.This is likely to happen when resetting the environment without a teleop device.The robot won't be at its rest position at the start of the next episode.
INFO 2026-05-11 15:08:21 t_record.py:383 No policy or teleoperator provided, skipping action generation.This is likely to happen when resetting the environment without a teleop device.The robot won't be at its rest position at the start of the next episode.
INFO 2026-05-11 15:08:21 t_record.py:383 No policy or teleoperator provided, skipping action generation.This is likely to happen when resetting the environment without a teleop device.The robot won't be at its rest position at the start of the next episode.
INFO 2026-05-11 15:08:21 t_record.py:383 No policy or teleoperator provided, skipping action generation.This is likely to happen when resetting the environment without a teleop device.The robot won't be at its rest position at the start of the next episode.
INFO 2026-05-11 15:08:21 t_record.py:383 No policy or teleoperator provided, skipping action generation.This is likely to happen when resetting the environment without a teleop device.The robot won't be at its rest position at the start of the next episode.
INFO 2026-05-11 15:08:21 t_record.py:383 No policy or teleoperator provided, skipping action generation.This is likely to happen when resetting the environment without a teleop device.The robot won't be at its rest position at the start of the next episode.
INFO 2026-05-11 15:08:21 t_record.py:383 No policy or teleoperator provided, skipping action generation.This is likely to happen when resetting the environment without a teleop device.The robot won't be at its rest position at the start of the next episode.
INFO 2026-05-11 15:08:21 t_record.py:383 No policy or teleoperator provided, skipping action generation.This is likely to happen when resetting the environment without a teleop device.The robot won't be at its rest position at the start of the next episode.
INFO 2026-05-11 15:08:21 t_record.py:383 No policy or teleoperator provided, skipping action generation.This is likely to happen when resetting the environment without a teleop device.The robot won't be at its rest position at the start of the next episode.
INFO 2026-05-11 15:08:21 t_record.py:383 No policy or teleoperator provided, skipping action generation.This is likely to happen when resetting the environment without a teleop device.The robot won't be at its rest position at the start of the next episode.
INFO 2026-05-11 15:08:21 t_record.py:383 No policy or teleoperator provided, skipping action generation.This is likely to happen when resetting the environment without a teleop device.The robot won't be at its rest position at the start of the next episode.
INFO 2026-05-11 15:08:21 t_record.py:383 No policy or teleoperator provided, skipping action generation.This is likely to happen when resetting the environment without a teleop device.The robot won't be at its rest position at the start of the next episode.
INFO 2026-05-11 15:08:21 t_record.py:383 No policy or teleoperator provided, skipping action generation.This is likely to happen when resetting the environment without a teleop device.The robot won't be at its rest position at the start of the next episode.
INFO 2026-05-11 15:08:21 t_record.py:383 No policy or teleoperator provided, skipping action generation.This is likely to happen when resetting the environment without a teleop device.The robot won't be at its rest position at the start of the next episode.
INFO 2026-05-11 15:08:21 t_record.py:383 No policy or teleoperator provided, skipping action generation.This is likely to happen when resetting the environment without a teleop device.The robot won't be at its rest position at the start of the next episode.
INFO 2026-05-11 15:08:21 t_record.py:383 No policy or teleoperator provided, skipping action generation.This is likely to happen when resetting the environment without a teleop device.The robot won't be at its rest position at the start of the next episode.
INFO 2026-05-11 15:08:21 t_record.py:383 No policy or teleoperator provided, skipping action generation.This is likely to happen when resetting the environment without a teleop device.The robot won't be at its rest position at the start of the next episode.
INFO 2026-05-11 15:08:21 t_record.py:383 No policy or teleoperator provided, skipping action generation.This is likely to happen when resetting the environment without a teleop device.The robot won't be at its rest position at the start of the next episode.
INFO 2026-05-11 15:08:21 t_record.py:383 No policy or teleoperator provided, skipping action generation.This is likely to happen when resetting the environment without a teleop device.The robot won't be at its rest position at the start of the next episode.
INFO 2026-05-11 15:08:21 t_record.py:383 No policy or teleoperator provided, skipping action generation.This is likely to happen when resetting the environment without a teleop device.The robot won't be at its rest position at the start of the next episode.
INFO 2026-05-11 15:08:21 t_record.py:383 No policy or teleoperator provided, skipping action generation.This is likely to happen when resetting the environment without a teleop device.The robot won't be at its rest position at the start of the next episode.
INFO 2026-05-11 15:08:21 t_record.py:383 No policy or teleoperator provided, skipping action generation.This is likely to happen when resetting the environment without a teleop device.The robot won't be at its rest position at the start of the next episode.
INFO 2026-05-11 15:08:21 t_record.py:383 No policy or teleoperator provided, skipping action generation.This is likely to happen when resetting the environment without a teleop device.The robot won't be at its rest position at the start of the next episode.
INFO 2026-05-11 15:08:21 t_record.py:383 No policy or teleoperator provided, skipping action generation.This is likely to happen when resetting the environment without a teleop device.The robot won't be at its rest position at the start of the next episode.
INFO 2026-05-11 15:08:21 t_record.py:383 No policy or teleoperator provided, skipping action generation.This is likely to happen when resetting the environment without a teleop device.The robot won't be at its rest position at the start of the next episode.
INFO 2026-05-11 15:08:21 t_record.py:383 No policy or teleoperator provided, skipping action generation.This is likely to happen when resetting the environment without a teleop device.The robot won't be at its rest position at the start of the next episode.
INFO 2026-05-11 15:08:21 t_record.py:383 No policy or teleoperator provided, skipping action generation.This is likely to happen when resetting the environment without a teleop device.The robot won't be at its rest position at the start of the next episode.
INFO 2026-05-11 15:08:21 t_record.py:383 No policy or teleoperator provided, skipping action generation.This is likely to happen when resetting the environment without a teleop device.The robot won't be at its rest position at the start of the next episode.
INFO 2026-05-11 15:08:21 t_record.py:383 No policy or teleoperator provided, skipping action generation.This is likely to happen when resetting the environment without a teleop device.The robot won't be at its rest position at the start of the next episode.
INFO 2026-05-11 15:08:21 t_record.py:383 No policy or teleoperator provided, skipping action generation.This is likely to happen when resetting the environment without a teleop device.The robot won't be at its rest position at the start of the next episode.
INFO 2026-05-11 15:08:21 t_record.py:383 No policy or teleoperator provided, skipping action generation.This is likely to happen when resetting the environment without a teleop device.The robot won't be at its rest position at the start of the next episode.
INFO 2026-05-11 15:08:21 t_record.py:383 No policy or teleoperator provided, skipping action generation.This is likely to happen when resetting the environment without a teleop device.The robot won't be at its rest position at the start of the next episode.
INFO 2026-05-11 15:08:21 t_record.py:383 No policy or teleoperator provided, skipping action generation.This is likely to happen when resetting the environment without a teleop device.The robot won't be at its rest position at the start of the next episode.
INFO 2026-05-11 15:08:21 t_record.py:383 No policy or teleoperator provided, skipping action generation.This is likely to happen when resetting the environment without a teleop device.The robot won't be at its rest position at the start of the next episode.
INFO 2026-05-11 15:08:21 t_record.py:383 No policy or teleoperator provided, skipping action generation.This is likely to happen when resetting the environment without a teleop device.The robot won't be at its rest position at the start of the next episode.
INFO 2026-05-11 15:08:21 t_record.py:383 No policy or teleoperator provided, skipping action generation.This is likely to happen when resetting the environment without a teleop device.The robot won't be at its rest position at the start of the next episode.
INFO 2026-05-11 15:08:21 t_record.py:383 No policy or teleoperator provided, skipping action generation.This is likely to happen when resetting the environment without a teleop device.The robot won't be at its rest position at the start of the next episode.
INFO 2026-05-11 15:08:21 t_record.py:383 No policy or teleoperator provided, skipping action generation.This is likely to happen when resetting the environment without a teleop device.The robot won't be at its rest position at the start of the next episode.
INFO 2026-05-11 15:08:21 t_record.py:383 No policy or teleoperator provided, skipping action generation.This is likely to happen when resetting the environment without a teleop device.The robot won't be at its rest position at the start of the next episode.
INFO 2026-05-11 15:08:21 t_record.py:383 No policy or teleoperator provided, skipping action generation.This is likely to happen when resetting the environment without a teleop device.The robot won't be at its rest position at the start of the next episode.
INFO 2026-05-11 15:08:21 t_record.py:383 No policy or teleoperator provided, skipping action generation.This is likely to happen when resetting the environment without a teleop device.The robot won't be at its rest position at the start of the next episode.
INFO 2026-05-11 15:08:21 t_record.py:383 No policy or teleoperator provided, skipping action generation.This is likely to happen when resetting the environment without a teleop device.The robot won't be at its rest position at the start of the next episode.
INFO 2026-05-11 15:08:21 t_record.py:383 No policy or teleoperator provided, skipping action generation.This is likely to happen when resetting the environment without a teleop device.The robot won't be at its rest position at the start of the next episode.
INFO 2026-05-11 15:08:21 t_record.py:383 No policy or teleoperator provided, skipping action generation.This is likely to happen when resetting the environment without a teleop device.The robot won't be at its rest position at the start of the next episode.
INFO 2026-05-11 15:08:21 t_record.py:383 No policy or teleoperator provided, skipping action generation.This is likely to happen when resetting the environment without a teleop device.The robot won't be at its rest position at the start of the next episode.
INFO 2026-05-11 15:08:21 t_record.py:383 No policy or teleoperator provided, skipping action generation.This is likely to happen when resetting the environment without a teleop device.The robot won't be at its rest position at the start of the next episode.
INFO 2026-05-11 15:08:21 t_record.py:383 No policy or teleoperator provided, skipping action generation.This is likely to happen when resetting the environment without a teleop device.The robot won't be at its rest position at the start of the next episode.
INFO 2026-05-11 15:08:21 t_record.py:383 No policy or teleoperator provided, skipping action generation.This is likely to happen when resetting the environment without a teleop device.The robot won't be at its rest position at the start of the next episode.
INFO 2026-05-11 15:08:21 t_record.py:383 No policy or teleoperator provided, skipping action generation.This is likely to happen when resetting the environment without a teleop device.The robot won't be at its rest position at the start of the next episode.
INFO 2026-05-11 15:08:21 t_record.py:383 No policy or teleoperator provided, skipping action generation.This is likely to happen when resetting the environment without a teleop device.The robot won't be at its rest position at the start of the next episode.
INFO 2026-05-11 15:08:21 t_record.py:383 No policy or teleoperator provided, skipping action generation.This is likely to happen when resetting the environment without a teleop device.The robot won't be at its rest position at the start of the next episode.
INFO 2026-05-11 15:08:21 t_record.py:383 No policy or teleoperator provided, skipping action generation.This is likely to happen when resetting the environment without a teleop device.The robot won't be at its rest position at the start of the next episode.
INFO 2026-05-11 15:08:21 t_record.py:383 No policy or teleoperator provided, skipping action generation.This is likely to happen when resetting the environment without a teleop device.The robot won't be at its rest position at the start of the next episode.
INFO 2026-05-11 15:08:21 t_record.py:383 No policy or teleoperator provided, skipping action generation.This is likely to happen when resetting the environment without a teleop device.The robot won't be at its rest position at the start of the next episode.
INFO 2026-05-11 15:08:21 t_record.py:383 No policy or teleoperator provided, skipping action generation.This is likely to happen when resetting the environment without a teleop device.The robot won't be at its rest position at the start of the next episode.
INFO 2026-05-11 15:08:21 t_record.py:383 No policy or teleoperator provided, skipping action generation.This is likely to happen when resetting the environment without a teleop device.The robot won't be at its rest position at the start of the next episode.
INFO 2026-05-11 15:08:21 t_record.py:383 No policy or teleoperator provided, skipping action generation.This is likely to happen when resetting the environment without a teleop device.The robot won't be at its rest position at the start of the next episode.
INFO 2026-05-11 15:08:21 t_record.py:383 No policy or teleoperator provided, skipping action generation.This is likely to happen when resetting the environment without a teleop device.The robot won't be at its rest position at the start of the next episode.
INFO 2026-05-11 15:08:21 t_record.py:383 No policy or teleoperator provided, skipping action generation.This is likely to happen when resetting the environment without a teleop device.The robot won't be at its rest position at the start of the next episode.
INFO 2026-05-11 15:08:21 t_record.py:383 No policy or teleoperator provided, skipping action generation.This is likely to happen when resetting the environment without a teleop device.The robot won't be at its rest position at the start of the next episode.
INFO 2026-05-11 15:08:21 t_record.py:383 No policy or teleoperator provided, skipping action generation.This is likely to happen when resetting the environment without a teleop device.The robot won't be at its rest position at the start of the next episode.
INFO 2026-05-11 15:08:21 t_record.py:383 No policy or teleoperator provided, skipping action generation.This is likely to happen when resetting the environment without a teleop device.The robot won't be at its rest position at the start of the next episode.
INFO 2026-05-11 15:08:21 t_record.py:383 No policy or teleoperator provided, skipping action generation.This is likely to happen when resetting the environment without a teleop device.The robot won't be at its rest position at the start of the next episode.
INFO 2026-05-11 15:08:21 t_record.py:383 No policy or teleoperator provided, skipping action generation.This is likely to happen when resetting the environment without a teleop device.The robot won't be at its rest position at the start of the next episode.
INFO 2026-05-11 15:08:21 t_record.py:383 No policy or teleoperator provided, skipping action generation.This is likely to happen when resetting the environment without a teleop device.The robot won't be at its rest position at the start of the next episode.
INFO 2026-05-11 15:08:21 t_record.py:383 No policy or teleoperator provided, skipping action generation.This is likely to happen when resetting the environment without a teleop device.The robot won't be at its rest position at the start of the next episode.
INFO 2026-05-11 15:08:21 t_record.py:383 No policy or teleoperator provided, skipping action generation.This is likely to happen when resetting the environment without a teleop device.The robot won't be at its rest position at the start of the next episode.
INFO 2026-05-11 15:08:21 t_record.py:383 No policy or teleoperator provided, skipping action generation.This is likely to happen when resetting the environment without a teleop device.The robot won't be at its rest position at the start of the next episode.
INFO 2026-05-11 15:08:21 t_record.py:383 No policy or teleoperator provided, skipping action generation.This is likely to happen when resetting the environment without a teleop device.The robot won't be at its rest position at the start of the next episode.
INFO 2026-05-11 15:08:21 t_record.py:383 No policy or teleoperator provided, skipping action generation.This is likely to happen when resetting the environment without a teleop device.The robot won't be at its rest position at the start of the next episode.
INFO 2026-05-11 15:08:21 t_record.py:383 No policy or teleoperator provided, skipping action generation.This is likely to happen when resetting the environment without a teleop device.The robot won't be at its rest position at the start of the next episode.
INFO 2026-05-11 15:08:21 t_record.py:383 No policy or teleoperator provided, skipping action generation.This is likely to happen when resetting the environment without a teleop device.The robot won't be at its rest position at the start of the next episode.
INFO 2026-05-11 15:08:21 t_record.py:383 No policy or teleoperator provided, skipping action generation.This is likely to happen when resetting the environment without a teleop device.The robot won't be at its rest position at the start of the next episode.
INFO 2026-05-11 15:08:21 t_record.py:383 No policy or teleoperator provided, skipping action generation.This is likely to happen when resetting the environment without a teleop device.The robot won't be at its rest position at the start of the next episode.
INFO 2026-05-11 15:08:21 t_record.py:383 No policy or teleoperator provided, skipping action generation.This is likely to happen when resetting the environment without a teleop device.The robot won't be at its rest position at the start of the next episode.
INFO 2026-05-11 15:08:21 t_record.py:383 No policy or teleoperator provided, skipping action generation.This is likely to happen when resetting the environment without a teleop device.The robot won't be at its rest position at the start of the next episode.
INFO 2026-05-11 15:08:21 t_record.py:383 No policy or teleoperator provided, skipping action generation.This is likely to happen when resetting the environment without a teleop device.The robot won't be at its rest position at the start of the next episode.
INFO 2026-05-11 15:08:21 t_record.py:383 No policy or teleoperator provided, skipping action generation.This is likely to happen when resetting the environment without a teleop device.The robot won't be at its rest position at the start of the next episode.
INFO 2026-05-11 15:08:21 t_record.py:383 No policy or teleoperator provided, skipping action generation.This is likely to happen when resetting the environment without a teleop device.The robot won't be at its rest position at the start of the next episode.
INFO 2026-05-11 15:08:21 t_record.py:383 No policy or teleoperator provided, skipping action generation.This is likely to happen when resetting the environment without a teleop device.The robot won't be at its rest position at the start of the next episode.
INFO 2026-05-11 15:08:21 t_record.py:383 No policy or teleoperator provided, skipping action generation.This is likely to happen when resetting the environment without a teleop device.The robot won't be at its rest position at the start of the next episode.
INFO 2026-05-11 15:08:21 t_record.py:383 No policy or teleoperator provided, skipping action generation.This is likely to happen when resetting the environment without a teleop device.The robot won't be at its rest position at the start of the next episode.
INFO 2026-05-11 15:08:21 t_record.py:383 No policy or teleoperator provided, skipping action generation.This is likely to happen when resetting the environment without a teleop device.The robot won't be at its rest position at the start of the next episode.
INFO 2026-05-11 15:08:21 t_record.py:383 No policy or teleoperator provided, skipping action generation.This is likely to happen when resetting the environment without a teleop device.The robot won't be at its rest position at the start of the next episode.
INFO 2026-05-11 15:08:21 t_record.py:383 No policy or teleoperator provided, skipping action generation.This is likely to happen when resetting the environment without a teleop device.The robot won't be at its rest position at the start of the next episode.
INFO 2026-05-11 15:08:21 t_record.py:383 No policy or teleoperator provided, skipping action generation.This is likely to happen when resetting the environment without a teleop device.The robot won't be at its rest position at the start of the next episode.
INFO 2026-05-11 15:08:21 t_record.py:383 No policy or teleoperator provided, skipping action generation.This is likely to happen when resetting the environment without a teleop device.The robot won't be at its rest position at the start of the next episode.
INFO 2026-05-11 15:08:21 t_record.py:383 No policy or teleoperator provided, skipping action generation.This is likely to happen when resetting the environment without a teleop device.The robot won't be at its rest position at the start of the next episode.
INFO 2026-05-11 15:08:21 t_record.py:383 No policy or teleoperator provided, skipping action generation.This is likely to happen when resetting the environment without a teleop device.The robot won't be at its rest position at the start of the next episode.
INFO 2026-05-11 15:08:21 t_record.py:383 No policy or teleoperator provided, skipping action generation.This is likely to happen when resetting the environment without a teleop device.The robot won't be at its rest position at the start of the next episode.
INFO 2026-05-11 15:08:21 t_record.py:383 No policy or teleoperator provided, skipping action generation.This is likely to happen when resetting the environment without a teleop device.The robot won't be at its rest position at the start of the next episode.
INFO 2026-05-11 15:08:21 t_record.py:383 No policy or teleoperator provided, skipping action generation.This is likely to happen when resetting the environment without a teleop device.The robot won't be at its rest position at the start of the next episode.
INFO 2026-05-11 15:08:21 t_record.py:383 No policy or teleoperator provided, skipping action generation.This is likely to happen when resetting the environment without a teleop device.The robot won't be at its rest position at the start of the next episode.
INFO 2026-05-11 15:08:21 t_record.py:383 No policy or teleoperator provided, skipping action generation.This is likely to happen when resetting the environment without a teleop device.The robot won't be at its rest position at the start of the next episode.
INFO 2026-05-11 15:08:21 t_record.py:383 No policy or teleoperator provided, skipping action generation.This is likely to happen when resetting the environment without a teleop device.The robot won't be at its rest position at the start of the next episode.
INFO 2026-05-11 15:08:21 t_record.py:383 No policy or teleoperator provided, skipping action generation.This is likely to happen when resetting the environment without a teleop device.The robot won't be at its rest position at the start of the next episode.
INFO 2026-05-11 15:08:21 t_record.py:383 No policy or teleoperator provided, skipping action generation.This is likely to happen when resetting the environment without a teleop device.The robot won't be at its rest position at the start of the next episode.
INFO 2026-05-11 15:08:21 t_record.py:383 No policy or teleoperator provided, skipping action generation.This is likely to happen when resetting the environment without a teleop device.The robot won't be at its rest position at the start of the next episode.
INFO 2026-05-11 15:08:21 t_record.py:383 No policy or teleoperator provided, skipping action generation.This is likely to happen when resetting the environment without a teleop device.The robot won't be at its rest position at the start of the next episode.
INFO 2026-05-11 15:08:21 t_record.py:383 No policy or teleoperator provided, skipping action generation.This is likely to happen when resetting the environment without a teleop device.The robot won't be at its rest position at the start of the next episode.
INFO 2026-05-11 15:08:21 t_record.py:383 No policy or teleoperator provided, skipping action generation.This is likely to happen when resetting the environment without a teleop device.The robot won't be at its rest position at the start of the next episode.
INFO 2026-05-11 15:08:21 t_record.py:383 No policy or teleoperator provided, skipping action generation.This is likely to happen when resetting the environment without a teleop device.The robot won't be at its rest position at the start of the next episode.
INFO 2026-05-11 15:08:21 t_record.py:383 No policy or teleoperator provided, skipping action generation.This is likely to happen when resetting the environment without a teleop device.The robot won't be at its rest position at the start of the next episode.
INFO 2026-05-11 15:08:21 t_record.py:383 No policy or teleoperator provided, skipping action generation.This is likely to happen when resetting the environment without a teleop device.The robot won't be at its rest position at the start of the next episode.
INFO 2026-05-11 15:08:21 t_record.py:383 No policy or teleoperator provided, skipping action generation.This is likely to happen when resetting the environment without a teleop device.The robot won't be at its rest position at the start of the next episode.
INFO 2026-05-11 15:08:21 t_record.py:383 No policy or teleoperator provided, skipping action generation.This is likely to happen when resetting the environment without a teleop device.The robot won't be at its rest position at the start of the next episode.
INFO 2026-05-11 15:08:21 t_record.py:383 No policy or teleoperator provided, skipping action generation.This is likely to happen when resetting the environment without a teleop device.The robot won't be at its rest position at the start of the next episode.
INFO 2026-05-11 15:08:21 t_record.py:383 No policy or teleoperator provided, skipping action generation.This is likely to happen when resetting the environment without a teleop device.The robot won't be at its rest position at the start of the next episode.
INFO 2026-05-11 15:08:21 t_record.py:383 No policy or teleoperator provided, skipping action generation.This is likely to happen when resetting the environment without a teleop device.The robot won't be at its rest position at the start of the next episode.
INFO 2026-05-11 15:08:21 t_record.py:383 No policy or teleoperator provided, skipping action generation.This is likely to happen when resetting the environment without a teleop device.The robot won't be at its rest position at the start of the next episode.
INFO 2026-05-11 15:08:21 t_record.py:383 No policy or teleoperator provided, skipping action generation.This is likely to happen when resetting the environment without a teleop device.The robot won't be at its rest position at the start of the next episode.
INFO 2026-05-11 15:08:21 t_record.py:383 No policy or teleoperator provided, skipping action generation.This is likely to happen when resetting the environment without a teleop device.The robot won't be at its rest position at the start of the next episode.
INFO 2026-05-11 15:08:21 t_record.py:383 No policy or teleoperator provided, skipping action generation.This is likely to happen when resetting the environment without a teleop device.The robot won't be at its rest position at the start of the next episode.
INFO 2026-05-11 15:08:21 t_record.py:383 No policy or teleoperator provided, skipping action generation.This is likely to happen when resetting the environment without a teleop device.The robot won't be at its rest position at the start of the next episode.
INFO 2026-05-11 15:08:21 t_record.py:383 No policy or teleoperator provided, skipping action generation.This is likely to happen when resetting the environment without a teleop device.The robot won't be at its rest position at the start of the next episode.
INFO 2026-05-11 15:08:21 t_record.py:383 No policy or teleoperator provided, skipping action generation.This is likely to happen when resetting the environment without a teleop device.The robot won't be at its rest position at the start of the next episode.
INFO 2026-05-11 15:08:21 t_record.py:383 No policy or teleoperator provided, skipping action generation.This is likely to happen when resetting the environment without a teleop device.The robot won't be at its rest position at the start of the next episode.
INFO 2026-05-11 15:08:21 t_record.py:383 No policy or teleoperator provided, skipping action generation.This is likely to happen when resetting the environment without a teleop device.The robot won't be at its rest position at the start of the next episode.
INFO 2026-05-11 15:08:21 t_record.py:383 No policy or teleoperator provided, skipping action generation.This is likely to happen when resetting the environment without a teleop device.The robot won't be at its rest position at the start of the next episode.
INFO 2026-05-11 15:08:21 t_record.py:383 No policy or teleoperator provided, skipping action generation.This is likely to happen when resetting the environment without a teleop device.The robot won't be at its rest position at the start of the next episode.
INFO 2026-05-11 15:08:21 t_record.py:383 No policy or teleoperator provided, skipping action generation.This is likely to happen when resetting the environment without a teleop device.The robot won't be at its rest position at the start of the next episode.
INFO 2026-05-11 15:08:21 t_record.py:383 No policy or teleoperator provided, skipping action generation.This is likely to happen when resetting the environment without a teleop device.The robot won't be at its rest position at the start of the next episode.
INFO 2026-05-11 15:08:21 t_record.py:383 No policy or teleoperator provided, skipping action generation.This is likely to happen when resetting the environment without a teleop device.The robot won't be at its rest position at the start of the next episode.
INFO 2026-05-11 15:08:21 t_record.py:383 No policy or teleoperator provided, skipping action generation.This is likely to happen when resetting the environment without a teleop device.The robot won't be at its rest position at the start of the next episode.
INFO 2026-05-11 15:08:21 t_record.py:383 No policy or teleoperator provided, skipping action generation.This is likely to happen when resetting the environment without a teleop device.The robot won't be at its rest position at the start of the next episode.
INFO 2026-05-11 15:08:21 t_record.py:383 No policy or teleoperator provided, skipping action generation.This is likely to happen when resetting the environment without a teleop device.The robot won't be at its rest position at the start of the next episode.
INFO 2026-05-11 15:08:21 t_record.py:383 No policy or teleoperator provided, skipping action generation.This is likely to happen when resetting the environment without a teleop device.The robot won't be at its rest position at the start of the next episode.
INFO 2026-05-11 15:08:21 t_record.py:383 No policy or teleoperator provided, skipping action generation.This is likely to happen when resetting the environment without a teleop device.The robot won't be at its rest position at the start of the next episode.
INFO 2026-05-11 15:08:21 t_record.py:383 No policy or teleoperator provided, skipping action generation.This is likely to happen when resetting the environment without a teleop device.The robot won't be at its rest position at the start of the next episode.
INFO 2026-05-11 15:08:21 t_record.py:383 No policy or teleoperator provided, skipping action generation.This is likely to happen when resetting the environment without a teleop device.The robot won't be at its rest position at the start of the next episode.
INFO 2026-05-11 15:08:21 t_record.py:383 No policy or teleoperator provided, skipping action generation.This is likely to happen when resetting the environment without a teleop device.The robot won't be at its rest position at the start of the next episode.
INFO 2026-05-11 15:08:22 t_record.py:383 No policy or teleoperator provided, skipping action generation.This is likely to happen when resetting the environment without a teleop device.The robot won't be at its rest position at the start of the next episode.
INFO 2026-05-11 15:08:22 t_record.py:383 No policy or teleoperator provided, skipping action generation.This is likely to happen when resetting the environment without a teleop device.The robot won't be at its rest position at the start of the next episode.
INFO 2026-05-11 15:08:22 t_record.py:383 No policy or teleoperator provided, skipping action generation.This is likely to happen when resetting the environment without a teleop device.The robot won't be at its rest position at the start of the next episode.
INFO 2026-05-11 15:08:22 t_record.py:383 No policy or teleoperator provided, skipping action generation.This is likely to happen when resetting the environment without a teleop device.The robot won't be at its rest position at the start of the next episode.
INFO 2026-05-11 15:08:22 t_record.py:383 No policy or teleoperator provided, skipping action generation.This is likely to happen when resetting the environment without a teleop device.The robot won't be at its rest position at the start of the next episode.
INFO 2026-05-11 15:08:22 t_record.py:383 No policy or teleoperator provided, skipping action generation.This is likely to happen when resetting the environment without a teleop device.The robot won't be at its rest position at the start of the next episode.
INFO 2026-05-11 15:08:22 t_record.py:383 No policy or teleoperator provided, skipping action generation.This is likely to happen when resetting the environment without a teleop device.The robot won't be at its rest position at the start of the next episode.
INFO 2026-05-11 15:08:22 t_record.py:383 No policy or teleoperator provided, skipping action generation.This is likely to happen when resetting the environment without a teleop device.The robot won't be at its rest position at the start of the next episode.
INFO 2026-05-11 15:08:22 t_record.py:383 No policy or teleoperator provided, skipping action generation.This is likely to happen when resetting the environment without a teleop device.The robot won't be at its rest position at the start of the next episode.
INFO 2026-05-11 15:08:22 t_record.py:383 No policy or teleoperator provided, skipping action generation.This is likely to happen when resetting the environment without a teleop device.The robot won't be at its rest position at the start of the next episode.
INFO 2026-05-11 15:08:22 t_record.py:383 No policy or teleoperator provided, skipping action generation.This is likely to happen when resetting the environment without a teleop device.The robot won't be at its rest position at the start of the next episode.
INFO 2026-05-11 15:08:22 t_record.py:383 No policy or teleoperator provided, skipping action generation.This is likely to happen when resetting the environment without a teleop device.The robot won't be at its rest position at the start of the next episode.
INFO 2026-05-11 15:08:22 t_record.py:383 No policy or teleoperator provided, skipping action generation.This is likely to happen when resetting the environment without a teleop device.The robot won't be at its rest position at the start of the next episode.
INFO 2026-05-11 15:08:22 t_record.py:383 No policy or teleoperator provided, skipping action generation.This is likely to happen when resetting the environment without a teleop device.The robot won't be at its rest position at the start of the next episode.
INFO 2026-05-11 15:08:22 t_record.py:383 No policy or teleoperator provided, skipping action generation.This is likely to happen when resetting the environment without a teleop device.The robot won't be at its rest position at the start of the next episode.
INFO 2026-05-11 15:08:22 t_record.py:383 No policy or teleoperator provided, skipping action generation.This is likely to happen when resetting the environment without a teleop device.The robot won't be at its rest position at the start of the next episode.
INFO 2026-05-11 15:08:22 t_record.py:383 No policy or teleoperator provided, skipping action generation.This is likely to happen when resetting the environment without a teleop device.The robot won't be at its rest position at the start of the next episode.
INFO 2026-05-11 15:08:22 t_record.py:383 No policy or teleoperator provided, skipping action generation.This is likely to happen when resetting the environment without a teleop device.The robot won't be at its rest position at the start of the next episode.
INFO 2026-05-11 15:08:22 t_record.py:383 No policy or teleoperator provided, skipping action generation.This is likely to happen when resetting the environment without a teleop device.The robot won't be at its rest position at the start of the next episode.
INFO 2026-05-11 15:08:22 t_record.py:383 No policy or teleoperator provided, skipping action generation.This is likely to happen when resetting the environment without a teleop device.The robot won't be at its rest position at the start of the next episode.
INFO 2026-05-11 15:08:22 t_record.py:383 No policy or teleoperator provided, skipping action generation.This is likely to happen when resetting the environment without a teleop device.The robot won't be at its rest position at the start of the next episode.
INFO 2026-05-11 15:08:22 t_record.py:383 No policy or teleoperator provided, skipping action generation.This is likely to happen when resetting the environment without a teleop device.The robot won't be at its rest position at the start of the next episode.
INFO 2026-05-11 15:08:22 t_record.py:383 No policy or teleoperator provided, skipping action generation.This is likely to happen when resetting the environment without a teleop device.The robot won't be at its rest position at the start of the next episode.
INFO 2026-05-11 15:08:22 t_record.py:383 No policy or teleoperator provided, skipping action generation.This is likely to happen when resetting the environment without a teleop device.The robot won't be at its rest position at the start of the next episode.
INFO 2026-05-11 15:08:22 t_record.py:383 No policy or teleoperator provided, skipping action generation.This is likely to happen when resetting the environment without a teleop device.The robot won't be at its rest position at the start of the next episode.
INFO 2026-05-11 15:08:22 t_record.py:383 No policy or teleoperator provided, skipping action generation.This is likely to happen when resetting the environment without a teleop device.The robot won't be at its rest position at the start of the next episode.
INFO 2026-05-11 15:08:22 t_record.py:383 No policy or teleoperator provided, skipping action generation.This is likely to happen when resetting the environment without a teleop device.The robot won't be at its rest position at the start of the next episode.
INFO 2026-05-11 15:08:22 t_record.py:383 No policy or teleoperator provided, skipping action generation.This is likely to happen when resetting the environment without a teleop device.The robot won't be at its rest position at the start of the next episode.
INFO 2026-05-11 15:08:22 t_record.py:383 No policy or teleoperator provided, skipping action generation.This is likely to happen when resetting the environment without a teleop device.The robot won't be at its rest position at the start of the next episode.
INFO 2026-05-11 15:08:22 t_record.py:383 No policy or teleoperator provided, skipping action generation.This is likely to happen when resetting the environment without a teleop device.The robot won't be at its rest position at the start of the next episode.
INFO 2026-05-11 15:08:22 t_record.py:383 No policy or teleoperator provided, skipping action generation.This is likely to happen when resetting the environment without a teleop device.The robot won't be at its rest position at the start of the next episode.
INFO 2026-05-11 15:08:22 t_record.py:383 No policy or teleoperator provided, skipping action generation.This is likely to happen when resetting the environment without a teleop device.The robot won't be at its rest position at the start of the next episode.
INFO 2026-05-11 15:08:22 t_record.py:383 No policy or teleoperator provided, skipping action generation.This is likely to happen when resetting the environment without a teleop device.The robot won't be at its rest position at the start of the next episode.
INFO 2026-05-11 15:08:22 t_record.py:383 No policy or teleoperator provided, skipping action generation.This is likely to happen when resetting the environment without a teleop device.The robot won't be at its rest position at the start of the next episode.
INFO 2026-05-11 15:08:22 t_record.py:383 No policy or teleoperator provided, skipping action generation.This is likely to happen when resetting the environment without a teleop device.The robot won't be at its rest position at the start of the next episode.
INFO 2026-05-11 15:08:22 t_record.py:383 No policy or teleoperator provided, skipping action generation.This is likely to happen when resetting the environment without a teleop device.The robot won't be at its rest position at the start of the next episode.
INFO 2026-05-11 15:08:22 t_record.py:383 No policy or teleoperator provided, skipping action generation.This is likely to happen when resetting the environment without a teleop device.The robot won't be at its rest position at the start of the next episode.
INFO 2026-05-11 15:08:22 t_record.py:383 No policy or teleoperator provided, skipping action generation.This is likely to happen when resetting the environment without a teleop device.The robot won't be at its rest position at the start of the next episode.
INFO 2026-05-11 15:08:22 t_record.py:383 No policy or teleoperator provided, skipping action generation.This is likely to happen when resetting the environment without a teleop device.The robot won't be at its rest position at the start of the next episode.
INFO 2026-05-11 15:08:22 t_record.py:383 No policy or teleoperator provided, skipping action generation.This is likely to happen when resetting the environment without a teleop device.The robot won't be at its rest position at the start of the next episode.
INFO 2026-05-11 15:08:22 t_record.py:383 No policy or teleoperator provided, skipping action generation.This is likely to happen when resetting the environment without a teleop device.The robot won't be at its rest position at the start of the next episode.
INFO 2026-05-11 15:08:22 t_record.py:383 No policy or teleoperator provided, skipping action generation.This is likely to happen when resetting the environment without a teleop device.The robot won't be at its rest position at the start of the next episode.
INFO 2026-05-11 15:08:22 t_record.py:383 No policy or teleoperator provided, skipping action generation.This is likely to happen when resetting the environment without a teleop device.The robot won't be at its rest position at the start of the next episode.
INFO 2026-05-11 15:08:22 t_record.py:383 No policy or teleoperator provided, skipping action generation.This is likely to happen when resetting the environment without a teleop device.The robot won't be at its rest position at the start of the next episode.
INFO 2026-05-11 15:08:22 t_record.py:383 No policy or teleoperator provided, skipping action generation.This is likely to happen when resetting the environment without a teleop device.The robot won't be at its rest position at the start of the next episode.
INFO 2026-05-11 15:08:22 t_record.py:383 No policy or teleoperator provided, skipping action generation.This is likely to happen when resetting the environment without a teleop device.The robot won't be at its rest position at the start of the next episode.
INFO 2026-05-11 15:08:22 t_record.py:383 No policy or teleoperator provided, skipping action generation.This is likely to happen when resetting the environment without a teleop device.The robot won't be at its rest position at the start of the next episode.
INFO 2026-05-11 15:08:22 t_record.py:383 No policy or teleoperator provided, skipping action generation.This is likely to happen when resetting the environment without a teleop device.The robot won't be at its rest position at the start of the next episode.
INFO 2026-05-11 15:08:22 t_record.py:383 No policy or teleoperator provided, skipping action generation.This is likely to happen when resetting the environment without a teleop device.The robot won't be at its rest position at the start of the next episode.
INFO 2026-05-11 15:08:22 t_record.py:383 No policy or teleoperator provided, skipping action generation.This is likely to happen when resetting the environment without a teleop device.The robot won't be at its rest position at the start of the next episode.
INFO 2026-05-11 15:08:22 t_record.py:383 No policy or teleoperator provided, skipping action generation.This is likely to happen when resetting the environment without a teleop device.The robot won't be at its rest position at the start of the next episode.
INFO 2026-05-11 15:08:22 t_record.py:383 No policy or teleoperator provided, skipping action generation.This is likely to happen when resetting the environment without a teleop device.The robot won't be at its rest position at the start of the next episode.
INFO 2026-05-11 15:08:22 t_record.py:383 No policy or teleoperator provided, skipping action generation.This is likely to happen when resetting the environment without a teleop device.The robot won't be at its rest position at the start of the next episode.
INFO 2026-05-11 15:08:22 t_record.py:383 No policy or teleoperator provided, skipping action generation.This is likely to happen when resetting the environment without a teleop device.The robot won't be at its rest position at the start of the next episode.
INFO 2026-05-11 15:08:22 t_record.py:383 No policy or teleoperator provided, skipping action generation.This is likely to happen when resetting the environment without a teleop device.The robot won't be at its rest position at the start of the next episode.
INFO 2026-05-11 15:08:22 t_record.py:383 No policy or teleoperator provided, skipping action generation.This is likely to happen when resetting the environment without a teleop device.The robot won't be at its rest position at the start of the next episode.
INFO 2026-05-11 15:08:22 t_record.py:383 No policy or teleoperator provided, skipping action generation.This is likely to happen when resetting the environment without a teleop device.The robot won't be at its rest position at the start of the next episode.
INFO 2026-05-11 15:08:22 t_record.py:383 No policy or teleoperator provided, skipping action generation.This is likely to happen when resetting the environment without a teleop device.The robot won't be at its rest position at the start of the next episode.
INFO 2026-05-11 15:08:22 t_record.py:383 No policy or teleoperator provided, skipping action generation.This is likely to happen when resetting the environment without a teleop device.The robot won't be at its rest position at the start of the next episode.
INFO 2026-05-11 15:08:22 t_record.py:383 No policy or teleoperator provided, skipping action generation.This is likely to happen when resetting the environment without a teleop device.The robot won't be at its rest position at the start of the next episode.
INFO 2026-05-11 15:08:22 t_record.py:383 No policy or teleoperator provided, skipping action generation.This is likely to happen when resetting the environment without a teleop device.The robot won't be at its rest position at the start of the next episode.
INFO 2026-05-11 15:08:22 t_record.py:383 No policy or teleoperator provided, skipping action generation.This is likely to happen when resetting the environment without a teleop device.The robot won't be at its rest position at the start of the next episode.
INFO 2026-05-11 15:08:22 t_record.py:383 No policy or teleoperator provided, skipping action generation.This is likely to happen when resetting the environment without a teleop device.The robot won't be at its rest position at the start of the next episode.
INFO 2026-05-11 15:08:22 t_record.py:383 No policy or teleoperator provided, skipping action generation.This is likely to happen when resetting the environment without a teleop device.The robot won't be at its rest position at the start of the next episode.
INFO 2026-05-11 15:08:22 t_record.py:383 No policy or teleoperator provided, skipping action generation.This is likely to happen when resetting the environment without a teleop device.The robot won't be at its rest position at the start of the next episode.
INFO 2026-05-11 15:08:22 t_record.py:383 No policy or teleoperator provided, skipping action generation.This is likely to happen when resetting the environment without a teleop device.The robot won't be at its rest position at the start of the next episode.
INFO 2026-05-11 15:08:22 t_record.py:383 No policy or teleoperator provided, skipping action generation.This is likely to happen when resetting the environment without a teleop device.The robot won't be at its rest position at the start of the next episode.
INFO 2026-05-11 15:08:22 t_record.py:383 No policy or teleoperator provided, skipping action generation.This is likely to happen when resetting the environment without a teleop device.The robot won't be at its rest position at the start of the next episode.
INFO 2026-05-11 15:08:22 t_record.py:383 No policy or teleoperator provided, skipping action generation.This is likely to happen when resetting the environment without a teleop device.The robot won't be at its rest position at the start of the next episode.
INFO 2026-05-11 15:08:22 t_record.py:383 No policy or teleoperator provided, skipping action generation.This is likely to happen when resetting the environment without a teleop device.The robot won't be at its rest position at the start of the next episode.
INFO 2026-05-11 15:08:22 t_record.py:383 No policy or teleoperator provided, skipping action generation.This is likely to happen when resetting the environment without a teleop device.The robot won't be at its rest position at the start of the next episode.
INFO 2026-05-11 15:08:22 t_record.py:383 No policy or teleoperator provided, skipping action generation.This is likely to happen when resetting the environment without a teleop device.The robot won't be at its rest position at the start of the next episode.
INFO 2026-05-11 15:08:22 t_record.py:383 No policy or teleoperator provided, skipping action generation.This is likely to happen when resetting the environment without a teleop device.The robot won't be at its rest position at the start of the next episode.
INFO 2026-05-11 15:08:22 t_record.py:383 No policy or teleoperator provided, skipping action generation.This is likely to happen when resetting the environment without a teleop device.The robot won't be at its rest position at the start of the next episode.
INFO 2026-05-11 15:08:22 t_record.py:383 No policy or teleoperator provided, skipping action generation.This is likely to happen when resetting the environment without a teleop device.The robot won't be at its rest position at the start of the next episode.
INFO 2026-05-11 15:08:22 t_record.py:383 No policy or teleoperator provided, skipping action generation.This is likely to happen when resetting the environment without a teleop device.The robot won't be at its rest position at the start of the next episode.
INFO 2026-05-11 15:08:22 t_record.py:383 No policy or teleoperator provided, skipping action generation.This is likely to happen when resetting the environment without a teleop device.The robot won't be at its rest position at the start of the next episode.
INFO 2026-05-11 15:08:22 t_record.py:383 No policy or teleoperator provided, skipping action generation.This is likely to happen when resetting the environment without a teleop device.The robot won't be at its rest position at the start of the next episode.
INFO 2026-05-11 15:08:22 t_record.py:383 No policy or teleoperator provided, skipping action generation.This is likely to happen when resetting the environment without a teleop device.The robot won't be at its rest position at the start of the next episode.
INFO 2026-05-11 15:08:22 t_record.py:383 No policy or teleoperator provided, skipping action generation.This is likely to happen when resetting the environment without a teleop device.The robot won't be at its rest position at the start of the next episode.
INFO 2026-05-11 15:08:22 t_record.py:383 No policy or teleoperator provided, skipping action generation.This is likely to happen when resetting the environment without a teleop device.The robot won't be at its rest position at the start of the next episode.
INFO 2026-05-11 15:08:22 t_record.py:383 No policy or teleoperator provided, skipping action generation.This is likely to happen when resetting the environment without a teleop device.The robot won't be at its rest position at the start of the next episode.
INFO 2026-05-11 15:08:22 t_record.py:383 No policy or teleoperator provided, skipping action generation.This is likely to happen when resetting the environment without a teleop device.The robot won't be at its rest position at the start of the next episode.
INFO 2026-05-11 15:08:22 t_record.py:383 No policy or teleoperator provided, skipping action generation.This is likely to happen when resetting the environment without a teleop device.The robot won't be at its rest position at the start of the next episode.
INFO 2026-05-11 15:08:22 t_record.py:383 No policy or teleoperator provided, skipping action generation.This is likely to happen when resetting the environment without a teleop device.The robot won't be at its rest position at the start of the next episode.
INFO 2026-05-11 15:08:22 t_record.py:383 No policy or teleoperator provided, skipping action generation.This is likely to happen when resetting the environment without a teleop device.The robot won't be at its rest position at the start of the next episode.
INFO 2026-05-11 15:08:22 t_record.py:383 No policy or teleoperator provided, skipping action generation.This is likely to happen when resetting the environment without a teleop device.The robot won't be at its rest position at the start of the next episode.
INFO 2026-05-11 15:08:22 t_record.py:383 No policy or teleoperator provided, skipping action generation.This is likely to happen when resetting the environment without a teleop device.The robot won't be at its rest position at the start of the next episode.
INFO 2026-05-11 15:08:22 t_record.py:383 No policy or teleoperator provided, skipping action generation.This is likely to happen when resetting the environment without a teleop device.The robot won't be at its rest position at the start of the next episode.
INFO 2026-05-11 15:08:22 t_record.py:383 No policy or teleoperator provided, skipping action generation.This is likely to happen when resetting the environment without a teleop device.The robot won't be at its rest position at the start of the next episode.
INFO 2026-05-11 15:08:22 t_record.py:383 No policy or teleoperator provided, skipping action generation.This is likely to happen when resetting the environment without a teleop device.The robot won't be at its rest position at the start of the next episode.
INFO 2026-05-11 15:08:22 t_record.py:383 No policy or teleoperator provided, skipping action generation.This is likely to happen when resetting the environment without a teleop device.The robot won't be at its rest position at the start of the next episode.
INFO 2026-05-11 15:08:22 t_record.py:383 No policy or teleoperator provided, skipping action generation.This is likely to happen when resetting the environment without a teleop device.The robot won't be at its rest position at the start of the next episode.
INFO 2026-05-11 15:08:22 t_record.py:383 No policy or teleoperator provided, skipping action generation.This is likely to happen when resetting the environment without a teleop device.The robot won't be at its rest position at the start of the next episode.
INFO 2026-05-11 15:08:22 t_record.py:383 No policy or teleoperator provided, skipping action generation.This is likely to happen when resetting the environment without a teleop device.The robot won't be at its rest position at the start of the next episode.
INFO 2026-05-11 15:08:22 t_record.py:383 No policy or teleoperator provided, skipping action generation.This is likely to happen when resetting the environment without a teleop device.The robot won't be at its rest position at the start of the next episode.
INFO 2026-05-11 15:08:22 t_record.py:383 No policy or teleoperator provided, skipping action generation.This is likely to happen when resetting the environment without a teleop device.The robot won't be at its rest position at the start of the next episode.
INFO 2026-05-11 15:08:22 t_record.py:383 No policy or teleoperator provided, skipping action generation.This is likely to happen when resetting the environment without a teleop device.The robot won't be at its rest position at the start of the next episode.
INFO 2026-05-11 15:08:22 t_record.py:383 No policy or teleoperator provided, skipping action generation.This is likely to happen when resetting the environment without a teleop device.The robot won't be at its rest position at the start of the next episode.
INFO 2026-05-11 15:08:22 t_record.py:383 No policy or teleoperator provided, skipping action generation.This is likely to happen when resetting the environment without a teleop device.The robot won't be at its rest position at the start of the next episode.
INFO 2026-05-11 15:08:22 t_record.py:383 No policy or teleoperator provided, skipping action generation.This is likely to happen when resetting the environment without a teleop device.The robot won't be at its rest position at the start of the next episode.
INFO 2026-05-11 15:08:22 t_record.py:383 No policy or teleoperator provided, skipping action generation.This is likely to happen when resetting the environment without a teleop device.The robot won't be at its rest position at the start of the next episode.
INFO 2026-05-11 15:08:22 t_record.py:383 No policy or teleoperator provided, skipping action generation.This is likely to happen when resetting the environment without a teleop device.The robot won't be at its rest position at the start of the next episode.
INFO 2026-05-11 15:08:22 t_record.py:383 No policy or teleoperator provided, skipping action generation.This is likely to happen when resetting the environment without a teleop device.The robot won't be at its rest position at the start of the next episode.
INFO 2026-05-11 15:08:22 t_record.py:383 No policy or teleoperator provided, skipping action generation.This is likely to happen when resetting the environment without a teleop device.The robot won't be at its rest position at the start of the next episode.
INFO 2026-05-11 15:08:22 t_record.py:383 No policy or teleoperator provided, skipping action generation.This is likely to happen when resetting the environment without a teleop device.The robot won't be at its rest position at the start of the next episode.
INFO 2026-05-11 15:08:22 t_record.py:383 No policy or teleoperator provided, skipping action generation.This is likely to happen when resetting the environment without a teleop device.The robot won't be at its rest position at the start of the next episode.
INFO 2026-05-11 15:08:22 t_record.py:383 No policy or teleoperator provided, skipping action generation.This is likely to happen when resetting the environment without a teleop device.The robot won't be at its rest position at the start of the next episode.
INFO 2026-05-11 15:08:22 t_record.py:383 No policy or teleoperator provided, skipping action generation.This is likely to happen when resetting the environment without a teleop device.The robot won't be at its rest position at the start of the next episode.
INFO 2026-05-11 15:08:22 t_record.py:383 No policy or teleoperator provided, skipping action generation.This is likely to happen when resetting the environment without a teleop device.The robot won't be at its rest position at the start of the next episode.
INFO 2026-05-11 15:08:22 t_record.py:383 No policy or teleoperator provided, skipping action generation.This is likely to happen when resetting the environment without a teleop device.The robot won't be at its rest position at the start of the next episode.
INFO 2026-05-11 15:08:22 t_record.py:383 No policy or teleoperator provided, skipping action generation.This is likely to happen when resetting the environment without a teleop device.The robot won't be at its rest position at the start of the next episode.
INFO 2026-05-11 15:08:22 t_record.py:383 No policy or teleoperator provided, skipping action generation.This is likely to happen when resetting the environment without a teleop device.The robot won't be at its rest position at the start of the next episode.
INFO 2026-05-11 15:08:22 t_record.py:383 No policy or teleoperator provided, skipping action generation.This is likely to happen when resetting the environment without a teleop device.The robot won't be at its rest position at the start of the next episode.
INFO 2026-05-11 15:08:22 t_record.py:383 No policy or teleoperator provided, skipping action generation.This is likely to happen when resetting the environment without a teleop device.The robot won't be at its rest position at the start of the next episode.
INFO 2026-05-11 15:08:22 t_record.py:383 No policy or teleoperator provided, skipping action generation.This is likely to happen when resetting the environment without a teleop device.The robot won't be at its rest position at the start of the next episode.
INFO 2026-05-11 15:08:22 t_record.py:383 No policy or teleoperator provided, skipping action generation.This is likely to happen when resetting the environment without a teleop device.The robot won't be at its rest position at the start of the next episode.
INFO 2026-05-11 15:08:22 t_record.py:383 No policy or teleoperator provided, skipping action generation.This is likely to happen when resetting the environment without a teleop device.The robot won't be at its rest position at the start of the next episode.
INFO 2026-05-11 15:08:22 t_record.py:383 No policy or teleoperator provided, skipping action generation.This is likely to happen when resetting the environment without a teleop device.The robot won't be at its rest position at the start of the next episode.
INFO 2026-05-11 15:08:22 t_record.py:383 No policy or teleoperator provided, skipping action generation.This is likely to happen when resetting the environment without a teleop device.The robot won't be at its rest position at the start of the next episode.
INFO 2026-05-11 15:08:22 t_record.py:383 No policy or teleoperator provided, skipping action generation.This is likely to happen when resetting the environment without a teleop device.The robot won't be at its rest position at the start of the next episode.
INFO 2026-05-11 15:08:22 t_record.py:383 No policy or teleoperator provided, skipping action generation.This is likely to happen when resetting the environment without a teleop device.The robot won't be at its rest position at the start of the next episode.
INFO 2026-05-11 15:08:22 t_record.py:383 No policy or teleoperator provided, skipping action generation.This is likely to happen when resetting the environment without a teleop device.The robot won't be at its rest position at the start of the next episode.
INFO 2026-05-11 15:08:22 t_record.py:383 No policy or teleoperator provided, skipping action generation.This is likely to happen when resetting the environment without a teleop device.The robot won't be at its rest position at the start of the next episode.
INFO 2026-05-11 15:08:22 t_record.py:383 No policy or teleoperator provided, skipping action generation.This is likely to happen when resetting the environment without a teleop device.The robot won't be at its rest position at the start of the next episode.
INFO 2026-05-11 15:08:22 t_record.py:383 No policy or teleoperator provided, skipping action generation.This is likely to happen when resetting the environment without a teleop device.The robot won't be at its rest position at the start of the next episode.
INFO 2026-05-11 15:08:22 t_record.py:383 No policy or teleoperator provided, skipping action generation.This is likely to happen when resetting the environment without a teleop device.The robot won't be at its rest position at the start of the next episode.
INFO 2026-05-11 15:08:22 t_record.py:383 No policy or teleoperator provided, skipping action generation.This is likely to happen when resetting the environment without a teleop device.The robot won't be at its rest position at the start of the next episode.
INFO 2026-05-11 15:08:22 t_record.py:383 No policy or teleoperator provided, skipping action generation.This is likely to happen when resetting the environment without a teleop device.The robot won't be at its rest position at the start of the next episode.
INFO 2026-05-11 15:08:22 t_record.py:383 No policy or teleoperator provided, skipping action generation.This is likely to happen when resetting the environment without a teleop device.The robot won't be at its rest position at the start of the next episode.
INFO 2026-05-11 15:08:22 t_record.py:383 No policy or teleoperator provided, skipping action generation.This is likely to happen when resetting the environment without a teleop device.The robot won't be at its rest position at the start of the next episode.
INFO 2026-05-11 15:08:22 t_record.py:383 No policy or teleoperator provided, skipping action generation.This is likely to happen when resetting the environment without a teleop device.The robot won't be at its rest position at the start of the next episode.
INFO 2026-05-11 15:08:22 t_record.py:383 No policy or teleoperator provided, skipping action generation.This is likely to happen when resetting the environment without a teleop device.The robot won't be at its rest position at the start of the next episode.
INFO 2026-05-11 15:08:22 t_record.py:383 No policy or teleoperator provided, skipping action generation.This is likely to happen when resetting the environment without a teleop device.The robot won't be at its rest position at the start of the next episode.
INFO 2026-05-11 15:08:22 t_record.py:383 No policy or teleoperator provided, skipping action generation.This is likely to happen when resetting the environment without a teleop device.The robot won't be at its rest position at the start of the next episode.
INFO 2026-05-11 15:08:22 t_record.py:383 No policy or teleoperator provided, skipping action generation.This is likely to happen when resetting the environment without a teleop device.The robot won't be at its rest position at the start of the next episode.
INFO 2026-05-11 15:08:22 t_record.py:383 No policy or teleoperator provided, skipping action generation.This is likely to happen when resetting the environment without a teleop device.The robot won't be at its rest position at the start of the next episode.
INFO 2026-05-11 15:08:22 t_record.py:383 No policy or teleoperator provided, skipping action generation.This is likely to happen when resetting the environment without a teleop device.The robot won't be at its rest position at the start of the next episode.
INFO 2026-05-11 15:08:22 t_record.py:383 No policy or teleoperator provided, skipping action generation.This is likely to happen when resetting the environment without a teleop device.The robot won't be at its rest position at the start of the next episode.
INFO 2026-05-11 15:08:22 t_record.py:383 No policy or teleoperator provided, skipping action generation.This is likely to happen when resetting the environment without a teleop device.The robot won't be at its rest position at the start of the next episode.
INFO 2026-05-11 15:08:22 t_record.py:383 No policy or teleoperator provided, skipping action generation.This is likely to happen when resetting the environment without a teleop device.The robot won't be at its rest position at the start of the next episode.
INFO 2026-05-11 15:08:22 t_record.py:383 No policy or teleoperator provided, skipping action generation.This is likely to happen when resetting the environment without a teleop device.The robot won't be at its rest position at the start of the next episode.
INFO 2026-05-11 15:08:22 t_record.py:383 No policy or teleoperator provided, skipping action generation.This is likely to happen when resetting the environment without a teleop device.The robot won't be at its rest position at the start of the next episode.
INFO 2026-05-11 15:08:22 t_record.py:383 No policy or teleoperator provided, skipping action generation.This is likely to happen when resetting the environment without a teleop device.The robot won't be at its rest position at the start of the next episode.
INFO 2026-05-11 15:08:22 t_record.py:383 No policy or teleoperator provided, skipping action generation.This is likely to happen when resetting the environment without a teleop device.The robot won't be at its rest position at the start of the next episode.
INFO 2026-05-11 15:08:22 t_record.py:383 No policy or teleoperator provided, skipping action generation.This is likely to happen when resetting the environment without a teleop device.The robot won't be at its rest position at the start of the next episode.
INFO 2026-05-11 15:08:22 t_record.py:383 No policy or teleoperator provided, skipping action generation.This is likely to happen when resetting the environment without a teleop device.The robot won't be at its rest position at the start of the next episode.
INFO 2026-05-11 15:08:22 t_record.py:383 No policy or teleoperator provided, skipping action generation.This is likely to happen when resetting the environment without a teleop device.The robot won't be at its rest position at the start of the next episode.
INFO 2026-05-11 15:08:22 t_record.py:383 No policy or teleoperator provided, skipping action generation.This is likely to happen when resetting the environment without a teleop device.The robot won't be at its rest position at the start of the next episode.
INFO 2026-05-11 15:08:22 t_record.py:383 No policy or teleoperator provided, skipping action generation.This is likely to happen when resetting the environment without a teleop device.The robot won't be at its rest position at the start of the next episode.
INFO 2026-05-11 15:08:22 t_record.py:383 No policy or teleoperator provided, skipping action generation.This is likely to happen when resetting the environment without a teleop device.The robot won't be at its rest position at the start of the next episode.
INFO 2026-05-11 15:08:22 t_record.py:383 No policy or teleoperator provided, skipping action generation.This is likely to happen when resetting the environment without a teleop device.The robot won't be at its rest position at the start of the next episode.
INFO 2026-05-11 15:08:22 t_record.py:383 No policy or teleoperator provided, skipping action generation.This is likely to happen when resetting the environment without a teleop device.The robot won't be at its rest position at the start of the next episode.
INFO 2026-05-11 15:08:22 t_record.py:383 No policy or teleoperator provided, skipping action generation.This is likely to happen when resetting the environment without a teleop device.The robot won't be at its rest position at the start of the next episode.
INFO 2026-05-11 15:08:22 t_record.py:383 No policy or teleoperator provided, skipping action generation.This is likely to happen when resetting the environment without a teleop device.The robot won't be at its rest position at the start of the next episode.
INFO 2026-05-11 15:08:22 t_record.py:383 No policy or teleoperator provided, skipping action generation.This is likely to happen when resetting the environment without a teleop device.The robot won't be at its rest position at the start of the next episode.
INFO 2026-05-11 15:08:22 t_record.py:383 No policy or teleoperator provided, skipping action generation.This is likely to happen when resetting the environment without a teleop device.The robot won't be at its rest position at the start of the next episode.
INFO 2026-05-11 15:08:22 t_record.py:383 No policy or teleoperator provided, skipping action generation.This is likely to happen when resetting the environment without a teleop device.The robot won't be at its rest position at the start of the next episode.
INFO 2026-05-11 15:08:22 t_record.py:383 No policy or teleoperator provided, skipping action generation.This is likely to happen when resetting the environment without a teleop device.The robot won't be at its rest position at the start of the next episode.
INFO 2026-05-11 15:08:22 t_record.py:383 No policy or teleoperator provided, skipping action generation.This is likely to happen when resetting the environment without a teleop device.The robot won't be at its rest position at the start of the next episode.
INFO 2026-05-11 15:08:22 t_record.py:383 No policy or teleoperator provided, skipping action generation.This is likely to happen when resetting the environment without a teleop device.The robot won't be at its rest position at the start of the next episode.
INFO 2026-05-11 15:08:22 t_record.py:383 No policy or teleoperator provided, skipping action generation.This is likely to happen when resetting the environment without a teleop device.The robot won't be at its rest position at the start of the next episode.
INFO 2026-05-11 15:08:22 t_record.py:383 No policy or teleoperator provided, skipping action generation.This is likely to happen when resetting the environment without a teleop device.The robot won't be at its rest position at the start of the next episode.
INFO 2026-05-11 15:08:22 t_record.py:383 No policy or teleoperator provided, skipping action generation.This is likely to happen when resetting the environment without a teleop device.The robot won't be at its rest position at the start of the next episode.
INFO 2026-05-11 15:08:22 t_record.py:383 No policy or teleoperator provided, skipping action generation.This is likely to happen when resetting the environment without a teleop device.The robot won't be at its rest position at the start of the next episode.
INFO 2026-05-11 15:08:22 t_record.py:383 No policy or teleoperator provided, skipping action generation.This is likely to happen when resetting the environment without a teleop device.The robot won't be at its rest position at the start of the next episode.
INFO 2026-05-11 15:08:22 t_record.py:383 No policy or teleoperator provided, skipping action generation.This is likely to happen when resetting the environment without a teleop device.The robot won't be at its rest position at the start of the next episode.
INFO 2026-05-11 15:08:22 t_record.py:383 No policy or teleoperator provided, skipping action generation.This is likely to happen when resetting the environment without a teleop device.The robot won't be at its rest position at the start of the next episode.
INFO 2026-05-11 15:08:22 t_record.py:383 No policy or teleoperator provided, skipping action generation.This is likely to happen when resetting the environment without a teleop device.The robot won't be at its rest position at the start of the next episode.
INFO 2026-05-11 15:08:22 t_record.py:383 No policy or teleoperator provided, skipping action generation.This is likely to happen when resetting the environment without a teleop device.The robot won't be at its rest position at the start of the next episode.
INFO 2026-05-11 15:08:22 t_record.py:383 No policy or teleoperator provided, skipping action generation.This is likely to happen when resetting the environment without a teleop device.The robot won't be at its rest position at the start of the next episode.
INFO 2026-05-11 15:08:22 t_record.py:383 No policy or teleoperator provided, skipping action generation.This is likely to happen when resetting the environment without a teleop device.The robot won't be at its rest position at the start of the next episode.
INFO 2026-05-11 15:08:22 t_record.py:383 No policy or teleoperator provided, skipping action generation.This is likely to happen when resetting the environment without a teleop device.The robot won't be at its rest position at the start of the next episode.
INFO 2026-05-11 15:08:22 t_record.py:383 No policy or teleoperator provided, skipping action generation.This is likely to happen when resetting the environment without a teleop device.The robot won't be at its rest position at the start of the next episode.
INFO 2026-05-11 15:08:22 t_record.py:383 No policy or teleoperator provided, skipping action generation.This is likely to happen when resetting the environment without a teleop device.The robot won't be at its rest position at the start of the next episode.
INFO 2026-05-11 15:08:22 t_record.py:383 No policy or teleoperator provided, skipping action generation.This is likely to happen when resetting the environment without a teleop device.The robot won't be at its rest position at the start of the next episode.
INFO 2026-05-11 15:08:22 t_record.py:383 No policy or teleoperator provided, skipping action generation.This is likely to happen when resetting the environment without a teleop device.The robot won't be at its rest position at the start of the next episode.
INFO 2026-05-11 15:08:22 t_record.py:383 No policy or teleoperator provided, skipping action generation.This is likely to happen when resetting the environment without a teleop device.The robot won't be at its rest position at the start of the next episode.
INFO 2026-05-11 15:08:22 t_record.py:383 No policy or teleoperator provided, skipping action generation.This is likely to happen when resetting the environment without a teleop device.The robot won't be at its rest position at the start of the next episode.
INFO 2026-05-11 15:08:22 t_record.py:383 No policy or teleoperator provided, skipping action generation.This is likely to happen when resetting the environment without a teleop device.The robot won't be at its rest position at the start of the next episode.
INFO 2026-05-11 15:08:22 t_record.py:383 No policy or teleoperator provided, skipping action generation.This is likely to happen when resetting the environment without a teleop device.The robot won't be at its rest position at the start of the next episode.
INFO 2026-05-11 15:08:22 t_record.py:383 No policy or teleoperator provided, skipping action generation.This is likely to happen when resetting the environment without a teleop device.The robot won't be at its rest position at the start of the next episode.
INFO 2026-05-11 15:08:22 t_record.py:383 No policy or teleoperator provided, skipping action generation.This is likely to happen when resetting the environment without a teleop device.The robot won't be at its rest position at the start of the next episode.
INFO 2026-05-11 15:08:22 t_record.py:383 No policy or teleoperator provided, skipping action generation.This is likely to happen when resetting the environment without a teleop device.The robot won't be at its rest position at the start of the next episode.
INFO 2026-05-11 15:08:22 t_record.py:383 No policy or teleoperator provided, skipping action generation.This is likely to happen when resetting the environment without a teleop device.The robot won't be at its rest position at the start of the next episode.
INFO 2026-05-11 15:08:22 t_record.py:383 No policy or teleoperator provided, skipping action generation.This is likely to happen when resetting the environment without a teleop device.The robot won't be at its rest position at the start of the next episode.
INFO 2026-05-11 15:08:22 t_record.py:383 No policy or teleoperator provided, skipping action generation.This is likely to happen when resetting the environment without a teleop device.The robot won't be at its rest position at the start of the next episode.
INFO 2026-05-11 15:08:22 t_record.py:383 No policy or teleoperator provided, skipping action generation.This is likely to happen when resetting the environment without a teleop device.The robot won't be at its rest position at the start of the next episode.
INFO 2026-05-11 15:08:22 t_record.py:383 No policy or teleoperator provided, skipping action generation.This is likely to happen when resetting the environment without a teleop device.The robot won't be at its rest position at the start of the next episode.
INFO 2026-05-11 15:08:22 t_record.py:383 No policy or teleoperator provided, skipping action generation.This is likely to happen when resetting the environment without a teleop device.The robot won't be at its rest position at the start of the next episode.
INFO 2026-05-11 15:08:22 t_record.py:383 No policy or teleoperator provided, skipping action generation.This is likely to happen when resetting the environment without a teleop device.The robot won't be at its rest position at the start of the next episode.
INFO 2026-05-11 15:08:22 t_record.py:383 No policy or teleoperator provided, skipping action generation.This is likely to happen when resetting the environment without a teleop device.The robot won't be at its rest position at the start of the next episode.
INFO 2026-05-11 15:08:22 t_record.py:383 No policy or teleoperator provided, skipping action generation.This is likely to happen when resetting the environment without a teleop device.The robot won't be at its rest position at the start of the next episode.
INFO 2026-05-11 15:08:22 t_record.py:383 No policy or teleoperator provided, skipping action generation.This is likely to happen when resetting the environment without a teleop device.The robot won't be at its rest position at the start of the next episode.
INFO 2026-05-11 15:08:22 t_record.py:383 No policy or teleoperator provided, skipping action generation.This is likely to happen when resetting the environment without a teleop device.The robot won't be at its rest position at the start of the next episode.
INFO 2026-05-11 15:08:22 t_record.py:383 No policy or teleoperator provided, skipping action generation.This is likely to happen when resetting the environment without a teleop device.The robot won't be at its rest position at the start of the next episode.
INFO 2026-05-11 15:08:22 t_record.py:383 No policy or teleoperator provided, skipping action generation.This is likely to happen when resetting the environment without a teleop device.The robot won't be at its rest position at the start of the next episode.
INFO 2026-05-11 15:08:22 t_record.py:383 No policy or teleoperator provided, skipping action generation.This is likely to happen when resetting the environment without a teleop device.The robot won't be at its rest position at the start of the next episode.
INFO 2026-05-11 15:08:22 t_record.py:383 No policy or teleoperator provided, skipping action generation.This is likely to happen when resetting the environment without a teleop device.The robot won't be at its rest position at the start of the next episode.
INFO 2026-05-11 15:08:22 t_record.py:383 No policy or teleoperator provided, skipping action generation.This is likely to happen when resetting the environment without a teleop device.The robot won't be at its rest position at the start of the next episode.
INFO 2026-05-11 15:08:22 t_record.py:383 No policy or teleoperator provided, skipping action generation.This is likely to happen when resetting the environment without a teleop device.The robot won't be at its rest position at the start of the next episode.
INFO 2026-05-11 15:08:22 t_record.py:383 No policy or teleoperator provided, skipping action generation.This is likely to happen when resetting the environment without a teleop device.The robot won't be at its rest position at the start of the next episode.
INFO 2026-05-11 15:08:22 t_record.py:383 No policy or teleoperator provided, skipping action generation.This is likely to happen when resetting the environment without a teleop device.The robot won't be at its rest position at the start of the next episode.
INFO 2026-05-11 15:08:22 t_record.py:383 No policy or teleoperator provided, skipping action generation.This is likely to happen when resetting the environment without a teleop device.The robot won't be at its rest position at the start of the next episode.
INFO 2026-05-11 15:08:22 t_record.py:383 No policy or teleoperator provided, skipping action generation.This is likely to happen when resetting the environment without a teleop device.The robot won't be at its rest position at the start of the next episode.
INFO 2026-05-11 15:08:22 t_record.py:383 No policy or teleoperator provided, skipping action generation.This is likely to happen when resetting the environment without a teleop device.The robot won't be at its rest position at the start of the next episode.
INFO 2026-05-11 15:08:22 t_record.py:383 No policy or teleoperator provided, skipping action generation.This is likely to happen when resetting the environment without a teleop device.The robot won't be at its rest position at the start of the next episode.
INFO 2026-05-11 15:08:22 t_record.py:383 No policy or teleoperator provided, skipping action generation.This is likely to happen when resetting the environment without a teleop device.The robot won't be at its rest position at the start of the next episode.
INFO 2026-05-11 15:08:22 t_record.py:383 No policy or teleoperator provided, skipping action generation.This is likely to happen when resetting the environment without a teleop device.The robot won't be at its rest position at the start of the next episode.
INFO 2026-05-11 15:08:22 t_record.py:383 No policy or teleoperator provided, skipping action generation.This is likely to happen when resetting the environment without a teleop device.The robot won't be at its rest position at the start of the next episode.
INFO 2026-05-11 15:08:22 t_record.py:383 No policy or teleoperator provided, skipping action generation.This is likely to happen when resetting the environment without a teleop device.The robot won't be at its rest position at the start of the next episode.
INFO 2026-05-11 15:08:22 t_record.py:383 No policy or teleoperator provided, skipping action generation.This is likely to happen when resetting the environment without a teleop device.The robot won't be at its rest position at the start of the next episode.
INFO 2026-05-11 15:08:22 t_record.py:383 No policy or teleoperator provided, skipping action generation.This is likely to happen when resetting the environment without a teleop device.The robot won't be at its rest position at the start of the next episode.
INFO 2026-05-11 15:08:22 t_record.py:383 No policy or teleoperator provided, skipping action generation.This is likely to happen when resetting the environment without a teleop device.The robot won't be at its rest position at the start of the next episode.
INFO 2026-05-11 15:08:22 t_record.py:383 No policy or teleoperator provided, skipping action generation.This is likely to happen when resetting the environment without a teleop device.The robot won't be at its rest position at the start of the next episode.
INFO 2026-05-11 15:08:22 t_record.py:383 No policy or teleoperator provided, skipping action generation.This is likely to happen when resetting the environment without a teleop device.The robot won't be at its rest position at the start of the next episode.
INFO 2026-05-11 15:08:22 t_record.py:383 No policy or teleoperator provided, skipping action generation.This is likely to happen when resetting the environment without a teleop device.The robot won't be at its rest position at the start of the next episode.
INFO 2026-05-11 15:08:22 t_record.py:383 No policy or teleoperator provided, skipping action generation.This is likely to happen when resetting the environment without a teleop device.The robot won't be at its rest position at the start of the next episode.
INFO 2026-05-11 15:08:22 t_record.py:383 No policy or teleoperator provided, skipping action generation.This is likely to happen when resetting the environment without a teleop device.The robot won't be at its rest position at the start of the next episode.
INFO 2026-05-11 15:08:22 t_record.py:383 No policy or teleoperator provided, skipping action generation.This is likely to happen when resetting the environment without a teleop device.The robot won't be at its rest position at the start of the next episode.
INFO 2026-05-11 15:08:22 t_record.py:383 No policy or teleoperator provided, skipping action generation.This is likely to happen when resetting the environment without a teleop device.The robot won't be at its rest position at the start of the next episode.
INFO 2026-05-11 15:08:22 t_record.py:383 No policy or teleoperator provided, skipping action generation.This is likely to happen when resetting the environment without a teleop device.The robot won't be at its rest position at the start of the next episode.
INFO 2026-05-11 15:08:22 t_record.py:383 No policy or teleoperator provided, skipping action generation.This is likely to happen when resetting the environment without a teleop device.The robot won't be at its rest position at the start of the next episode.
INFO 2026-05-11 15:08:22 t_record.py:383 No policy or teleoperator provided, skipping action generation.This is likely to happen when resetting the environment without a teleop device.The robot won't be at its rest position at the start of the next episode.
INFO 2026-05-11 15:08:22 t_record.py:383 No policy or teleoperator provided, skipping action generation.This is likely to happen when resetting the environment without a teleop device.The robot won't be at its rest position at the start of the next episode.
INFO 2026-05-11 15:08:22 t_record.py:383 No policy or teleoperator provided, skipping action generation.This is likely to happen when resetting the environment without a teleop device.The robot won't be at its rest position at the start of the next episode.
INFO 2026-05-11 15:08:22 t_record.py:383 No policy or teleoperator provided, skipping action generation.This is likely to happen when resetting the environment without a teleop device.The robot won't be at its rest position at the start of the next episode.
INFO 2026-05-11 15:08:22 t_record.py:383 No policy or teleoperator provided, skipping action generation.This is likely to happen when resetting the environment without a teleop device.The robot won't be at its rest position at the start of the next episode.
INFO 2026-05-11 15:08:22 t_record.py:383 No policy or teleoperator provided, skipping action generation.This is likely to happen when resetting the environment without a teleop device.The robot won't be at its rest position at the start of the next episode.
INFO 2026-05-11 15:08:22 t_record.py:383 No policy or teleoperator provided, skipping action generation.This is likely to happen when resetting the environment without a teleop device.The robot won't be at its rest position at the start of the next episode.
INFO 2026-05-11 15:08:22 t_record.py:383 No policy or teleoperator provided, skipping action generation.This is likely to happen when resetting the environment without a teleop device.The robot won't be at its rest position at the start of the next episode.
INFO 2026-05-11 15:08:22 t_record.py:383 No policy or teleoperator provided, skipping action generation.This is likely to happen when resetting the environment without a teleop device.The robot won't be at its rest position at the start of the next episode.
INFO 2026-05-11 15:08:22 t_record.py:383 No policy or teleoperator provided, skipping action generation.This is likely to happen when resetting the environment without a teleop device.The robot won't be at its rest position at the start of the next episode.
INFO 2026-05-11 15:08:22 t_record.py:383 No policy or teleoperator provided, skipping action generation.This is likely to happen when resetting the environment without a teleop device.The robot won't be at its rest position at the start of the next episode.
INFO 2026-05-11 15:08:22 t_record.py:383 No policy or teleoperator provided, skipping action generation.This is likely to happen when resetting the environment without a teleop device.The robot won't be at its rest position at the start of the next episode.
INFO 2026-05-11 15:08:22 t_record.py:383 No policy or teleoperator provided, skipping action generation.This is likely to happen when resetting the environment without a teleop device.The robot won't be at its rest position at the start of the next episode.
INFO 2026-05-11 15:08:22 t_record.py:383 No policy or teleoperator provided, skipping action generation.This is likely to happen when resetting the environment without a teleop device.The robot won't be at its rest position at the start of the next episode.
INFO 2026-05-11 15:08:22 t_record.py:383 No policy or teleoperator provided, skipping action generation.This is likely to happen when resetting the environment without a teleop device.The robot won't be at its rest position at the start of the next episode.
INFO 2026-05-11 15:08:22 t_record.py:383 No policy or teleoperator provided, skipping action generation.This is likely to happen when resetting the environment without a teleop device.The robot won't be at its rest position at the start of the next episode.
INFO 2026-05-11 15:08:22 t_record.py:383 No policy or teleoperator provided, skipping action generation.This is likely to happen when resetting the environment without a teleop device.The robot won't be at its rest position at the start of the next episode.
INFO 2026-05-11 15:08:22 t_record.py:383 No policy or teleoperator provided, skipping action generation.This is likely to happen when resetting the environment without a teleop device.The robot won't be at its rest position at the start of the next episode.
INFO 2026-05-11 15:08:22 t_record.py:383 No policy or teleoperator provided, skipping action generation.This is likely to happen when resetting the environment without a teleop device.The robot won't be at its rest position at the start of the next episode.
INFO 2026-05-11 15:08:22 t_record.py:383 No policy or teleoperator provided, skipping action generation.This is likely to happen when resetting the environment without a teleop device.The robot won't be at its rest position at the start of the next episode.
INFO 2026-05-11 15:08:22 t_record.py:383 No policy or teleoperator provided, skipping action generation.This is likely to happen when resetting the environment without a teleop device.The robot won't be at its rest position at the start of the next episode.
INFO 2026-05-11 15:08:22 t_record.py:383 No policy or teleoperator provided, skipping action generation.This is likely to happen when resetting the environment without a teleop device.The robot won't be at its rest position at the start of the next episode.
INFO 2026-05-11 15:08:22 t_record.py:383 No policy or teleoperator provided, skipping action generation.This is likely to happen when resetting the environment without a teleop device.The robot won't be at its rest position at the start of the next episode.
INFO 2026-05-11 15:08:22 t_record.py:383 No policy or teleoperator provided, skipping action generation.This is likely to happen when resetting the environment without a teleop device.The robot won't be at its rest position at the start of the next episode.
INFO 2026-05-11 15:08:22 t_record.py:383 No policy or teleoperator provided, skipping action generation.This is likely to happen when resetting the environment without a teleop device.The robot won't be at its rest position at the start of the next episode.
INFO 2026-05-11 15:08:22 t_record.py:383 No policy or teleoperator provided, skipping action generation.This is likely to happen when resetting the environment without a teleop device.The robot won't be at its rest position at the start of the next episode.
INFO 2026-05-11 15:08:22 t_record.py:383 No policy or teleoperator provided, skipping action generation.This is likely to happen when resetting the environment without a teleop device.The robot won't be at its rest position at the start of the next episode.
INFO 2026-05-11 15:08:22 t_record.py:383 No policy or teleoperator provided, skipping action generation.This is likely to happen when resetting the environment without a teleop device.The robot won't be at its rest position at the start of the next episode.
INFO 2026-05-11 15:08:22 t_record.py:383 No policy or teleoperator provided, skipping action generation.This is likely to happen when resetting the environment without a teleop device.The robot won't be at its rest position at the start of the next episode.
INFO 2026-05-11 15:08:22 t_record.py:383 No policy or teleoperator provided, skipping action generation.This is likely to happen when resetting the environment without a teleop device.The robot won't be at its rest position at the start of the next episode.
INFO 2026-05-11 15:08:22 t_record.py:383 No policy or teleoperator provided, skipping action generation.This is likely to happen when resetting the environment without a teleop device.The robot won't be at its rest position at the start of the next episode.
INFO 2026-05-11 15:08:22 t_record.py:383 No policy or teleoperator provided, skipping action generation.This is likely to happen when resetting the environment without a teleop device.The robot won't be at its rest position at the start of the next episode.
INFO 2026-05-11 15:08:22 t_record.py:383 No policy or teleoperator provided, skipping action generation.This is likely to happen when resetting the environment without a teleop device.The robot won't be at its rest position at the start of the next episode.
INFO 2026-05-11 15:08:22 t_record.py:383 No policy or teleoperator provided, skipping action generation.This is likely to happen when resetting the environment without a teleop device.The robot won't be at its rest position at the start of the next episode.
INFO 2026-05-11 15:08:22 t_record.py:383 No policy or teleoperator provided, skipping action generation.This is likely to happen when resetting the environment without a teleop device.The robot won't be at its rest position at the start of the next episode.
INFO 2026-05-11 15:08:22 t_record.py:383 No policy or teleoperator provided, skipping action generation.This is likely to happen when resetting the environment without a teleop device.The robot won't be at its rest position at the start of the next episode.
INFO 2026-05-11 15:08:22 t_record.py:383 No policy or teleoperator provided, skipping action generation.This is likely to happen when resetting the environment without a teleop device.The robot won't be at its rest position at the start of the next episode.
INFO 2026-05-11 15:08:22 t_record.py:383 No policy or teleoperator provided, skipping action generation.This is likely to happen when resetting the environment without a teleop device.The robot won't be at its rest position at the start of the next episode.
INFO 2026-05-11 15:08:22 t_record.py:383 No policy or teleoperator provided, skipping action generation.This is likely to happen when resetting the environment without a teleop device.The robot won't be at its rest position at the start of the next episode.
INFO 2026-05-11 15:08:22 t_record.py:383 No policy or teleoperator provided, skipping action generation.This is likely to happen when resetting the environment without a teleop device.The robot won't be at its rest position at the start of the next episode.
INFO 2026-05-11 15:08:22 t_record.py:383 No policy or teleoperator provided, skipping action generation.This is likely to happen when resetting the environment without a teleop device.The robot won't be at its rest position at the start of the next episode.
INFO 2026-05-11 15:08:22 t_record.py:383 No policy or teleoperator provided, skipping action generation.This is likely to happen when resetting the environment without a teleop device.The robot won't be at its rest position at the start of the next episode.
INFO 2026-05-11 15:08:22 t_record.py:383 No policy or teleoperator provided, skipping action generation.This is likely to happen when resetting the environment without a teleop device.The robot won't be at its rest position at the start of the next episode.
INFO 2026-05-11 15:08:22 t_record.py:383 No policy or teleoperator provided, skipping action generation.This is likely to happen when resetting the environment without a teleop device.The robot won't be at its rest position at the start of the next episode.
INFO 2026-05-11 15:08:22 t_record.py:383 No policy or teleoperator provided, skipping action generation.This is likely to happen when resetting the environment without a teleop device.The robot won't be at its rest position at the start of the next episode.
INFO 2026-05-11 15:08:22 t_record.py:383 No policy or teleoperator provided, skipping action generation.This is likely to happen when resetting the environment without a teleop device.The robot won't be at its rest position at the start of the next episode.
INFO 2026-05-11 15:08:22 t_record.py:383 No policy or teleoperator provided, skipping action generation.This is likely to happen when resetting the environment without a teleop device.The robot won't be at its rest position at the start of the next episode.
INFO 2026-05-11 15:08:22 t_record.py:383 No policy or teleoperator provided, skipping action generation.This is likely to happen when resetting the environment without a teleop device.The robot won't be at its rest position at the start of the next episode.
INFO 2026-05-11 15:08:22 t_record.py:383 No policy or teleoperator provided, skipping action generation.This is likely to happen when resetting the environment without a teleop device.The robot won't be at its rest position at the start of the next episode.
INFO 2026-05-11 15:08:22 t_record.py:383 No policy or teleoperator provided, skipping action generation.This is likely to happen when resetting the environment without a teleop device.The robot won't be at its rest position at the start of the next episode.
INFO 2026-05-11 15:08:22 t_record.py:383 No policy or teleoperator provided, skipping action generation.This is likely to happen when resetting the environment without a teleop device.The robot won't be at its rest position at the start of the next episode.
INFO 2026-05-11 15:08:22 t_record.py:383 No policy or teleoperator provided, skipping action generation.This is likely to happen when resetting the environment without a teleop device.The robot won't be at its rest position at the start of the next episode.
INFO 2026-05-11 15:08:22 t_record.py:383 No policy or teleoperator provided, skipping action generation.This is likely to happen when resetting the environment without a teleop device.The robot won't be at its rest position at the start of the next episode.
INFO 2026-05-11 15:08:22 t_record.py:383 No policy or teleoperator provided, skipping action generation.This is likely to happen when resetting the environment without a teleop device.The robot won't be at its rest position at the start of the next episode.
INFO 2026-05-11 15:08:22 t_record.py:383 No policy or teleoperator provided, skipping action generation.This is likely to happen when resetting the environment without a teleop device.The robot won't be at its rest position at the start of the next episode.
INFO 2026-05-11 15:08:22 t_record.py:383 No policy or teleoperator provided, skipping action generation.This is likely to happen when resetting the environment without a teleop device.The robot won't be at its rest position at the start of the next episode.
INFO 2026-05-11 15:08:22 t_record.py:383 No policy or teleoperator provided, skipping action generation.This is likely to happen when resetting the environment without a teleop device.The robot won't be at its rest position at the start of the next episode.
INFO 2026-05-11 15:08:22 t_record.py:383 No policy or teleoperator provided, skipping action generation.This is likely to happen when resetting the environment without a teleop device.The robot won't be at its rest position at the start of the next episode.
INFO 2026-05-11 15:08:22 t_record.py:383 No policy or teleoperator provided, skipping action generation.This is likely to happen when resetting the environment without a teleop device.The robot won't be at its rest position at the start of the next episode.
INFO 2026-05-11 15:08:22 t_record.py:383 No policy or teleoperator provided, skipping action generation.This is likely to happen when resetting the environment without a teleop device.The robot won't be at its rest position at the start of the next episode.
INFO 2026-05-11 15:08:22 t_record.py:383 No policy or teleoperator provided, skipping action generation.This is likely to happen when resetting the environment without a teleop device.The robot won't be at its rest position at the start of the next episode.
INFO 2026-05-11 15:08:22 t_record.py:383 No policy or teleoperator provided, skipping action generation.This is likely to happen when resetting the environment without a teleop device.The robot won't be at its rest position at the start of the next episode.
INFO 2026-05-11 15:08:22 t_record.py:383 No policy or teleoperator provided, skipping action generation.This is likely to happen when resetting the environment without a teleop device.The robot won't be at its rest position at the start of the next episode.
INFO 2026-05-11 15:08:22 t_record.py:383 No policy or teleoperator provided, skipping action generation.This is likely to happen when resetting the environment without a teleop device.The robot won't be at its rest position at the start of the next episode.
INFO 2026-05-11 15:08:22 t_record.py:383 No policy or teleoperator provided, skipping action generation.This is likely to happen when resetting the environment without a teleop device.The robot won't be at its rest position at the start of the next episode.
INFO 2026-05-11 15:08:22 t_record.py:383 No policy or teleoperator provided, skipping action generation.This is likely to happen when resetting the environment without a teleop device.The robot won't be at its rest position at the start of the next episode.
INFO 2026-05-11 15:08:22 t_record.py:383 No policy or teleoperator provided, skipping action generation.This is likely to happen when resetting the environment without a teleop device.The robot won't be at its rest position at the start of the next episode.
INFO 2026-05-11 15:08:22 t_record.py:383 No policy or teleoperator provided, skipping action generation.This is likely to happen when resetting the environment without a teleop device.The robot won't be at its rest position at the start of the next episode.
INFO 2026-05-11 15:08:22 t_record.py:383 No policy or teleoperator provided, skipping action generation.This is likely to happen when resetting the environment without a teleop device.The robot won't be at its rest position at the start of the next episode.
INFO 2026-05-11 15:08:22 t_record.py:383 No policy or teleoperator provided, skipping action generation.This is likely to happen when resetting the environment without a teleop device.The robot won't be at its rest position at the start of the next episode.
INFO 2026-05-11 15:08:22 t_record.py:383 No policy or teleoperator provided, skipping action generation.This is likely to happen when resetting the environment without a teleop device.The robot won't be at its rest position at the start of the next episode.
INFO 2026-05-11 15:08:22 t_record.py:383 No policy or teleoperator provided, skipping action generation.This is likely to happen when resetting the environment without a teleop device.The robot won't be at its rest position at the start of the next episode.
INFO 2026-05-11 15:08:22 t_record.py:383 No policy or teleoperator provided, skipping action generation.This is likely to happen when resetting the environment without a teleop device.The robot won't be at its rest position at the start of the next episode.
INFO 2026-05-11 15:08:22 t_record.py:383 No policy or teleoperator provided, skipping action generation.This is likely to happen when resetting the environment without a teleop device.The robot won't be at its rest position at the start of the next episode.
INFO 2026-05-11 15:08:22 t_record.py:383 No policy or teleoperator provided, skipping action generation.This is likely to happen when resetting the environment without a teleop device.The robot won't be at its rest position at the start of the next episode.
INFO 2026-05-11 15:08:22 t_record.py:383 No policy or teleoperator provided, skipping action generation.This is likely to happen when resetting the environment without a teleop device.The robot won't be at its rest position at the start of the next episode.
INFO 2026-05-11 15:08:22 t_record.py:383 No policy or teleoperator provided, skipping action generation.This is likely to happen when resetting the environment without a teleop device.The robot won't be at its rest position at the start of the next episode.
INFO 2026-05-11 15:08:22 t_record.py:383 No policy or teleoperator provided, skipping action generation.This is likely to happen when resetting the environment without a teleop device.The robot won't be at its rest position at the start of the next episode.
INFO 2026-05-11 15:08:22 t_record.py:383 No policy or teleoperator provided, skipping action generation.This is likely to happen when resetting the environment without a teleop device.The robot won't be at its rest position at the start of the next episode.
INFO 2026-05-11 15:08:22 t_record.py:383 No policy or teleoperator provided, skipping action generation.This is likely to happen when resetting the environment without a teleop device.The robot won't be at its rest position at the start of the next episode.
INFO 2026-05-11 15:08:22 t_record.py:383 No policy or teleoperator provided, skipping action generation.This is likely to happen when resetting the environment without a teleop device.The robot won't be at its rest position at the start of the next episode.
INFO 2026-05-11 15:08:22 t_record.py:383 No policy or teleoperator provided, skipping action generation.This is likely to happen when resetting the environment without a teleop device.The robot won't be at its rest position at the start of the next episode.
INFO 2026-05-11 15:08:22 t_record.py:383 No policy or teleoperator provided, skipping action generation.This is likely to happen when resetting the environment without a teleop device.The robot won't be at its rest position at the start of the next episode.
INFO 2026-05-11 15:08:22 t_record.py:383 No policy or teleoperator provided, skipping action generation.This is likely to happen when resetting the environment without a teleop device.The robot won't be at its rest position at the start of the next episode.
INFO 2026-05-11 15:08:22 t_record.py:383 No policy or teleoperator provided, skipping action generation.This is likely to happen when resetting the environment without a teleop device.The robot won't be at its rest position at the start of the next episode.
INFO 2026-05-11 15:08:22 t_record.py:383 No policy or teleoperator provided, skipping action generation.This is likely to happen when resetting the environment without a teleop device.The robot won't be at its rest position at the start of the next episode.
INFO 2026-05-11 15:08:22 t_record.py:383 No policy or teleoperator provided, skipping action generation.This is likely to happen when resetting the environment without a teleop device.The robot won't be at its rest position at the start of the next episode.
INFO 2026-05-11 15:08:22 t_record.py:383 No policy or teleoperator provided, skipping action generation.This is likely to happen when resetting the environment without a teleop device.The robot won't be at its rest position at the start of the next episode.
INFO 2026-05-11 15:08:22 t_record.py:383 No policy or teleoperator provided, skipping action generation.This is likely to happen when resetting the environment without a teleop device.The robot won't be at its rest position at the start of the next episode.
INFO 2026-05-11 15:08:22 t_record.py:383 No policy or teleoperator provided, skipping action generation.This is likely to happen when resetting the environment without a teleop device.The robot won't be at its rest position at the start of the next episode.
INFO 2026-05-11 15:08:22 t_record.py:383 No policy or teleoperator provided, skipping action generation.This is likely to happen when resetting the environment without a teleop device.The robot won't be at its rest position at the start of the next episode.
INFO 2026-05-11 15:08:22 t_record.py:383 No policy or teleoperator provided, skipping action generation.This is likely to happen when resetting the environment without a teleop device.The robot won't be at its rest position at the start of the next episode.
INFO 2026-05-11 15:08:22 t_record.py:383 No policy or teleoperator provided, skipping action generation.This is likely to happen when resetting the environment without a teleop device.The robot won't be at its rest position at the start of the next episode.
INFO 2026-05-11 15:08:22 t_record.py:383 No policy or teleoperator provided, skipping action generation.This is likely to happen when resetting the environment without a teleop device.The robot won't be at its rest position at the start of the next episode.
INFO 2026-05-11 15:08:22 t_record.py:383 No policy or teleoperator provided, skipping action generation.This is likely to happen when resetting the environment without a teleop device.The robot won't be at its rest position at the start of the next episode.
INFO 2026-05-11 15:08:22 t_record.py:383 No policy or teleoperator provided, skipping action generation.This is likely to happen when resetting the environment without a teleop device.The robot won't be at its rest position at the start of the next episode.
INFO 2026-05-11 15:08:22 t_record.py:383 No policy or teleoperator provided, skipping action generation.This is likely to happen when resetting the environment without a teleop device.The robot won't be at its rest position at the start of the next episode.
INFO 2026-05-11 15:08:22 t_record.py:383 No policy or teleoperator provided, skipping action generation.This is likely to happen when resetting the environment without a teleop device.The robot won't be at its rest position at the start of the next episode.
INFO 2026-05-11 15:08:22 t_record.py:383 No policy or teleoperator provided, skipping action generation.This is likely to happen when resetting the environment without a teleop device.The robot won't be at its rest position at the start of the next episode.
INFO 2026-05-11 15:08:22 t_record.py:383 No policy or teleoperator provided, skipping action generation.This is likely to happen when resetting the environment without a teleop device.The robot won't be at its rest position at the start of the next episode.
INFO 2026-05-11 15:08:22 t_record.py:383 No policy or teleoperator provided, skipping action generation.This is likely to happen when resetting the environment without a teleop device.The robot won't be at its rest position at the start of the next episode.
INFO 2026-05-11 15:08:22 t_record.py:383 No policy or teleoperator provided, skipping action generation.This is likely to happen when resetting the environment without a teleop device.The robot won't be at its rest position at the start of the next episode.
INFO 2026-05-11 15:08:22 t_record.py:383 No policy or teleoperator provided, skipping action generation.This is likely to happen when resetting the environment without a teleop device.The robot won't be at its rest position at the start of the next episode.
INFO 2026-05-11 15:08:22 t_record.py:383 No policy or teleoperator provided, skipping action generation.This is likely to happen when resetting the environment without a teleop device.The robot won't be at its rest position at the start of the next episode.
INFO 2026-05-11 15:08:22 t_record.py:383 No policy or teleoperator provided, skipping action generation.This is likely to happen when resetting the environment without a teleop device.The robot won't be at its rest position at the start of the next episode.
INFO 2026-05-11 15:08:22 t_record.py:383 No policy or teleoperator provided, skipping action generation.This is likely to happen when resetting the environment without a teleop device.The robot won't be at its rest position at the start of the next episode.
INFO 2026-05-11 15:08:22 t_record.py:383 No policy or teleoperator provided, skipping action generation.This is likely to happen when resetting the environment without a teleop device.The robot won't be at its rest position at the start of the next episode.
INFO 2026-05-11 15:08:22 t_record.py:383 No policy or teleoperator provided, skipping action generation.This is likely to happen when resetting the environment without a teleop device.The robot won't be at its rest position at the start of the next episode.
INFO 2026-05-11 15:08:22 t_record.py:383 No policy or teleoperator provided, skipping action generation.This is likely to happen when resetting the environment without a teleop device.The robot won't be at its rest position at the start of the next episode.
INFO 2026-05-11 15:08:22 t_record.py:383 No policy or teleoperator provided, skipping action generation.This is likely to happen when resetting the environment without a teleop device.The robot won't be at its rest position at the start of the next episode.
INFO 2026-05-11 15:08:22 t_record.py:383 No policy or teleoperator provided, skipping action generation.This is likely to happen when resetting the environment without a teleop device.The robot won't be at its rest position at the start of the next episode.
INFO 2026-05-11 15:08:22 t_record.py:383 No policy or teleoperator provided, skipping action generation.This is likely to happen when resetting the environment without a teleop device.The robot won't be at its rest position at the start of the next episode.
INFO 2026-05-11 15:08:22 t_record.py:383 No policy or teleoperator provided, skipping action generation.This is likely to happen when resetting the environment without a teleop device.The robot won't be at its rest position at the start of the next episode.
INFO 2026-05-11 15:08:22 t_record.py:383 No policy or teleoperator provided, skipping action generation.This is likely to happen when resetting the environment without a teleop device.The robot won't be at its rest position at the start of the next episode.
INFO 2026-05-11 15:08:22 t_record.py:383 No policy or teleoperator provided, skipping action generation.This is likely to happen when resetting the environment without a teleop device.The robot won't be at its rest position at the start of the next episode.
INFO 2026-05-11 15:08:22 t_record.py:383 No policy or teleoperator provided, skipping action generation.This is likely to happen when resetting the environment without a teleop device.The robot won't be at its rest position at the start of the next episode.
INFO 2026-05-11 15:08:22 t_record.py:383 No policy or teleoperator provided, skipping action generation.This is likely to happen when resetting the environment without a teleop device.The robot won't be at its rest position at the start of the next episode.
INFO 2026-05-11 15:08:22 t_record.py:383 No policy or teleoperator provided, skipping action generation.This is likely to happen when resetting the environment without a teleop device.The robot won't be at its rest position at the start of the next episode.
INFO 2026-05-11 15:08:22 t_record.py:383 No policy or teleoperator provided, skipping action generation.This is likely to happen when resetting the environment without a teleop device.The robot won't be at its rest position at the start of the next episode.
INFO 2026-05-11 15:08:22 t_record.py:383 No policy or teleoperator provided, skipping action generation.This is likely to happen when resetting the environment without a teleop device.The robot won't be at its rest position at the start of the next episode.
INFO 2026-05-11 15:08:22 t_record.py:383 No policy or teleoperator provided, skipping action generation.This is likely to happen when resetting the environment without a teleop device.The robot won't be at its rest position at the start of the next episode.
INFO 2026-05-11 15:08:22 t_record.py:383 No policy or teleoperator provided, skipping action generation.This is likely to happen when resetting the environment without a teleop device.The robot won't be at its rest position at the start of the next episode.
INFO 2026-05-11 15:08:22 t_record.py:383 No policy or teleoperator provided, skipping action generation.This is likely to happen when resetting the environment without a teleop device.The robot won't be at its rest position at the start of the next episode.
INFO 2026-05-11 15:08:22 t_record.py:383 No policy or teleoperator provided, skipping action generation.This is likely to happen when resetting the environment without a teleop device.The robot won't be at its rest position at the start of the next episode.
INFO 2026-05-11 15:08:22 t_record.py:383 No policy or teleoperator provided, skipping action generation.This is likely to happen when resetting the environment without a teleop device.The robot won't be at its rest position at the start of the next episode.
INFO 2026-05-11 15:08:22 t_record.py:383 No policy or teleoperator provided, skipping action generation.This is likely to happen when resetting the environment without a teleop device.The robot won't be at its rest position at the start of the next episode.
INFO 2026-05-11 15:08:22 t_record.py:383 No policy or teleoperator provided, skipping action generation.This is likely to happen when resetting the environment without a teleop device.The robot won't be at its rest position at the start of the next episode.
INFO 2026-05-11 15:08:22 t_record.py:383 No policy or teleoperator provided, skipping action generation.This is likely to happen when resetting the environment without a teleop device.The robot won't be at its rest position at the start of the next episode.
INFO 2026-05-11 15:08:22 t_record.py:383 No policy or teleoperator provided, skipping action generation.This is likely to happen when resetting the environment without a teleop device.The robot won't be at its rest position at the start of the next episode.
INFO 2026-05-11 15:08:22 t_record.py:383 No policy or teleoperator provided, skipping action generation.This is likely to happen when resetting the environment without a teleop device.The robot won't be at its rest position at the start of the next episode.
INFO 2026-05-11 15:08:22 t_record.py:383 No policy or teleoperator provided, skipping action generation.This is likely to happen when resetting the environment without a teleop device.The robot won't be at its rest position at the start of the next episode.
INFO 2026-05-11 15:08:22 t_record.py:383 No policy or teleoperator provided, skipping action generation.This is likely to happen when resetting the environment without a teleop device.The robot won't be at its rest position at the start of the next episode.
INFO 2026-05-11 15:08:22 t_record.py:383 No policy or teleoperator provided, skipping action generation.This is likely to happen when resetting the environment without a teleop device.The robot won't be at its rest position at the start of the next episode.
INFO 2026-05-11 15:08:22 t_record.py:383 No policy or teleoperator provided, skipping action generation.This is likely to happen when resetting the environment without a teleop device.The robot won't be at its rest position at the start of the next episode.
INFO 2026-05-11 15:08:22 t_record.py:383 No policy or teleoperator provided, skipping action generation.This is likely to happen when resetting the environment without a teleop device.The robot won't be at its rest position at the start of the next episode.
INFO 2026-05-11 15:08:22 t_record.py:383 No policy or teleoperator provided, skipping action generation.This is likely to happen when resetting the environment without a teleop device.The robot won't be at its rest position at the start of the next episode.
INFO 2026-05-11 15:08:22 t_record.py:383 No policy or teleoperator provided, skipping action generation.This is likely to happen when resetting the environment without a teleop device.The robot won't be at its rest position at the start of the next episode.
INFO 2026-05-11 15:08:22 t_record.py:383 No policy or teleoperator provided, skipping action generation.This is likely to happen when resetting the environment without a teleop device.The robot won't be at its rest position at the start of the next episode.
INFO 2026-05-11 15:08:22 t_record.py:383 No policy or teleoperator provided, skipping action generation.This is likely to happen when resetting the environment without a teleop device.The robot won't be at its rest position at the start of the next episode.
INFO 2026-05-11 15:08:22 t_record.py:383 No policy or teleoperator provided, skipping action generation.This is likely to happen when resetting the environment without a teleop device.The robot won't be at its rest position at the start of the next episode.
INFO 2026-05-11 15:08:22 t_record.py:383 No policy or teleoperator provided, skipping action generation.This is likely to happen when resetting the environment without a teleop device.The robot won't be at its rest position at the start of the next episode.
INFO 2026-05-11 15:08:22 t_record.py:383 No policy or teleoperator provided, skipping action generation.This is likely to happen when resetting the environment without a teleop device.The robot won't be at its rest position at the start of the next episode.
INFO 2026-05-11 15:08:22 t_record.py:383 No policy or teleoperator provided, skipping action generation.This is likely to happen when resetting the environment without a teleop device.The robot won't be at its rest position at the start of the next episode.
INFO 2026-05-11 15:08:22 t_record.py:383 No policy or teleoperator provided, skipping action generation.This is likely to happen when resetting the environment without a teleop device.The robot won't be at its rest position at the start of the next episode.
INFO 2026-05-11 15:08:22 t_record.py:383 No policy or teleoperator provided, skipping action generation.This is likely to happen when resetting the environment without a teleop device.The robot won't be at its rest position at the start of the next episode.
INFO 2026-05-11 15:08:22 t_record.py:383 No policy or teleoperator provided, skipping action generation.This is likely to happen when resetting the environment without a teleop device.The robot won't be at its rest position at the start of the next episode.
INFO 2026-05-11 15:08:22 t_record.py:383 No policy or teleoperator provided, skipping action generation.This is likely to happen when resetting the environment without a teleop device.The robot won't be at its rest position at the start of the next episode.
INFO 2026-05-11 15:08:22 t_record.py:383 No policy or teleoperator provided, skipping action generation.This is likely to happen when resetting the environment without a teleop device.The robot won't be at its rest position at the start of the next episode.
INFO 2026-05-11 15:08:22 t_record.py:383 No policy or teleoperator provided, skipping action generation.This is likely to happen when resetting the environment without a teleop device.The robot won't be at its rest position at the start of the next episode.
INFO 2026-05-11 15:08:22 t_record.py:383 No policy or teleoperator provided, skipping action generation.This is likely to happen when resetting the environment without a teleop device.The robot won't be at its rest position at the start of the next episode.
INFO 2026-05-11 15:08:22 t_record.py:383 No policy or teleoperator provided, skipping action generation.This is likely to happen when resetting the environment without a teleop device.The robot won't be at its rest position at the start of the next episode.
INFO 2026-05-11 15:08:22 t_record.py:383 No policy or teleoperator provided, skipping action generation.This is likely to happen when resetting the environment without a teleop device.The robot won't be at its rest position at the start of the next episode.
INFO 2026-05-11 15:08:22 t_record.py:383 No policy or teleoperator provided, skipping action generation.This is likely to happen when resetting the environment without a teleop device.The robot won't be at its rest position at the start of the next episode.
INFO 2026-05-11 15:08:22 t_record.py:383 No policy or teleoperator provided, skipping action generation.This is likely to happen when resetting the environment without a teleop device.The robot won't be at its rest position at the start of the next episode.
INFO 2026-05-11 15:08:22 t_record.py:383 No policy or teleoperator provided, skipping action generation.This is likely to happen when resetting the environment without a teleop device.The robot won't be at its rest position at the start of the next episode.
INFO 2026-05-11 15:08:22 t_record.py:383 No policy or teleoperator provided, skipping action generation.This is likely to happen when resetting the environment without a teleop device.The robot won't be at its rest position at the start of the next episode.
INFO 2026-05-11 15:08:22 t_record.py:383 No policy or teleoperator provided, skipping action generation.This is likely to happen when resetting the environment without a teleop device.The robot won't be at its rest position at the start of the next episode.
INFO 2026-05-11 15:08:22 t_record.py:383 No policy or teleoperator provided, skipping action generation.This is likely to happen when resetting the environment without a teleop device.The robot won't be at its rest position at the start of the next episode.
INFO 2026-05-11 15:08:22 t_record.py:383 No policy or teleoperator provided, skipping action generation.This is likely to happen when resetting the environment without a teleop device.The robot won't be at its rest position at the start of the next episode.
INFO 2026-05-11 15:08:22 t_record.py:383 No policy or teleoperator provided, skipping action generation.This is likely to happen when resetting the environment without a teleop device.The robot won't be at its rest position at the start of the next episode.
INFO 2026-05-11 15:08:22 t_record.py:383 No policy or teleoperator provided, skipping action generation.This is likely to happen when resetting the environment without a teleop device.The robot won't be at its rest position at the start of the next episode.
INFO 2026-05-11 15:08:22 t_record.py:383 No policy or teleoperator provided, skipping action generation.This is likely to happen when resetting the environment without a teleop device.The robot won't be at its rest position at the start of the next episode.
INFO 2026-05-11 15:08:22 t_record.py:383 No policy or teleoperator provided, skipping action generation.This is likely to happen when resetting the environment without a teleop device.The robot won't be at its rest position at the start of the next episode.
INFO 2026-05-11 15:08:22 t_record.py:383 No policy or teleoperator provided, skipping action generation.This is likely to happen when resetting the environment without a teleop device.The robot won't be at its rest position at the start of the next episode.
INFO 2026-05-11 15:08:22 t_record.py:383 No policy or teleoperator provided, skipping action generation.This is likely to happen when resetting the environment without a teleop device.The robot won't be at its rest position at the start of the next episode.
INFO 2026-05-11 15:08:22 t_record.py:383 No policy or teleoperator provided, skipping action generation.This is likely to happen when resetting the environment without a teleop device.The robot won't be at its rest position at the start of the next episode.
INFO 2026-05-11 15:08:22 t_record.py:383 No policy or teleoperator provided, skipping action generation.This is likely to happen when resetting the environment without a teleop device.The robot won't be at its rest position at the start of the next episode.
INFO 2026-05-11 15:08:22 t_record.py:383 No policy or teleoperator provided, skipping action generation.This is likely to happen when resetting the environment without a teleop device.The robot won't be at its rest position at the start of the next episode.
INFO 2026-05-11 15:08:22 t_record.py:383 No policy or teleoperator provided, skipping action generation.This is likely to happen when resetting the environment without a teleop device.The robot won't be at its rest position at the start of the next episode.
INFO 2026-05-11 15:08:22 t_record.py:383 No policy or teleoperator provided, skipping action generation.This is likely to happen when resetting the environment without a teleop device.The robot won't be at its rest position at the start of the next episode.
INFO 2026-05-11 15:08:22 t_record.py:383 No policy or teleoperator provided, skipping action generation.This is likely to happen when resetting the environment without a teleop device.The robot won't be at its rest position at the start of the next episode.
INFO 2026-05-11 15:08:22 t_record.py:383 No policy or teleoperator provided, skipping action generation.This is likely to happen when resetting the environment without a teleop device.The robot won't be at its rest position at the start of the next episode.
INFO 2026-05-11 15:08:22 t_record.py:383 No policy or teleoperator provided, skipping action generation.This is likely to happen when resetting the environment without a teleop device.The robot won't be at its rest position at the start of the next episode.
INFO 2026-05-11 15:08:22 t_record.py:383 No policy or teleoperator provided, skipping action generation.This is likely to happen when resetting the environment without a teleop device.The robot won't be at its rest position at the start of the next episode.
INFO 2026-05-11 15:08:22 t_record.py:383 No policy or teleoperator provided, skipping action generation.This is likely to happen when resetting the environment without a teleop device.The robot won't be at its rest position at the start of the next episode.
INFO 2026-05-11 15:08:22 t_record.py:383 No policy or teleoperator provided, skipping action generation.This is likely to happen when resetting the environment without a teleop device.The robot won't be at its rest position at the start of the next episode.
INFO 2026-05-11 15:08:22 t_record.py:383 No policy or teleoperator provided, skipping action generation.This is likely to happen when resetting the environment without a teleop device.The robot won't be at its rest position at the start of the next episode.
INFO 2026-05-11 15:08:22 t_record.py:383 No policy or teleoperator provided, skipping action generation.This is likely to happen when resetting the environment without a teleop device.The robot won't be at its rest position at the start of the next episode.
INFO 2026-05-11 15:08:22 t_record.py:383 No policy or teleoperator provided, skipping action generation.This is likely to happen when resetting the environment without a teleop device.The robot won't be at its rest position at the start of the next episode.
INFO 2026-05-11 15:08:22 t_record.py:383 No policy or teleoperator provided, skipping action generation.This is likely to happen when resetting the environment without a teleop device.The robot won't be at its rest position at the start of the next episode.
INFO 2026-05-11 15:08:22 t_record.py:383 No policy or teleoperator provided, skipping action generation.This is likely to happen when resetting the environment without a teleop device.The robot won't be at its rest position at the start of the next episode.
INFO 2026-05-11 15:08:22 t_record.py:383 No policy or teleoperator provided, skipping action generation.This is likely to happen when resetting the environment without a teleop device.The robot won't be at its rest position at the start of the next episode.
INFO 2026-05-11 15:08:22 t_record.py:383 No policy or teleoperator provided, skipping action generation.This is likely to happen when resetting the environment without a teleop device.The robot won't be at its rest position at the start of the next episode.
INFO 2026-05-11 15:08:22 t_record.py:383 No policy or teleoperator provided, skipping action generation.This is likely to happen when resetting the environment without a teleop device.The robot won't be at its rest position at the start of the next episode.
INFO 2026-05-11 15:08:22 t_record.py:383 No policy or teleoperator provided, skipping action generation.This is likely to happen when resetting the environment without a teleop device.The robot won't be at its rest position at the start of the next episode.
INFO 2026-05-11 15:08:22 t_record.py:383 No policy or teleoperator provided, skipping action generation.This is likely to happen when resetting the environment without a teleop device.The robot won't be at its rest position at the start of the next episode.
INFO 2026-05-11 15:08:22 t_record.py:383 No policy or teleoperator provided, skipping action generation.This is likely to happen when resetting the environment without a teleop device.The robot won't be at its rest position at the start of the next episode.
INFO 2026-05-11 15:08:22 t_record.py:383 No policy or teleoperator provided, skipping action generation.This is likely to happen when resetting the environment without a teleop device.The robot won't be at its rest position at the start of the next episode.
INFO 2026-05-11 15:08:22 t_record.py:383 No policy or teleoperator provided, skipping action generation.This is likely to happen when resetting the environment without a teleop device.The robot won't be at its rest position at the start of the next episode.
INFO 2026-05-11 15:08:22 t_record.py:383 No policy or teleoperator provided, skipping action generation.This is likely to happen when resetting the environment without a teleop device.The robot won't be at its rest position at the start of the next episode.
INFO 2026-05-11 15:08:22 t_record.py:383 No policy or teleoperator provided, skipping action generation.This is likely to happen when resetting the environment without a teleop device.The robot won't be at its rest position at the start of the next episode.
INFO 2026-05-11 15:08:22 t_record.py:383 No policy or teleoperator provided, skipping action generation.This is likely to happen when resetting the environment without a teleop device.The robot won't be at its rest position at the start of the next episode.
INFO 2026-05-11 15:08:22 t_record.py:383 No policy or teleoperator provided, skipping action generation.This is likely to happen when resetting the environment without a teleop device.The robot won't be at its rest position at the start of the next episode.
INFO 2026-05-11 15:08:22 t_record.py:383 No policy or teleoperator provided, skipping action generation.This is likely to happen when resetting the environment without a teleop device.The robot won't be at its rest position at the start of the next episode.
INFO 2026-05-11 15:08:22 t_record.py:383 No policy or teleoperator provided, skipping action generation.This is likely to happen when resetting the environment without a teleop device.The robot won't be at its rest position at the start of the next episode.
INFO 2026-05-11 15:08:22 t_record.py:383 No policy or teleoperator provided, skipping action generation.This is likely to happen when resetting the environment without a teleop device.The robot won't be at its rest position at the start of the next episode.
INFO 2026-05-11 15:08:22 t_record.py:383 No policy or teleoperator provided, skipping action generation.This is likely to happen when resetting the environment without a teleop device.The robot won't be at its rest position at the start of the next episode.
INFO 2026-05-11 15:08:22 t_record.py:383 No policy or teleoperator provided, skipping action generation.This is likely to happen when resetting the environment without a teleop device.The robot won't be at its rest position at the start of the next episode.
INFO 2026-05-11 15:08:22 t_record.py:383 No policy or teleoperator provided, skipping action generation.This is likely to happen when resetting the environment without a teleop device.The robot won't be at its rest position at the start of the next episode.
INFO 2026-05-11 15:08:22 t_record.py:383 No policy or teleoperator provided, skipping action generation.This is likely to happen when resetting the environment without a teleop device.The robot won't be at its rest position at the start of the next episode.
INFO 2026-05-11 15:08:22 t_record.py:383 No policy or teleoperator provided, skipping action generation.This is likely to happen when resetting the environment without a teleop device.The robot won't be at its rest position at the start of the next episode.
INFO 2026-05-11 15:08:22 t_record.py:383 No policy or teleoperator provided, skipping action generation.This is likely to happen when resetting the environment without a teleop device.The robot won't be at its rest position at the start of the next episode.
INFO 2026-05-11 15:08:22 t_record.py:383 No policy or teleoperator provided, skipping action generation.This is likely to happen when resetting the environment without a teleop device.The robot won't be at its rest position at the start of the next episode.
INFO 2026-05-11 15:08:22 t_record.py:383 No policy or teleoperator provided, skipping action generation.This is likely to happen when resetting the environment without a teleop device.The robot won't be at its rest position at the start of the next episode.
INFO 2026-05-11 15:08:22 t_record.py:383 No policy or teleoperator provided, skipping action generation.This is likely to happen when resetting the environment without a teleop device.The robot won't be at its rest position at the start of the next episode.
INFO 2026-05-11 15:08:22 t_record.py:383 No policy or teleoperator provided, skipping action generation.This is likely to happen when resetting the environment without a teleop device.The robot won't be at its rest position at the start of the next episode.
INFO 2026-05-11 15:08:22 t_record.py:383 No policy or teleoperator provided, skipping action generation.This is likely to happen when resetting the environment without a teleop device.The robot won't be at its rest position at the start of the next episode.
INFO 2026-05-11 15:08:22 t_record.py:383 No policy or teleoperator provided, skipping action generation.This is likely to happen when resetting the environment without a teleop device.The robot won't be at its rest position at the start of the next episode.
INFO 2026-05-11 15:08:22 t_record.py:383 No policy or teleoperator provided, skipping action generation.This is likely to happen when resetting the environment without a teleop device.The robot won't be at its rest position at the start of the next episode.
INFO 2026-05-11 15:08:22 t_record.py:383 No policy or teleoperator provided, skipping action generation.This is likely to happen when resetting the environment without a teleop device.The robot won't be at its rest position at the start of the next episode.
INFO 2026-05-11 15:08:22 t_record.py:383 No policy or teleoperator provided, skipping action generation.This is likely to happen when resetting the environment without a teleop device.The robot won't be at its rest position at the start of the next episode.
INFO 2026-05-11 15:08:22 t_record.py:383 No policy or teleoperator provided, skipping action generation.This is likely to happen when resetting the environment without a teleop device.The robot won't be at its rest position at the start of the next episode.
INFO 2026-05-11 15:08:22 t_record.py:383 No policy or teleoperator provided, skipping action generation.This is likely to happen when resetting the environment without a teleop device.The robot won't be at its rest position at the start of the next episode.
INFO 2026-05-11 15:08:22 t_record.py:383 No policy or teleoperator provided, skipping action generation.This is likely to happen when resetting the environment without a teleop device.The robot won't be at its rest position at the start of the next episode.
INFO 2026-05-11 15:08:22 t_record.py:383 No policy or teleoperator provided, skipping action generation.This is likely to happen when resetting the environment without a teleop device.The robot won't be at its rest position at the start of the next episode.
INFO 2026-05-11 15:08:22 t_record.py:383 No policy or teleoperator provided, skipping action generation.This is likely to happen when resetting the environment without a teleop device.The robot won't be at its rest position at the start of the next episode.
INFO 2026-05-11 15:08:22 t_record.py:383 No policy or teleoperator provided, skipping action generation.This is likely to happen when resetting the environment without a teleop device.The robot won't be at its rest position at the start of the next episode.
INFO 2026-05-11 15:08:22 t_record.py:383 No policy or teleoperator provided, skipping action generation.This is likely to happen when resetting the environment without a teleop device.The robot won't be at its rest position at the start of the next episode.
INFO 2026-05-11 15:08:22 t_record.py:383 No policy or teleoperator provided, skipping action generation.This is likely to happen when resetting the environment without a teleop device.The robot won't be at its rest position at the start of the next episode.
INFO 2026-05-11 15:08:22 t_record.py:383 No policy or teleoperator provided, skipping action generation.This is likely to happen when resetting the environment without a teleop device.The robot won't be at its rest position at the start of the next episode.
INFO 2026-05-11 15:08:22 t_record.py:383 No policy or teleoperator provided, skipping action generation.This is likely to happen when resetting the environment without a teleop device.The robot won't be at its rest position at the start of the next episode.
INFO 2026-05-11 15:08:22 t_record.py:383 No policy or teleoperator provided, skipping action generation.This is likely to happen when resetting the environment without a teleop device.The robot won't be at its rest position at the start of the next episode.
INFO 2026-05-11 15:08:22 t_record.py:383 No policy or teleoperator provided, skipping action generation.This is likely to happen when resetting the environment without a teleop device.The robot won't be at its rest position at the start of the next episode.
INFO 2026-05-11 15:08:22 t_record.py:383 No policy or teleoperator provided, skipping action generation.This is likely to happen when resetting the environment without a teleop device.The robot won't be at its rest position at the start of the next episode.
INFO 2026-05-11 15:08:22 t_record.py:383 No policy or teleoperator provided, skipping action generation.This is likely to happen when resetting the environment without a teleop device.The robot won't be at its rest position at the start of the next episode.
INFO 2026-05-11 15:08:22 t_record.py:383 No policy or teleoperator provided, skipping action generation.This is likely to happen when resetting the environment without a teleop device.The robot won't be at its rest position at the start of the next episode.
INFO 2026-05-11 15:08:22 t_record.py:383 No policy or teleoperator provided, skipping action generation.This is likely to happen when resetting the environment without a teleop device.The robot won't be at its rest position at the start of the next episode.
INFO 2026-05-11 15:08:22 t_record.py:383 No policy or teleoperator provided, skipping action generation.This is likely to happen when resetting the environment without a teleop device.The robot won't be at its rest position at the start of the next episode.
INFO 2026-05-11 15:08:22 t_record.py:383 No policy or teleoperator provided, skipping action generation.This is likely to happen when resetting the environment without a teleop device.The robot won't be at its rest position at the start of the next episode.
INFO 2026-05-11 15:08:22 t_record.py:383 No policy or teleoperator provided, skipping action generation.This is likely to happen when resetting the environment without a teleop device.The robot won't be at its rest position at the start of the next episode.
INFO 2026-05-11 15:08:22 t_record.py:383 No policy or teleoperator provided, skipping action generation.This is likely to happen when resetting the environment without a teleop device.The robot won't be at its rest position at the start of the next episode.
INFO 2026-05-11 15:08:22 t_record.py:383 No policy or teleoperator provided, skipping action generation.This is likely to happen when resetting the environment without a teleop device.The robot won't be at its rest position at the start of the next episode.
INFO 2026-05-11 15:08:22 t_record.py:383 No policy or teleoperator provided, skipping action generation.This is likely to happen when resetting the environment without a teleop device.The robot won't be at its rest position at the start of the next episode.
INFO 2026-05-11 15:08:22 t_record.py:383 No policy or teleoperator provided, skipping action generation.This is likely to happen when resetting the environment without a teleop device.The robot won't be at its rest position at the start of the next episode.
INFO 2026-05-11 15:08:22 t_record.py:383 No policy or teleoperator provided, skipping action generation.This is likely to happen when resetting the environment without a teleop device.The robot won't be at its rest position at the start of the next episode.
INFO 2026-05-11 15:08:22 t_record.py:383 No policy or teleoperator provided, skipping action generation.This is likely to happen when resetting the environment without a teleop device.The robot won't be at its rest position at the start of the next episode.
INFO 2026-05-11 15:08:22 t_record.py:383 No policy or teleoperator provided, skipping action generation.This is likely to happen when resetting the environment without a teleop device.The robot won't be at its rest position at the start of the next episode.
INFO 2026-05-11 15:08:22 t_record.py:383 No policy or teleoperator provided, skipping action generation.This is likely to happen when resetting the environment without a teleop device.The robot won't be at its rest position at the start of the next episode.
INFO 2026-05-11 15:08:22 t_record.py:383 No policy or teleoperator provided, skipping action generation.This is likely to happen when resetting the environment without a teleop device.The robot won't be at its rest position at the start of the next episode.
INFO 2026-05-11 15:08:22 t_record.py:383 No policy or teleoperator provided, skipping action generation.This is likely to happen when resetting the environment without a teleop device.The robot won't be at its rest position at the start of the next episode.
INFO 2026-05-11 15:08:22 t_record.py:383 No policy or teleoperator provided, skipping action generation.This is likely to happen when resetting the environment without a teleop device.The robot won't be at its rest position at the start of the next episode.
INFO 2026-05-11 15:08:22 t_record.py:383 No policy or teleoperator provided, skipping action generation.This is likely to happen when resetting the environment without a teleop device.The robot won't be at its rest position at the start of the next episode.
INFO 2026-05-11 15:08:22 t_record.py:383 No policy or teleoperator provided, skipping action generation.This is likely to happen when resetting the environment without a teleop device.The robot won't be at its rest position at the start of the next episode.
INFO 2026-05-11 15:08:22 t_record.py:383 No policy or teleoperator provided, skipping action generation.This is likely to happen when resetting the environment without a teleop device.The robot won't be at its rest position at the start of the next episode.
INFO 2026-05-11 15:08:22 t_record.py:383 No policy or teleoperator provided, skipping action generation.This is likely to happen when resetting the environment without a teleop device.The robot won't be at its rest position at the start of the next episode.
INFO 2026-05-11 15:08:22 t_record.py:383 No policy or teleoperator provided, skipping action generation.This is likely to happen when resetting the environment without a teleop device.The robot won't be at its rest position at the start of the next episode.
INFO 2026-05-11 15:08:22 t_record.py:383 No policy or teleoperator provided, skipping action generation.This is likely to happen when resetting the environment without a teleop device.The robot won't be at its rest position at the start of the next episode.
INFO 2026-05-11 15:08:22 t_record.py:383 No policy or teleoperator provided, skipping action generation.This is likely to happen when resetting the environment without a teleop device.The robot won't be at its rest position at the start of the next episode.
INFO 2026-05-11 15:08:22 t_record.py:383 No policy or teleoperator provided, skipping action generation.This is likely to happen when resetting the environment without a teleop device.The robot won't be at its rest position at the start of the next episode.
INFO 2026-05-11 15:08:22 t_record.py:383 No policy or teleoperator provided, skipping action generation.This is likely to happen when resetting the environment without a teleop device.The robot won't be at its rest position at the start of the next episode.
INFO 2026-05-11 15:08:22 t_record.py:383 No policy or teleoperator provided, skipping action generation.This is likely to happen when resetting the environment without a teleop device.The robot won't be at its rest position at the start of the next episode.
INFO 2026-05-11 15:08:22 t_record.py:383 No policy or teleoperator provided, skipping action generation.This is likely to happen when resetting the environment without a teleop device.The robot won't be at its rest position at the start of the next episode.
INFO 2026-05-11 15:08:22 t_record.py:383 No policy or teleoperator provided, skipping action generation.This is likely to happen when resetting the environment without a teleop device.The robot won't be at its rest position at the start of the next episode.
INFO 2026-05-11 15:08:22 t_record.py:383 No policy or teleoperator provided, skipping action generation.This is likely to happen when resetting the environment without a teleop device.The robot won't be at its rest position at the start of the next episode.
INFO 2026-05-11 15:08:22 t_record.py:383 No policy or teleoperator provided, skipping action generation.This is likely to happen when resetting the environment without a teleop device.The robot won't be at its rest position at the start of the next episode.
INFO 2026-05-11 15:08:22 t_record.py:383 No policy or teleoperator provided, skipping action generation.This is likely to happen when resetting the environment without a teleop device.The robot won't be at its rest position at the start of the next episode.
INFO 2026-05-11 15:08:22 t_record.py:383 No policy or teleoperator provided, skipping action generation.This is likely to happen when resetting the environment without a teleop device.The robot won't be at its rest position at the start of the next episode.
INFO 2026-05-11 15:08:22 t_record.py:383 No policy or teleoperator provided, skipping action generation.This is likely to happen when resetting the environment without a teleop device.The robot won't be at its rest position at the start of the next episode.
INFO 2026-05-11 15:08:22 t_record.py:383 No policy or teleoperator provided, skipping action generation.This is likely to happen when resetting the environment without a teleop device.The robot won't be at its rest position at the start of the next episode.
INFO 2026-05-11 15:08:22 t_record.py:383 No policy or teleoperator provided, skipping action generation.This is likely to happen when resetting the environment without a teleop device.The robot won't be at its rest position at the start of the next episode.
INFO 2026-05-11 15:08:22 t_record.py:383 No policy or teleoperator provided, skipping action generation.This is likely to happen when resetting the environment without a teleop device.The robot won't be at its rest position at the start of the next episode.
INFO 2026-05-11 15:08:22 t_record.py:383 No policy or teleoperator provided, skipping action generation.This is likely to happen when resetting the environment without a teleop device.The robot won't be at its rest position at the start of the next episode.
INFO 2026-05-11 15:08:22 t_record.py:383 No policy or teleoperator provided, skipping action generation.This is likely to happen when resetting the environment without a teleop device.The robot won't be at its rest position at the start of the next episode.
INFO 2026-05-11 15:08:22 t_record.py:383 No policy or teleoperator provided, skipping action generation.This is likely to happen when resetting the environment without a teleop device.The robot won't be at its rest position at the start of the next episode.
INFO 2026-05-11 15:08:22 t_record.py:383 No policy or teleoperator provided, skipping action generation.This is likely to happen when resetting the environment without a teleop device.The robot won't be at its rest position at the start of the next episode.
INFO 2026-05-11 15:08:22 t_record.py:383 No policy or teleoperator provided, skipping action generation.This is likely to happen when resetting the environment without a teleop device.The robot won't be at its rest position at the start of the next episode.
INFO 2026-05-11 15:08:22 t_record.py:383 No policy or teleoperator provided, skipping action generation.This is likely to happen when resetting the environment without a teleop device.The robot won't be at its rest position at the start of the next episode.
INFO 2026-05-11 15:08:22 t_record.py:383 No policy or teleoperator provided, skipping action generation.This is likely to happen when resetting the environment without a teleop device.The robot won't be at its rest position at the start of the next episode.
INFO 2026-05-11 15:08:22 t_record.py:383 No policy or teleoperator provided, skipping action generation.This is likely to happen when resetting the environment without a teleop device.The robot won't be at its rest position at the start of the next episode.
INFO 2026-05-11 15:08:22 t_record.py:383 No policy or teleoperator provided, skipping action generation.This is likely to happen when resetting the environment without a teleop device.The robot won't be at its rest position at the start of the next episode.
INFO 2026-05-11 15:08:22 t_record.py:383 No policy or teleoperator provided, skipping action generation.This is likely to happen when resetting the environment without a teleop device.The robot won't be at its rest position at the start of the next episode.
INFO 2026-05-11 15:08:22 t_record.py:383 No policy or teleoperator provided, skipping action generation.This is likely to happen when resetting the environment without a teleop device.The robot won't be at its rest position at the start of the next episode.
INFO 2026-05-11 15:08:22 t_record.py:383 No policy or teleoperator provided, skipping action generation.This is likely to happen when resetting the environment without a teleop device.The robot won't be at its rest position at the start of the next episode.
INFO 2026-05-11 15:08:22 t_record.py:383 No policy or teleoperator provided, skipping action generation.This is likely to happen when resetting the environment without a teleop device.The robot won't be at its rest position at the start of the next episode.
INFO 2026-05-11 15:08:22 t_record.py:383 No policy or teleoperator provided, skipping action generation.This is likely to happen when resetting the environment without a teleop device.The robot won't be at its rest position at the start of the next episode.
INFO 2026-05-11 15:08:22 t_record.py:383 No policy or teleoperator provided, skipping action generation.This is likely to happen when resetting the environment without a teleop device.The robot won't be at its rest position at the start of the next episode.
INFO 2026-05-11 15:08:22 t_record.py:383 No policy or teleoperator provided, skipping action generation.This is likely to happen when resetting the environment without a teleop device.The robot won't be at its rest position at the start of the next episode.
INFO 2026-05-11 15:08:22 t_record.py:383 No policy or teleoperator provided, skipping action generation.This is likely to happen when resetting the environment without a teleop device.The robot won't be at its rest position at the start of the next episode.
INFO 2026-05-11 15:08:22 t_record.py:383 No policy or teleoperator provided, skipping action generation.This is likely to happen when resetting the environment without a teleop device.The robot won't be at its rest position at the start of the next episode.
INFO 2026-05-11 15:08:22 t_record.py:383 No policy or teleoperator provided, skipping action generation.This is likely to happen when resetting the environment without a teleop device.The robot won't be at its rest position at the start of the next episode.
INFO 2026-05-11 15:08:22 t_record.py:383 No policy or teleoperator provided, skipping action generation.This is likely to happen when resetting the environment without a teleop device.The robot won't be at its rest position at the start of the next episode.
INFO 2026-05-11 15:08:22 t_record.py:383 No policy or teleoperator provided, skipping action generation.This is likely to happen when resetting the environment without a teleop device.The robot won't be at its rest position at the start of the next episode.
INFO 2026-05-11 15:08:22 t_record.py:383 No policy or teleoperator provided, skipping action generation.This is likely to happen when resetting the environment without a teleop device.The robot won't be at its rest position at the start of the next episode.
INFO 2026-05-11 15:08:22 t_record.py:383 No policy or teleoperator provided, skipping action generation.This is likely to happen when resetting the environment without a teleop device.The robot won't be at its rest position at the start of the next episode.
INFO 2026-05-11 15:08:22 t_record.py:383 No policy or teleoperator provided, skipping action generation.This is likely to happen when resetting the environment without a teleop device.The robot won't be at its rest position at the start of the next episode.
INFO 2026-05-11 15:08:22 t_record.py:383 No policy or teleoperator provided, skipping action generation.This is likely to happen when resetting the environment without a teleop device.The robot won't be at its rest position at the start of the next episode.
INFO 2026-05-11 15:08:22 t_record.py:383 No policy or teleoperator provided, skipping action generation.This is likely to happen when resetting the environment without a teleop device.The robot won't be at its rest position at the start of the next episode.
INFO 2026-05-11 15:08:22 t_record.py:383 No policy or teleoperator provided, skipping action generation.This is likely to happen when resetting the environment without a teleop device.The robot won't be at its rest position at the start of the next episode.
INFO 2026-05-11 15:08:22 t_record.py:383 No policy or teleoperator provided, skipping action generation.This is likely to happen when resetting the environment without a teleop device.The robot won't be at its rest position at the start of the next episode.
INFO 2026-05-11 15:08:22 t_record.py:383 No policy or teleoperator provided, skipping action generation.This is likely to happen when resetting the environment without a teleop device.The robot won't be at its rest position at the start of the next episode.
INFO 2026-05-11 15:08:22 t_record.py:383 No policy or teleoperator provided, skipping action generation.This is likely to happen when resetting the environment without a teleop device.The robot won't be at its rest position at the start of the next episode.
INFO 2026-05-11 15:08:22 t_record.py:383 No policy or teleoperator provided, skipping action generation.This is likely to happen when resetting the environment without a teleop device.The robot won't be at its rest position at the start of the next episode.
INFO 2026-05-11 15:08:22 t_record.py:383 No policy or teleoperator provided, skipping action generation.This is likely to happen when resetting the environment without a teleop device.The robot won't be at its rest position at the start of the next episode.
INFO 2026-05-11 15:08:22 t_record.py:383 No policy or teleoperator provided, skipping action generation.This is likely to happen when resetting the environment without a teleop device.The robot won't be at its rest position at the start of the next episode.
INFO 2026-05-11 15:08:22 t_record.py:383 No policy or teleoperator provided, skipping action generation.This is likely to happen when resetting the environment without a teleop device.The robot won't be at its rest position at the start of the next episode.
INFO 2026-05-11 15:08:22 t_record.py:383 No policy or teleoperator provided, skipping action generation.This is likely to happen when resetting the environment without a teleop device.The robot won't be at its rest position at the start of the next episode.
INFO 2026-05-11 15:08:22 t_record.py:383 No policy or teleoperator provided, skipping action generation.This is likely to happen when resetting the environment without a teleop device.The robot won't be at its rest position at the start of the next episode.
INFO 2026-05-11 15:08:22 t_record.py:383 No policy or teleoperator provided, skipping action generation.This is likely to happen when resetting the environment without a teleop device.The robot won't be at its rest position at the start of the next episode.
INFO 2026-05-11 15:08:22 t_record.py:383 No policy or teleoperator provided, skipping action generation.This is likely to happen when resetting the environment without a teleop device.The robot won't be at its rest position at the start of the next episode.
INFO 2026-05-11 15:08:22 t_record.py:383 No policy or teleoperator provided, skipping action generation.This is likely to happen when resetting the environment without a teleop device.The robot won't be at its rest position at the start of the next episode.
INFO 2026-05-11 15:08:22 t_record.py:383 No policy or teleoperator provided, skipping action generation.This is likely to happen when resetting the environment without a teleop device.The robot won't be at its rest position at the start of the next episode.
INFO 2026-05-11 15:08:22 t_record.py:383 No policy or teleoperator provided, skipping action generation.This is likely to happen when resetting the environment without a teleop device.The robot won't be at its rest position at the start of the next episode.
INFO 2026-05-11 15:08:22 t_record.py:383 No policy or teleoperator provided, skipping action generation.This is likely to happen when resetting the environment without a teleop device.The robot won't be at its rest position at the start of the next episode.
INFO 2026-05-11 15:08:22 t_record.py:383 No policy or teleoperator provided, skipping action generation.This is likely to happen when resetting the environment without a teleop device.The robot won't be at its rest position at the start of the next episode.
INFO 2026-05-11 15:08:22 t_record.py:383 No policy or teleoperator provided, skipping action generation.This is likely to happen when resetting the environment without a teleop device.The robot won't be at its rest position at the start of the next episode.
INFO 2026-05-11 15:08:22 t_record.py:383 No policy or teleoperator provided, skipping action generation.This is likely to happen when resetting the environment without a teleop device.The robot won't be at its rest position at the start of the next episode.
INFO 2026-05-11 15:08:22 t_record.py:383 No policy or teleoperator provided, skipping action generation.This is likely to happen when resetting the environment without a teleop device.The robot won't be at its rest position at the start of the next episode.
INFO 2026-05-11 15:08:22 t_record.py:383 No policy or teleoperator provided, skipping action generation.This is likely to happen when resetting the environment without a teleop device.The robot won't be at its rest position at the start of the next episode.
INFO 2026-05-11 15:08:22 t_record.py:383 No policy or teleoperator provided, skipping action generation.This is likely to happen when resetting the environment without a teleop device.The robot won't be at its rest position at the start of the next episode.
INFO 2026-05-11 15:08:22 t_record.py:383 No policy or teleoperator provided, skipping action generation.This is likely to happen when resetting the environment without a teleop device.The robot won't be at its rest position at the start of the next episode.
INFO 2026-05-11 15:08:22 t_record.py:383 No policy or teleoperator provided, skipping action generation.This is likely to happen when resetting the environment without a teleop device.The robot won't be at its rest position at the start of the next episode.
INFO 2026-05-11 15:08:22 t_record.py:383 No policy or teleoperator provided, skipping action generation.This is likely to happen when resetting the environment without a teleop device.The robot won't be at its rest position at the start of the next episode.
INFO 2026-05-11 15:08:22 t_record.py:383 No policy or teleoperator provided, skipping action generation.This is likely to happen when resetting the environment without a teleop device.The robot won't be at its rest position at the start of the next episode.
INFO 2026-05-11 15:08:22 t_record.py:383 No policy or teleoperator provided, skipping action generation.This is likely to happen when resetting the environment without a teleop device.The robot won't be at its rest position at the start of the next episode.
INFO 2026-05-11 15:08:22 t_record.py:383 No policy or teleoperator provided, skipping action generation.This is likely to happen when resetting the environment without a teleop device.The robot won't be at its rest position at the start of the next episode.
INFO 2026-05-11 15:08:22 t_record.py:383 No policy or teleoperator provided, skipping action generation.This is likely to happen when resetting the environment without a teleop device.The robot won't be at its rest position at the start of the next episode.
INFO 2026-05-11 15:08:22 t_record.py:383 No policy or teleoperator provided, skipping action generation.This is likely to happen when resetting the environment without a teleop device.The robot won't be at its rest position at the start of the next episode.
INFO 2026-05-11 15:08:22 t_record.py:383 No policy or teleoperator provided, skipping action generation.This is likely to happen when resetting the environment without a teleop device.The robot won't be at its rest position at the start of the next episode.
INFO 2026-05-11 15:08:22 t_record.py:383 No policy or teleoperator provided, skipping action generation.This is likely to happen when resetting the environment without a teleop device.The robot won't be at its rest position at the start of the next episode.
INFO 2026-05-11 15:08:22 t_record.py:383 No policy or teleoperator provided, skipping action generation.This is likely to happen when resetting the environment without a teleop device.The robot won't be at its rest position at the start of the next episode.
INFO 2026-05-11 15:08:22 t_record.py:383 No policy or teleoperator provided, skipping action generation.This is likely to happen when resetting the environment without a teleop device.The robot won't be at its rest position at the start of the next episode.
INFO 2026-05-11 15:08:22 t_record.py:383 No policy or teleoperator provided, skipping action generation.This is likely to happen when resetting the environment without a teleop device.The robot won't be at its rest position at the start of the next episode.
INFO 2026-05-11 15:08:22 t_record.py:383 No policy or teleoperator provided, skipping action generation.This is likely to happen when resetting the environment without a teleop device.The robot won't be at its rest position at the start of the next episode.
INFO 2026-05-11 15:08:22 t_record.py:383 No policy or teleoperator provided, skipping action generation.This is likely to happen when resetting the environment without a teleop device.The robot won't be at its rest position at the start of the next episode.
INFO 2026-05-11 15:08:22 t_record.py:383 No policy or teleoperator provided, skipping action generation.This is likely to happen when resetting the environment without a teleop device.The robot won't be at its rest position at the start of the next episode.
INFO 2026-05-11 15:08:22 t_record.py:383 No policy or teleoperator provided, skipping action generation.This is likely to happen when resetting the environment without a teleop device.The robot won't be at its rest position at the start of the next episode.
INFO 2026-05-11 15:08:22 t_record.py:383 No policy or teleoperator provided, skipping action generation.This is likely to happen when resetting the environment without a teleop device.The robot won't be at its rest position at the start of the next episode.
INFO 2026-05-11 15:08:22 t_record.py:383 No policy or teleoperator provided, skipping action generation.This is likely to happen when resetting the environment without a teleop device.The robot won't be at its rest position at the start of the next episode.
INFO 2026-05-11 15:08:22 t_record.py:383 No policy or teleoperator provided, skipping action generation.This is likely to happen when resetting the environment without a teleop device.The robot won't be at its rest position at the start of the next episode.
INFO 2026-05-11 15:08:22 t_record.py:383 No policy or teleoperator provided, skipping action generation.This is likely to happen when resetting the environment without a teleop device.The robot won't be at its rest position at the start of the next episode.
INFO 2026-05-11 15:08:22 t_record.py:383 No policy or teleoperator provided, skipping action generation.This is likely to happen when resetting the environment without a teleop device.The robot won't be at its rest position at the start of the next episode.
INFO 2026-05-11 15:08:22 t_record.py:383 No policy or teleoperator provided, skipping action generation.This is likely to happen when resetting the environment without a teleop device.The robot won't be at its rest position at the start of the next episode.
INFO 2026-05-11 15:08:22 t_record.py:383 No policy or teleoperator provided, skipping action generation.This is likely to happen when resetting the environment without a teleop device.The robot won't be at its rest position at the start of the next episode.
INFO 2026-05-11 15:08:22 t_record.py:383 No policy or teleoperator provided, skipping action generation.This is likely to happen when resetting the environment without a teleop device.The robot won't be at its rest position at the start of the next episode.
INFO 2026-05-11 15:08:22 t_record.py:383 No policy or teleoperator provided, skipping action generation.This is likely to happen when resetting the environment without a teleop device.The robot won't be at its rest position at the start of the next episode.
INFO 2026-05-11 15:08:22 t_record.py:383 No policy or teleoperator provided, skipping action generation.This is likely to happen when resetting the environment without a teleop device.The robot won't be at its rest position at the start of the next episode.
